id_pedido,data_venda,produto,quantidade,valor_unitario,desconto,regiao,vendedor,canal_venda,status
PED-03772,2022-08-10,MONITOR,406,2262.67,0.0,NORDESTE,DIEGO LIMA,ONLINE,CONCLUÍDO
PED-06673,2024-04-20,TECLADO,,,0.0,NORTE,ANA SILVA,ONLINE,EM ANÁLISE
PED-07262,2023-02-19,HD EXTERNO,,9558.06,0.08,SUL,ELENA SOUZA,LOJA FÍSICA,PENDENTE
PED-00761,2024-05-23,WEBCAM,261,3316.41,0.4,CENTRO-OESTE,CARLA MENDES,ONLINE,CANCELADO
PED-03780,2022-11-10,WEBCAM,166,,0.48200000000000004,NORTE,BRUNO COSTA,TELEVENDAS,CONCLUÍDO
PED-01773,2023-02-06,TABLET,,13983.52,0.35200000000000004,NORDESTE,CARLA MENDES,ONLINE,CONCLUÍDO
PED-02781,2022-08-13,IMPRESSORA,,9812.57,0.0,SUL,DIEGO LIMA,LOJA FÍSICA,PENDENTE
PED-02680,,HEADSET,,75.46,0.345,CENTRO-OESTE,ELENA SOUZA,LOJA FÍSICA,EM ANÁLISE
PED-02306,2022-03-01,HEADSET,237,13548.0,0.0,NORTE,ELENA SOUZA,LOJA FÍSICA,CONCLUÍDO
PED-09216,2023-05-03,TECLADO,204,12033.89,0.382,NORTE,DIEGO LIMA,REVENDEDOR,EM ANÁLISE
PED-03626,2023-03-13,HD EXTERNO,267,,0.0,SUDESTE,CARLA MENDES,LOJA FÍSICA,EM ANÁLISE
PED-04237,,NOTEBOOK,327,8251.55,0.298,NORDESTE,DIEGO LIMA,ONLINE,EM ANÁLISE
PED-09006,2022-04-24,MOUSE,176,8099.42,1.0,NORTE,DIEGO LIMA,LOJA FÍSICA,CONCLUÍDO
PED-05925,2024-09-27,MOUSE,,,0.0,NORTE,BRUNO COSTA,REVENDEDOR,CONCLUÍDO
PED-03094,2022-05-10,HEADSET,,3873.0,1.0,SUDESTE,DIEGO LIMA,ONLINE,CANCELADO
PED-07591,,TABLET,343,604.67,0.171,SUL,ELENA SOUZA,ONLINE,PENDENTE
PED-04737,2024-08-17,HD EXTERNO,,3726.85,0.498,CENTRO-OESTE,BRUNO COSTA,TELEVENDAS,CONCLUÍDO
PED-04367,2024-06-01,SMARTPHONE,,8364.1,0.0,CENTRO-OESTE,ELENA SOUZA,LOJA FÍSICA,PENDENTE
PED-95068,2023-01-26,HD EXTERNO,,,1.0,NORDESTE,BRUNO COSTA,TELEVENDAS,EM ANÁLISE
PED-04179,,HEADSET,146,,0.0,SUDESTE,BRUNO COSTA,ONLINE,CANCELADO
PED-01288,2024-12-11,MONITOR,484,7809.96,0.423,CENTRO-OESTE,CARLA MENDES,LOJA FÍSICA,CONCLUÍDO
PED-08344,,MONITOR,119,1205.16,0.43,CENTRO-OESTE,NAN,LOJA FÍSICA,CONCLUÍDO
PED-04624,2023-05-20,TABLET,,,0.45399999999999996,CENTRO-OESTE,ANA SILVA,ONLINE,EM ANÁLISE
PED-02067,2023-07-21,HEADSET,,2377.06,0.484,SUDESTE,DIEGO LIMA,LOJA FÍSICA,EM ANÁLISE
PED-09100,2022-10-24,NOTEBOOK,158,,0.335,SUL,ELENA SOUZA,TELEVENDAS,CONCLUÍDO
PED-05951,2023-04-09,IMPRESSORA,499,,0.22,SUL,DIEGO LIMA,TELEVENDAS,PENDENTE
PED-01548,2023-08-16,HEADSET,999999,,0.0,SUL,DIEGO LIMA,ONLINE,CANCELADO
PED-07600,2022-03-12,NOTEBOOK,,8616.0,0.004,NORTE,ANA SILVA,TELEVENDAS,EM ANÁLISE
PED-00314,2022-01-14,HD EXTERNO,187,8532.0,0.411,NORTE,DIEGO LIMA,LOJA FÍSICA,CANCELADO
PED-08322,2023-06-18,WEBCAM,,,0.0,CENTRO-OESTE,ANA SILVA,ONLINE,CONCLUÍDO
PED-96060,2022-10-05,WEBCAM,27,,0.0,SUL,CARLA MENDES,REVENDEDOR,CONCLUÍDO
PED-05944,2024-06-19,SMARTPHONE,,13578.45,0.189,SUL,CARLA MENDES,TELEVENDAS,CONCLUÍDO
PED-03163,2022-10-10,IMPRESSORA,999999,275.0,0.0,NORTE,ELENA SOUZA,ONLINE,CANCELADO
PED-02011,,NOTEBOOK,,,0.0,SUL,BRUNO COSTA,ONLINE,CONCLUÍDO
PED-07297,2022-01-05,HD EXTERNO,,,1.0,SUDESTE,DIEGO LIMA,ONLINE,CANCELADO
PED-04164,2023-06-25,HEADSET,206,13531.14,0.466,CENTRO-OESTE,ANA SILVA,LOJA FÍSICA,PENDENTE
PED-08427,2023-04-14,WEBCAM,,,0.0,SUDESTE,ANA SILVA,TELEVENDAS,CANCELADO
PED-04081,2023-11-24,TABLET,276,1359.41,0.0,SUL,DIEGO LIMA,ONLINE,CANCELADO
PED-04027,2024-07-06,MOUSE,277,,0.207,SUDESTE,DIEGO LIMA,ONLINE,PENDENTE
PED-02346,2024-05-22,TECLADO,,,0.0,NORTE,DIEGO LIMA,TELEVENDAS,PENDENTE
PED-00325,2022-07-13,TECLADO,,13499.1,1.0,SUL,CARLA MENDES,TELEVENDAS,CANCELADO
PED-02734,2023-11-09,IMPRESSORA,,6258.43,0.193,CENTRO-OESTE,ELENA SOUZA,TELEVENDAS,CANCELADO
PED-00705,,HD EXTERNO,77,5498.54,1.0,CENTRO-OESTE,ANA SILVA,ONLINE,CONCLUÍDO
PED-64441,2023-02-07,NOTEBOOK,,13835.51,0.0,SUDESTE,DIEGO LIMA,ONLINE,EM ANÁLISE
PED-07876,,TECLADO,167,9050.25,0.421,SUL,CARLA MENDES,ONLINE,EM ANÁLISE
PED-01652,2022-01-09,MOUSE,204,6101.68,0.0,CENTRO-OESTE,CARLA MENDES,LOJA FÍSICA,CONCLUÍDO
PED-00586,2024-04-23,MOUSE,419,6809.05,0.382,NORTE,DIEGO LIMA,LOJA FÍSICA,CONCLUÍDO
PED-04626,2022-11-03,SMARTPHONE,217,5133.78,0.337,SUL,ANA SILVA,TELEVENDAS,CANCELADO
PED-03940,2022-02-27,HD EXTERNO,390,7328.95,0.369,SUL,ANA SILVA,REVENDEDOR,PENDENTE
PED-01604,2022-06-24,IMPRESSORA,143,2072.61,0.0,SUDESTE,ELENA SOUZA,LOJA FÍSICA,CONCLUÍDO
PED-05582,2024-11-04,TECLADO,,,0.39,SUL,BRUNO COSTA,TELEVENDAS,CANCELADO
PED-05460,,TABLET,,,0.094,SUDESTE,BRUNO COSTA,LOJA FÍSICA,CANCELADO
PED-04166,,MOUSE,,,0.196,SUL,BRUNO COSTA,LOJA FÍSICA,CONCLUÍDO
PED-07797,2023-01-05,WEBCAM,,7701.2,0.0,NORTE,ANA SILVA,ONLINE,CONCLUÍDO
PED-05113,2024-02-17,TECLADO,,2228.76,1.0,NORTE,BRUNO COSTA,TELEVENDAS,PENDENTE
PED-06701,2023-09-18,MOUSE,399,,0.0,NORTE,ANA SILVA,ONLINE,CONCLUÍDO
PED-04532,2023-05-10,MOUSE,442,,1.0,SUL,ELENA SOUZA,LOJA FÍSICA,CONCLUÍDO
PED-09224,,MOUSE,,3396.27,0.0,NORTE,DIEGO LIMA,ONLINE,PENDENTE
PED-01242,,TECLADO,,,0.258,CENTRO-OESTE,BRUNO COSTA,LOJA FÍSICA,CONCLUÍDO
PED-05251,,MONITOR,999999,,0.0,SUDESTE,ANA SILVA,ONLINE,PENDENTE
PED-06180,2022-06-17,NOTEBOOK,276,,0.079,SUDESTE,CARLA MENDES,REVENDEDOR,PENDENTE
PED-00148,,SMARTPHONE,,3118.45,0.41700000000000004,NORTE,ELENA SOUZA,ONLINE,PENDENTE
PED-02264,2023-07-24,WEBCAM,104,14974.8,0.0,NORTE,ELENA SOUZA,LOJA FÍSICA,CANCELADO
PED-05452,,TECLADO,411,,0.381,CENTRO-OESTE,BRUNO COSTA,REVENDEDOR,CONCLUÍDO
PED-05347,2024-03-07,NOTEBOOK,,,0.0,NORDESTE,ELENA SOUZA,TELEVENDAS,CANCELADO
PED-04260,2024-03-04,SMARTPHONE,46,6616.23,0.267,CENTRO-OESTE,CARLA MENDES,REVENDEDOR,PENDENTE
PED-05361,2022-12-14,MONITOR,298,,0.5,NORTE,ELENA SOUZA,LOJA FÍSICA,CONCLUÍDO
PED-01722,2022-02-07,TABLET,334,13345.99,0.0,NORTE,DIEGO LIMA,ONLINE,PENDENTE
PED-03230,2022-05-23,HD EXTERNO,999999,,0.0,SUL,ELENA SOUZA,ONLINE,CONCLUÍDO
PED-08479,2022-05-06,IMPRESSORA,,14060.36,0.0,NORDESTE,CARLA MENDES,ONLINE,CONCLUÍDO
PED-08263,2023-07-09,HEADSET,,8354.05,0.147,NORDESTE,ELENA SOUZA,TELEVENDAS,PENDENTE
PED-03463,,MOUSE,352,,1.0,SUL,CARLA MENDES,REVENDEDOR,CONCLUÍDO
PED-09137,2024-12-28,IMPRESSORA,257,,0.02,SUL,CARLA MENDES,LOJA FÍSICA,CONCLUÍDO
PED-01996,2022-08-28,TECLADO,,,1.0,NORTE,ANA SILVA,LOJA FÍSICA,EM ANÁLISE
PED-03287,,IMPRESSORA,90,8668.79,0.212,SUL,DIEGO LIMA,ONLINE,PENDENTE
PED-03464,2024-10-20,SMARTPHONE,5,,0.0,SUL,DIEGO LIMA,REVENDEDOR,CONCLUÍDO
PED-49994,,MONITOR,,12397.86,0.44,NORDESTE,BRUNO COSTA,ONLINE,EM ANÁLISE
PED-07618,,TABLET,,,0.0,NORTE,BRUNO COSTA,ONLINE,EM ANÁLISE
PED-07676,,TABLET,107,7272.81,0.155,SUDESTE,CARLA MENDES,REVENDEDOR,CONCLUÍDO
PED-06029,,NOTEBOOK,,14362.7,0.35,SUL,BRUNO COSTA,LOJA FÍSICA,CANCELADO
PED-07191,2023-07-01,TABLET,230,9615.0,0.0,SUL,ANA SILVA,ONLINE,PENDENTE
PED-08590,2024-01-02,MONITOR,394,,0.196,NORDESTE,ELENA SOUZA,LOJA FÍSICA,PENDENTE
PED-05137,2023-04-24,NOTEBOOK,,11106.38,0.0,CENTRO-OESTE,CARLA MENDES,LOJA FÍSICA,CONCLUÍDO
PED-04959,,WEBCAM,11,13874.53,0.062,SUDESTE,ANA SILVA,LOJA FÍSICA,PENDENTE
PED-07094,2023-04-28,TABLET,999999,,0.384,SUDESTE,BRUNO COSTA,REVENDEDOR,CONCLUÍDO
PED-03036,2022-06-21,MOUSE,275,2318.61,0.0,SUDESTE,DIEGO LIMA,REVENDEDOR,CONCLUÍDO
PED-06294,2023-03-09,HD EXTERNO,1,9385.43,0.0,CENTRO-OESTE,BRUNO COSTA,ONLINE,CANCELADO
PED-06489,2024-04-18,IMPRESSORA,11,3512.0,1.0,NORTE,ANA SILVA,TELEVENDAS,PENDENTE
PED-01186,2023-09-23,NOTEBOOK,459,4668.0,0.0,SUDESTE,CARLA MENDES,LOJA FÍSICA,CANCELADO
PED-00517,2023-10-06,MONITOR,,,0.0,SUL,DIEGO LIMA,REVENDEDOR,PENDENTE
PED-04750,,WEBCAM,,,0.10800000000000001,SUL,CARLA MENDES,TELEVENDAS,PENDENTE
PED-01063,,HEADSET,435,13989.0,0.0,CENTRO-OESTE,ELENA SOUZA,TELEVENDAS,CONCLUÍDO
PED-02920,,IMPRESSORA,,,0.259,NORTE,ELENA SOUZA,REVENDEDOR,EM ANÁLISE
PED-65628,,MONITOR,,8514.72,0.23,NORTE,ANA SILVA,REVENDEDOR,PENDENTE
PED-08488,,MONITOR,,7543.51,0.0,SUL,ANA SILVA,LOJA FÍSICA,CONCLUÍDO
PED-08311,,NOTEBOOK,,5717.15,0.0,NORTE,CARLA MENDES,REVENDEDOR,CONCLUÍDO
PED-03003,,NOTEBOOK,408,,0.272,NORTE,DIEGO LIMA,TELEVENDAS,EM ANÁLISE
PED-05003,,TECLADO,158,,0.0,SUL,ELENA SOUZA,LOJA FÍSICA,PENDENTE
PED-03206,,NOTEBOOK,320,,0.0,SUL,DIEGO LIMA,ONLINE,CONCLUÍDO
PED-05881,,TECLADO,298,,0.34700000000000003,NORTE,CARLA MENDES,ONLINE,CANCELADO
PED-07143,2023-01-02,IMPRESSORA,201,974.73,0.0,SUL,CARLA MENDES,LOJA FÍSICA,EM ANÁLISE
PED-05858,,TABLET,,2935.88,0.488,NORTE,ANA SILVA,REVENDEDOR,EM ANÁLISE
PED-06402,2022-04-08,TABLET,,,0.13,SUL,ANA SILVA,REVENDEDOR,EM ANÁLISE
PED-04173,,HD EXTERNO,,,0.0,SUL,ANA SILVA,ONLINE,CONCLUÍDO
PED-02060,2024-12-08,MOUSE,177,7925.36,0.133,NORTE,CARLA MENDES,LOJA FÍSICA,CONCLUÍDO
PED-05617,2022-08-24,TABLET,999999,,0.0,NORTE,BRUNO COSTA,LOJA FÍSICA,CONCLUÍDO
PED-06297,,TABLET,,,1.0,SUDESTE,DIEGO LIMA,LOJA FÍSICA,EM ANÁLISE
PED-08169,2023-12-25,HEADSET,391,,0.445,CENTRO-OESTE,BRUNO COSTA,TELEVENDAS,CONCLUÍDO
PED-06603,,TABLET,479,12532.16,0.321,NORDESTE,ANA SILVA,LOJA FÍSICA,CONCLUÍDO
PED-05070,,HEADSET,,9030.93,0.11599999999999999,NORDESTE,ANA SILVA,ONLINE,CONCLUÍDO
PED-07617,2024-12-12,TECLADO,32,9414.94,0.478,SUL,CARLA MENDES,ONLINE,CONCLUÍDO
PED-00144,,NOTEBOOK,44,,0.341,SUDESTE,ANA SILVA,ONLINE,CANCELADO
PED-09710,2024-02-28,TECLADO,999999,,0.0,SUDESTE,ANA SILVA,LOJA FÍSICA,CONCLUÍDO
PED-04344,2022-02-20,TECLADO,,471.34,0.481,NORTE,ANA SILVA,REVENDEDOR,PENDENTE
PED-00710,,HEADSET,,11399.33,0.39799999999999996,SUDESTE,BRUNO COSTA,REVENDEDOR,CANCELADO
PED-00478,2022-08-17,IMPRESSORA,490,,0.0,CENTRO-OESTE,ANA SILVA,LOJA FÍSICA,PENDENTE
PED-06081,,MONITOR,189,,0.091,SUDESTE,DIEGO LIMA,ONLINE,CONCLUÍDO
PED-02967,,IMPRESSORA,,,0.0,SUDESTE,ELENA SOUZA,ONLINE,CONCLUÍDO
PED-05472,,TABLET,300,,0.48,SUL,CARLA MENDES,TELEVENDAS,CONCLUÍDO
PED-03016,2022-12-22,WEBCAM,,808.08,0.0,SUL,DIEGO LIMA,TELEVENDAS,EM ANÁLISE
PED-06743,,IMPRESSORA,,,0.172,SUL,CARLA MENDES,REVENDEDOR,EM ANÁLISE
PED-06232,,TABLET,999999,7135.78,0.053,NORTE,DIEGO LIMA,TELEVENDAS,EM ANÁLISE
PED-07458,2024-07-25,NOTEBOOK,203,14422.5,0.032,NORDESTE,ELENA SOUZA,TELEVENDAS,EM ANÁLISE
PED-08859,2024-06-19,SMARTPHONE,202,2042.01,0.0,NORTE,ELENA SOUZA,REVENDEDOR,CONCLUÍDO
PED-03328,2022-06-15,SMARTPHONE,193,1748.94,0.0,SUL,ELENA SOUZA,REVENDEDOR,PENDENTE
PED-87252,2023-10-17,MONITOR,148,,0.134,NORDESTE,CARLA MENDES,ONLINE,CANCELADO
PED-00641,2024-03-11,HEADSET,311,11608.0,0.225,NORTE,CARLA MENDES,ONLINE,PENDENTE
PED-01162,,MONITOR,403,6092.46,0.132,SUL,CARLA MENDES,REVENDEDOR,PENDENTE
PED-06379,,IMPRESSORA,,,0.0,NORTE,CARLA MENDES,LOJA FÍSICA,CANCELADO
PED-06246,2024-05-05,HEADSET,13,,0.0,NORTE,DIEGO LIMA,ONLINE,EM ANÁLISE
PED-08494,2024-01-15,NOTEBOOK,,,0.086,NORTE,ANA SILVA,LOJA FÍSICA,CONCLUÍDO
PED-00960,2024-08-05,TABLET,25,7008.0,0.0,NORTE,ANA SILVA,LOJA FÍSICA,PENDENTE
PED-09438,2023-07-19,TABLET,,3396.48,0.0,SUDESTE,ELENA SOUZA,LOJA FÍSICA,CANCELADO
PED-04448,2022-08-19,TECLADO,,5799.0,0.26,SUL,ANA SILVA,TELEVENDAS,PENDENTE
PED-12099,,MONITOR,23,,0.0,SUL,ANA SILVA,LOJA FÍSICA,PENDENTE
PED-00282,2022-09-26,SMARTPHONE,,7986.73,0.477,SUL,BRUNO COSTA,LOJA FÍSICA,PENDENTE
PED-06945,,SMARTPHONE,387,3657.79,0.172,SUDESTE,CARLA MENDES,TELEVENDAS,CONCLUÍDO
PED-09319,2023-09-12,HD EXTERNO,,11049.6,0.0,SUDESTE,NAN,LOJA FÍSICA,CONCLUÍDO
PED-04424,2024-05-13,HD EXTERNO,,,0.38700000000000007,CENTRO-OESTE,ANA SILVA,REVENDEDOR,CONCLUÍDO
PED-04257,2022-09-07,IMPRESSORA,114,,0.34700000000000003,CENTRO-OESTE,BRUNO COSTA,REVENDEDOR,EM ANÁLISE
PED-01244,,TABLET,,145.93,0.0,NORTE,ANA SILVA,TELEVENDAS,PENDENTE
PED-03536,,HD EXTERNO,,10330.0,0.0,NORDESTE,CARLA MENDES,TELEVENDAS,CANCELADO
PED-03423,2024-11-11,TABLET,,,0.0,SUL,CARLA MENDES,LOJA FÍSICA,CANCELADO
PED-04910,,MONITOR,,14653.22,0.0,NORDESTE,ANA SILVA,TELEVENDAS,EM ANÁLISE
PED-09248,2024-02-13,IMPRESSORA,,,0.086,NORTE,ELENA SOUZA,TELEVENDAS,PENDENTE
PED-06657,2024-09-01,TECLADO,281,7780.16,0.0,SUDESTE,BRUNO COSTA,TELEVENDAS,CANCELADO
PED-04026,2023-06-01,TABLET,439,10045.87,0.315,NORTE,BRUNO COSTA,ONLINE,CANCELADO
PED-06290,,SMARTPHONE,49,,0.14,CENTRO-OESTE,ANA SILVA,ONLINE,CONCLUÍDO
PED-07897,2023-01-11,MOUSE,492,5213.58,1.0,CENTRO-OESTE,BRUNO COSTA,ONLINE,PENDENTE
PED-04444,,TECLADO,114,1309.71,0.22,NORTE,BRUNO COSTA,REVENDEDOR,PENDENTE
PED-03860,,HEADSET,,13293.0,1.0,SUDESTE,CARLA MENDES,REVENDEDOR,CONCLUÍDO
PED-04934,2023-05-18,TABLET,,,1.0,SUDESTE,ANA SILVA,TELEVENDAS,CONCLUÍDO
PED-05035,,IMPRESSORA,116,6748.27,0.0,SUL,ELENA SOUZA,TELEVENDAS,CANCELADO
PED-02746,2022-05-18,HD EXTERNO,,,0.49200000000000005,CENTRO-OESTE,CARLA MENDES,ONLINE,EM ANÁLISE
PED-00362,2023-09-04,IMPRESSORA,194,3830.73,0.0,CENTRO-OESTE,DIEGO LIMA,ONLINE,PENDENTE
PED-09530,2022-09-18,IMPRESSORA,999999,,0.206,NORDESTE,CARLA MENDES,ONLINE,EM ANÁLISE
PED-07872,2024-04-28,SMARTPHONE,251,5866.4,0.0,SUDESTE,ELENA SOUZA,TELEVENDAS,CANCELADO
PED-07295,,MONITOR,,,0.004,SUL,DIEGO LIMA,TELEVENDAS,CONCLUÍDO
PED-09475,2024-04-20,HD EXTERNO,999999,4482.47,0.11,NORTE,ELENA SOUZA,ONLINE,PENDENTE
PED-07006,2024-09-08,WEBCAM,,,0.275,NORDESTE,BRUNO COSTA,ONLINE,PENDENTE
PED-09805,2024-06-14,TECLADO,,,0.0,SUDESTE,ELENA SOUZA,REVENDEDOR,EM ANÁLISE
PED-05445,2022-03-15,NOTEBOOK,179,11373.95,0.34700000000000003,NORTE,DIEGO LIMA,LOJA FÍSICA,CONCLUÍDO
PED-01972,2022-01-01,IMPRESSORA,153,,0.075,NORTE,ELENA SOUZA,REVENDEDOR,PENDENTE
PED-00083,,HEADSET,195,3892.81,0.0,SUL,BRUNO COSTA,TELEVENDAS,PENDENTE
PED-09155,2024-07-04,IMPRESSORA,288,,0.239,SUDESTE,ANA SILVA,ONLINE,CONCLUÍDO
PED-00573,2024-06-21,TECLADO,,,1.0,SUDESTE,ELENA SOUZA,ONLINE,CANCELADO
PED-04909,2022-06-13,HD EXTERNO,,,0.235,NORTE,ELENA SOUZA,LOJA FÍSICA,CANCELADO
PED-03915,2022-09-09,HD EXTERNO,,8312.06,0.242,SUDESTE,CARLA MENDES,ONLINE,EM ANÁLISE
PED-06191,2022-08-18,NAN,,,0.0,SUDESTE,ANA SILVA,REVENDEDOR,CONCLUÍDO
PED-07036,2023-08-19,MONITOR,96,,0.0,SUL,BRUNO COSTA,LOJA FÍSICA,EM ANÁLISE
PED-08077,2024-08-24,TECLADO,313,2217.57,0.38,SUL,CARLA MENDES,LOJA FÍSICA,CONCLUÍDO
PED-07961,,MONITOR,,4442.1,0.42100000000000004,CENTRO-OESTE,ANA SILVA,ONLINE,PENDENTE
PED-09473,2022-07-21,HEADSET,447,4306.29,1.0,CENTRO-OESTE,DIEGO LIMA,REVENDEDOR,EM ANÁLISE
PED-03935,2022-02-21,MONITOR,,1828.46,0.0,CENTRO-OESTE,ANA SILVA,LOJA FÍSICA,CONCLUÍDO
PED-00384,2023-06-23,MOUSE,,,0.0,NORTE,CARLA MENDES,ONLINE,CANCELADO
PED-04180,2022-04-09,TECLADO,,12709.25,0.138,SUL,ANA SILVA,LOJA FÍSICA,CONCLUÍDO
PED-07592,2023-05-05,MOUSE,17,3591.44,0.382,NORDESTE,ELENA SOUZA,LOJA FÍSICA,PENDENTE
PED-02465,,IMPRESSORA,,8001.69,0.0,CENTRO-OESTE,BRUNO COSTA,TELEVENDAS,CONCLUÍDO
PED-09000,,IMPRESSORA,149,,0.14,NORDESTE,ELENA SOUZA,LOJA FÍSICA,CONCLUÍDO
PED-07784,2024-07-27,TECLADO,999999,,0.33299999999999996,SUL,ELENA SOUZA,LOJA FÍSICA,PENDENTE
PED-03207,,MOUSE,,750.9,0.0,NORTE,DIEGO LIMA,LOJA FÍSICA,PENDENTE
PED-03453,2022-03-04,TECLADO,,6811.81,0.044000000000000004,SUL,DIEGO LIMA,ONLINE,CONCLUÍDO
PED-00419,,MONITOR,,,0.473,SUL,ANA SILVA,LOJA FÍSICA,CANCELADO
PED-02072,,MOUSE,,,0.0,SUDESTE,ANA SILVA,TELEVENDAS,PENDENTE
PED-04038,2022-03-28,HD EXTERNO,9,9947.19,0.495,NORTE,ELENA SOUZA,LOJA FÍSICA,EM ANÁLISE
PED-04146,2022-10-01,TECLADO,73,,0.0,SUL,BRUNO COSTA,LOJA FÍSICA,CANCELADO
PED-04631,2022-04-21,MONITOR,,,0.441,NORTE,DIEGO LIMA,LOJA FÍSICA,CANCELADO
PED-07166,,IMPRESSORA,344,14603.98,0.0,CENTRO-OESTE,DIEGO LIMA,LOJA FÍSICA,EM ANÁLISE
PED-09962,2023-08-13,MOUSE,291,833.0,1.0,SUL,ELENA SOUZA,LOJA FÍSICA,PENDENTE
PED-05124,2024-05-22,HEADSET,42,4941.64,0.373,SUL,DIEGO LIMA,REVENDEDOR,EM ANÁLISE
PED-00575,2023-10-08,HEADSET,,14074.97,0.0,SUL,ANA SILVA,LOJA FÍSICA,PENDENTE
PED-08121,2023-06-06,TABLET,304,9540.47,0.0,CENTRO-OESTE,ELENA SOUZA,TELEVENDAS,EM ANÁLISE
PED-30774,2022-09-08,IMPRESSORA,,5293.09,0.0,NORTE,ELENA SOUZA,ONLINE,EM ANÁLISE
PED-06672,2022-08-27,NOTEBOOK,,,0.0,CENTRO-OESTE,ANA SILVA,LOJA FÍSICA,PENDENTE
PED-04072,2022-05-11,WEBCAM,,13634.76,0.0,CENTRO-OESTE,CARLA MENDES,LOJA FÍSICA,EM ANÁLISE
PED-08738,2022-02-06,IMPRESSORA,,12986.18,0.0,NORTE,ANA SILVA,ONLINE,EM ANÁLISE
PED-01535,2022-01-24,TECLADO,122,12809.84,0.0,NORDESTE,ANA SILVA,LOJA FÍSICA,CANCELADO
PED-03318,2023-03-22,HEADSET,43,8742.3,0.42200000000000004,NORDESTE,ELENA SOUZA,TELEVENDAS,EM ANÁLISE
PED-76343,,MONITOR,,12403.88,0.0,SUL,DIEGO LIMA,ONLINE,PENDENTE
PED-08229,,TECLADO,187,6263.06,0.032,NORDESTE,BRUNO COSTA,LOJA FÍSICA,PENDENTE
PED-27666,2023-03-14,NOTEBOOK,292,10906.61,0.222,NORDESTE,BRUNO COSTA,ONLINE,EM ANÁLISE
PED-07242,2024-11-18,MONITOR,250,,0.0,SUL,BRUNO COSTA,LOJA FÍSICA,PENDENTE
PED-79035,2024-06-18,SMARTPHONE,173,12844.43,0.429,SUDESTE,BRUNO COSTA,ONLINE,CONCLUÍDO
PED-05115,,MOUSE,,9417.0,0.083,SUDESTE,ELENA SOUZA,REVENDEDOR,CONCLUÍDO
PED-04239,2023-03-06,IMPRESSORA,441,,0.126,NORDESTE,DIEGO LIMA,ONLINE,CANCELADO
PED-01891,2024-05-06,SMARTPHONE,497,11812.68,0.0,SUDESTE,CARLA MENDES,ONLINE,CONCLUÍDO
PED-04109,2022-12-28,WEBCAM,,10924.0,0.0,NORDESTE,DIEGO LIMA,LOJA FÍSICA,EM ANÁLISE
PED-08666,,WEBCAM,,,0.35700000000000004,SUDESTE,CARLA MENDES,TELEVENDAS,CONCLUÍDO
PED-05834,2023-08-12,WEBCAM,291,1559.84,0.0,SUL,ELENA SOUZA,LOJA FÍSICA,PENDENTE
PED-04751,2022-08-03,NOTEBOOK,,13715.82,0.20199999999999999,CENTRO-OESTE,BRUNO COSTA,TELEVENDAS,PENDENTE
PED-05866,2023-01-17,NOTEBOOK,76,,0.0,SUL,ANA SILVA,TELEVENDAS,CONCLUÍDO
PED-07621,2023-05-20,HEADSET,477,13177.1,0.192,NORDESTE,ELENA SOUZA,ONLINE,CONCLUÍDO
PED-01395,,HEADSET,3,,0.0,NORTE,BRUNO COSTA,LOJA FÍSICA,CANCELADO
PED-09724,2023-08-08,WEBCAM,,2530.48,0.0,NORTE,CARLA MENDES,ONLINE,PENDENTE
PED-03286,2024-04-12,MOUSE,390,11736.9,0.10099999999999999,CENTRO-OESTE,CARLA MENDES,TELEVENDAS,CANCELADO
PED-02402,,MOUSE,,10287.22,0.0,NORTE,ELENA SOUZA,REVENDEDOR,PENDENTE
PED-07925,2024-12-28,MONITOR,,12398.55,0.0,CENTRO-OESTE,BRUNO COSTA,ONLINE,EM ANÁLISE
PED-03529,2022-08-04,NOTEBOOK,,,0.38,SUL,ELENA SOUZA,TELEVENDAS,PENDENTE
PED-07099,2024-05-23,HD EXTERNO,232,9028.95,0.266,SUL,ANA SILVA,LOJA FÍSICA,EM ANÁLISE
PED-01431,2023-04-09,NOTEBOOK,999999,,0.252,SUL,BRUNO COSTA,LOJA FÍSICA,PENDENTE
PED-91529,2024-04-02,HEADSET,,6070.12,0.226,NORTE,DIEGO LIMA,ONLINE,CANCELADO
PED-07065,,NOTEBOOK,220,1243.36,0.22,NORTE,ELENA SOUZA,TELEVENDAS,EM ANÁLISE
PED-07226,2022-07-04,TABLET,435,4414.01,0.27,SUL,ELENA SOUZA,TELEVENDAS,PENDENTE
PED-08106,2024-04-14,HEADSET,483,,0.102,NORDESTE,DIEGO LIMA,TELEVENDAS,PENDENTE
PED-16109,2022-12-07,NOTEBOOK,35,1458.98,0.318,SUDESTE,DIEGO LIMA,TELEVENDAS,CANCELADO
PED-08246,2024-09-20,MONITOR,490,,0.0,NORTE,DIEGO LIMA,LOJA FÍSICA,EM ANÁLISE
PED-00956,,HEADSET,412,12101.12,0.18,NORTE,ANA SILVA,REVENDEDOR,EM ANÁLISE
PED-07545,,HD EXTERNO,18,4277.69,0.0,SUL,ANA SILVA,LOJA FÍSICA,CONCLUÍDO
PED-07225,2022-06-26,WEBCAM,,,0.0,CENTRO-OESTE,ELENA SOUZA,LOJA FÍSICA,CANCELADO
PED-08504,2023-09-16,TABLET,,,0.334,SUDESTE,ANA SILVA,REVENDEDOR,PENDENTE
PED-03400,,TECLADO,,8210.28,0.0,NORDESTE,ANA SILVA,TELEVENDAS,CANCELADO
PED-04539,2023-11-03,TABLET,74,,1.0,NORDESTE,ELENA SOUZA,LOJA FÍSICA,PENDENTE
PED-06607,,HD EXTERNO,21,,0.0,NORDESTE,ELENA SOUZA,LOJA FÍSICA,CONCLUÍDO
PED-06877,2024-05-14,TABLET,270,3785.86,1.0,SUDESTE,BRUNO COSTA,REVENDEDOR,CONCLUÍDO
PED-06091,2024-04-11,TABLET,,,0.0,SUL,ELENA SOUZA,TELEVENDAS,CONCLUÍDO
PED-06462,2023-02-09,WEBCAM,161,3885.79,0.3,NORTE,ANA SILVA,REVENDEDOR,CONCLUÍDO
PED-03342,2024-10-28,HEADSET,,,0.0,NORDESTE,BRUNO COSTA,REVENDEDOR,PENDENTE
PED-06712,,SMARTPHONE,,3122.96,0.0,SUDESTE,NAN,ONLINE,CONCLUÍDO
PED-47213,,IMPRESSORA,,,0.441,SUL,ANA SILVA,REVENDEDOR,PENDENTE
PED-00872,,TECLADO,482,,0.039,NORTE,BRUNO COSTA,ONLINE,EM ANÁLISE
PED-00005,2023-12-13,TABLET,,,0.09,SUL,BRUNO COSTA,ONLINE,CONCLUÍDO
PED-03306,2024-07-19,SMARTPHONE,417,2706.5,0.355,NORTE,ELENA SOUZA,TELEVENDAS,EM ANÁLISE
PED-01143,,IMPRESSORA,94,10945.71,0.0,SUL,ANA SILVA,LOJA FÍSICA,CANCELADO
PED-03361,2022-10-20,HEADSET,317,,0.431,SUDESTE,CARLA MENDES,REVENDEDOR,CANCELADO
PED-09680,,WEBCAM,488,,0.493,NORDESTE,ELENA SOUZA,REVENDEDOR,EM ANÁLISE
PED-07255,2023-06-02,HEADSET,,6597.8,0.0,NORTE,ELENA SOUZA,LOJA FÍSICA,CONCLUÍDO
PED-00008,2024-10-19,MOUSE,414,7192.4,0.2,NORDESTE,ELENA SOUZA,LOJA FÍSICA,CANCELADO
PED-08814,2024-01-04,NOTEBOOK,146,1060.0,0.239,CENTRO-OESTE,DIEGO LIMA,TELEVENDAS,CONCLUÍDO
PED-07927,2024-10-18,HD EXTERNO,,,0.0,SUL,ELENA SOUZA,TELEVENDAS,CONCLUÍDO
PED-06034,2023-04-19,MONITOR,46,,0.267,SUL,DIEGO LIMA,LOJA FÍSICA,EM ANÁLISE
PED-07919,2024-04-27,MOUSE,999999,872.54,0.0,NORTE,BRUNO COSTA,TELEVENDAS,EM ANÁLISE
PED-09312,2022-02-23,MONITOR,,1009.29,0.013999999999999999,NORTE,DIEGO LIMA,TELEVENDAS,CONCLUÍDO
PED-02972,,WEBCAM,,1282.17,0.386,SUDESTE,BRUNO COSTA,TELEVENDAS,CANCELADO
PED-04761,2023-05-06,IMPRESSORA,375,5689.91,0.34,SUL,NAN,LOJA FÍSICA,CONCLUÍDO
PED-06575,,TECLADO,318,1874.0,0.49,SUL,BRUNO COSTA,LOJA FÍSICA,CONCLUÍDO
PED-09333,2024-05-20,TECLADO,999999,13139.99,0.0,NORTE,BRUNO COSTA,ONLINE,PENDENTE
PED-01554,2024-08-19,SMARTPHONE,,,0.473,NORDESTE,CARLA MENDES,TELEVENDAS,PENDENTE
PED-04882,2023-03-18,TABLET,211,,0.5,NORTE,CARLA MENDES,LOJA FÍSICA,CANCELADO
PED-09109,2023-06-21,WEBCAM,999999,,0.0,SUDESTE,DIEGO LIMA,REVENDEDOR,PENDENTE
PED-09455,,TECLADO,,2834.5,0.031,SUDESTE,BRUNO COSTA,ONLINE,CANCELADO
PED-08070,2024-02-27,IMPRESSORA,999999,10259.0,0.45799999999999996,SUDESTE,DIEGO LIMA,TELEVENDAS,CANCELADO
PED-65265,2022-05-03,IMPRESSORA,195,,0.21600000000000003,SUL,ANA SILVA,REVENDEDOR,PENDENTE
PED-09278,,IMPRESSORA,,1950.0,0.0,NORTE,ELENA SOUZA,LOJA FÍSICA,PENDENTE
PED-07537,2024-09-20,NOTEBOOK,,3840.64,0.375,SUL,CARLA MENDES,LOJA FÍSICA,CANCELADO
PED-03737,,WEBCAM,73,,0.266,SUDESTE,CARLA MENDES,ONLINE,PENDENTE
PED-05408,,SMARTPHONE,,,0.0,CENTRO-OESTE,DIEGO LIMA,LOJA FÍSICA,PENDENTE
PED-04861,,MOUSE,,5022.69,0.0,NORTE,DIEGO LIMA,ONLINE,CONCLUÍDO
PED-00390,2024-09-10,HEADSET,494,,0.2,NORDESTE,CARLA MENDES,LOJA FÍSICA,PENDENTE
PED-02395,2023-02-26,HD EXTERNO,399,,0.31,SUL,DIEGO LIMA,REVENDEDOR,CANCELADO
PED-02519,2022-07-16,SMARTPHONE,374,,0.11,NORDESTE,ANA SILVA,ONLINE,CONCLUÍDO
PED-06586,2024-07-17,TECLADO,,,0.025,NORDESTE,CARLA MENDES,ONLINE,CONCLUÍDO
PED-01473,2022-03-24,MONITOR,,12339.03,0.0,SUDESTE,ANA SILVA,ONLINE,CONCLUÍDO
PED-01002,,WEBCAM,,14230.51,0.0,SUDESTE,CARLA MENDES,TELEVENDAS,CONCLUÍDO
PED-02735,,MONITOR,,3384.1,0.048,SUL,ELENA SOUZA,ONLINE,CONCLUÍDO
PED-09878,2024-02-25,IMPRESSORA,,11046.13,0.0,NORDESTE,BRUNO COSTA,LOJA FÍSICA,CANCELADO
PED-09002,,MONITOR,,,0.0,SUDESTE,BRUNO COSTA,LOJA FÍSICA,EM ANÁLISE
PED-00914,2024-02-09,IMPRESSORA,326,6619.93,0.4,SUL,DIEGO LIMA,REVENDEDOR,EM ANÁLISE
PED-05467,2024-01-27,HEADSET,28,,0.0,NORTE,CARLA MENDES,ONLINE,CANCELADO
PED-07385,2024-10-22,TABLET,,12305.89,0.33,CENTRO-OESTE,DIEGO LIMA,TELEVENDAS,PENDENTE
PED-02599,2024-03-27,MONITOR,12,13011.15,0.0,CENTRO-OESTE,ANA SILVA,REVENDEDOR,EM ANÁLISE
PED-07638,2023-08-19,MOUSE,,5343.46,0.0,NORDESTE,CARLA MENDES,LOJA FÍSICA,PENDENTE
PED-09151,,SMARTPHONE,101,1042.0,0.14,CENTRO-OESTE,ELENA SOUZA,LOJA FÍSICA,EM ANÁLISE
PED-07125,2023-07-19,HD EXTERNO,,1870.44,0.0,SUL,ELENA SOUZA,LOJA FÍSICA,CANCELADO
PED-01361,2022-06-03,HD EXTERNO,,,0.23,NORTE,DIEGO LIMA,ONLINE,CONCLUÍDO
PED-09469,2024-09-18,HD EXTERNO,201,8026.25,0.33,NORDESTE,DIEGO LIMA,TELEVENDAS,CANCELADO
PED-08196,2024-08-24,HEADSET,237,10191.35,0.0,NORTE,ANA SILVA,LOJA FÍSICA,EM ANÁLISE
PED-02782,2024-06-07,MONITOR,450,5632.3,0.047,NORTE,BRUNO COSTA,REVENDEDOR,CANCELADO
PED-02329,2024-01-07,HD EXTERNO,,13886.06,0.0,SUL,CARLA MENDES,LOJA FÍSICA,PENDENTE
PED-01673,2022-10-08,NOTEBOOK,,,0.0,CENTRO-OESTE,BRUNO COSTA,LOJA FÍSICA,CONCLUÍDO
PED-07305,,WEBCAM,,9302.65,0.27899999999999997,CENTRO-OESTE,BRUNO COSTA,TELEVENDAS,CONCLUÍDO
PED-00836,2022-10-16,MONITOR,432,,0.49,NORTE,BRUNO COSTA,ONLINE,PENDENTE
PED-09209,2022-11-28,NOTEBOOK,158,7114.34,1.0,SUDESTE,BRUNO COSTA,TELEVENDAS,PENDENTE
PED-04685,,MONITOR,286,246.31,0.047,NORTE,BRUNO COSTA,ONLINE,CANCELADO
PED-09476,,HEADSET,80,,0.0,NORTE,ANA SILVA,LOJA FÍSICA,CANCELADO
PED-01729,2023-09-26,HEADSET,,7865.58,0.317,NORTE,BRUNO COSTA,LOJA FÍSICA,CANCELADO
PED-06511,2024-12-04,HEADSET,391,4665.29,0.405,CENTRO-OESTE,CARLA MENDES,LOJA FÍSICA,CONCLUÍDO
PED-08800,2023-06-02,MONITOR,999999,12449.75,0.0,NORTE,DIEGO LIMA,ONLINE,CONCLUÍDO
PED-02679,,MONITOR,,10558.22,0.0,SUL,DIEGO LIMA,REVENDEDOR,PENDENTE
PED-09614,2022-07-03,WEBCAM,,13312.09,0.198,CENTRO-OESTE,ANA SILVA,REVENDEDOR,EM ANÁLISE
PED-01622,2024-09-16,MONITOR,447,,0.317,NORTE,DIEGO LIMA,REVENDEDOR,CANCELADO
PED-06220,,TECLADO,107,,1.0,SUL,CARLA MENDES,TELEVENDAS,EM ANÁLISE
PED-01916,2022-04-23,HD EXTERNO,272,10073.44,0.0,SUL,BRUNO COSTA,ONLINE,PENDENTE
PED-00344,,TABLET,234,,0.0,NORTE,BRUNO COSTA,TELEVENDAS,CONCLUÍDO
PED-00389,2024-04-07,TABLET,462,,0.361,SUL,ELENA SOUZA,ONLINE,CANCELADO
PED-04274,2022-10-02,MONITOR,349,,0.39,SUDESTE,BRUNO COSTA,LOJA FÍSICA,PENDENTE
PED-04879,2024-06-18,MONITOR,71,,0.37,NORTE,DIEGO LIMA,REVENDEDOR,CONCLUÍDO
PED-02304,2023-02-12,MONITOR,439,,0.05,SUDESTE,CARLA MENDES,ONLINE,EM ANÁLISE
PED-07884,2023-08-11,NOTEBOOK,37,,0.33799999999999997,NORTE,DIEGO LIMA,REVENDEDOR,CANCELADO
PED-00228,,NOTEBOOK,,,0.0,NORDESTE,DIEGO LIMA,ONLINE,EM ANÁLISE
PED-01253,,IMPRESSORA,,427.0,0.008,SUDESTE,CARLA MENDES,LOJA FÍSICA,CONCLUÍDO
PED-06486,2024-03-12,WEBCAM,,8592.11,0.0,NORTE,DIEGO LIMA,LOJA FÍSICA,CANCELADO
PED-08497,2022-02-13,WEBCAM,475,1616.53,0.0,SUL,DIEGO LIMA,LOJA FÍSICA,EM ANÁLISE
PED-07717,2022-07-22,TECLADO,486,,0.0,NORDESTE,DIEGO LIMA,LOJA FÍSICA,CONCLUÍDO
PED-05632,,NOTEBOOK,,,0.0,NORTE,CARLA MENDES,REVENDEDOR,EM ANÁLISE
PED-04621,2022-08-16,MOUSE,29,,0.0,NORTE,BRUNO COSTA,ONLINE,CANCELADO
PED-09672,2023-01-28,WEBCAM,,,0.012,SUL,DIEGO LIMA,ONLINE,PENDENTE
PED-00406,,TABLET,379,,0.017,SUL,CARLA MENDES,TELEVENDAS,EM ANÁLISE
PED-08112,2023-01-11,MOUSE,461,,0.2,CENTRO-OESTE,BRUNO COSTA,ONLINE,CONCLUÍDO
PED-03187,2023-03-17,TABLET,,,1.0,CENTRO-OESTE,BRUNO COSTA,LOJA FÍSICA,EM ANÁLISE
PED-04363,2023-09-05,TECLADO,356,,1.0,NORDESTE,CARLA MENDES,REVENDEDOR,PENDENTE
PED-02603,2024-11-14,MOUSE,32,,0.113,SUL,DIEGO LIMA,ONLINE,PENDENTE
PED-06497,,IMPRESSORA,,,0.13,SUL,CARLA MENDES,ONLINE,CANCELADO
PED-05880,2023-11-07,MOUSE,999999,,0.0,SUL,CARLA MENDES,ONLINE,CANCELADO
PED-04878,,NOTEBOOK,999999,3828.11,0.452,NORDESTE,DIEGO LIMA,TELEVENDAS,CONCLUÍDO
PED-04284,2023-12-01,MONITOR,462,2308.0,0.0,NORTE,ANA SILVA,ONLINE,CANCELADO
PED-02075,,HD EXTERNO,355,,0.057,NORTE,BRUNO COSTA,LOJA FÍSICA,PENDENTE
PED-08790,,SMARTPHONE,142,5826.57,0.406,NORTE,ANA SILVA,TELEVENDAS,EM ANÁLISE
PED-01496,2022-01-09,WEBCAM,139,12159.31,0.10099999999999999,SUL,BRUNO COSTA,TELEVENDAS,CANCELADO
PED-07910,,TABLET,112,,0.36,CENTRO-OESTE,DIEGO LIMA,ONLINE,PENDENTE
PED-60373,2022-09-28,MOUSE,187,,0.0,NORTE,BRUNO COSTA,TELEVENDAS,PENDENTE
PED-06085,2023-11-09,MONITOR,,,0.037000000000000005,SUDESTE,BRUNO COSTA,ONLINE,CANCELADO
PED-00064,2023-02-17,TECLADO,277,2992.71,0.0,SUL,BRUNO COSTA,TELEVENDAS,EM ANÁLISE
PED-03080,2022-10-11,HEADSET,,,0.0,NORTE,CARLA MENDES,TELEVENDAS,CANCELADO
PED-06788,2022-10-14,HD EXTERNO,301,3072.96,0.0,CENTRO-OESTE,ELENA SOUZA,TELEVENDAS,CANCELADO
PED-01178,,HD EXTERNO,999999,827.78,0.0,SUDESTE,ELENA SOUZA,LOJA FÍSICA,PENDENTE
PED-01254,2023-12-25,NOTEBOOK,131,6488.63,0.311,NORTE,CARLA MENDES,LOJA FÍSICA,CONCLUÍDO
PED-03312,2024-12-01,TABLET,,,0.0,NORTE,DIEGO LIMA,ONLINE,PENDENTE
PED-00013,,HD EXTERNO,,2068.44,1.0,SUL,BRUNO COSTA,LOJA FÍSICA,CONCLUÍDO
PED-08747,,TECLADO,357,,0.29,SUDESTE,ANA SILVA,REVENDEDOR,PENDENTE
PED-00545,2023-06-25,TECLADO,29,,0.386,SUL,DIEGO LIMA,ONLINE,EM ANÁLISE
PED-41962,2022-12-08,HD EXTERNO,,,1.0,SUL,ELENA SOUZA,REVENDEDOR,CONCLUÍDO
PED-05329,2024-12-15,MONITOR,,1699.14,0.214,NORTE,ELENA SOUZA,TELEVENDAS,CONCLUÍDO
PED-01904,2023-02-15,TECLADO,258,,0.0,NORTE,ANA SILVA,LOJA FÍSICA,CANCELADO
PED-07664,,TECLADO,,14632.06,0.47100000000000003,NORTE,ELENA SOUZA,LOJA FÍSICA,PENDENTE
PED-00277,2024-04-09,SMARTPHONE,,,0.36,SUDESTE,ELENA SOUZA,LOJA FÍSICA,PENDENTE
PED-02667,2023-05-25,IMPRESSORA,,9398.0,0.0,SUL,CARLA MENDES,LOJA FÍSICA,CONCLUÍDO
PED-00736,2022-05-07,TABLET,344,11847.74,0.14800000000000002,CENTRO-OESTE,CARLA MENDES,REVENDEDOR,CANCELADO
PED-03669,,WEBCAM,80,5167.1,0.479,SUDESTE,ELENA SOUZA,REVENDEDOR,CANCELADO
PED-00199,,MONITOR,180,,0.218,SUL,DIEGO LIMA,REVENDEDOR,PENDENTE
PED-04549,2023-11-24,MOUSE,,,0.32200000000000006,CENTRO-OESTE,ELENA SOUZA,ONLINE,CONCLUÍDO
PED-01871,2024-04-24,HD EXTERNO,,,0.0,SUDESTE,CARLA MENDES,REVENDEDOR,CANCELADO
PED-04394,,HEADSET,,11520.38,0.0,SUDESTE,CARLA MENDES,REVENDEDOR,CANCELADO
PED-04155,2023-01-27,TABLET,,9237.84,0.0,SUDESTE,BRUNO COSTA,LOJA FÍSICA,CONCLUÍDO
PED-07766,2022-04-23,HD EXTERNO,188,,0.135,SUDESTE,ANA SILVA,REVENDEDOR,EM ANÁLISE
PED-02436,2024-01-20,MONITOR,999999,8556.0,0.195,SUL,CARLA MENDES,TELEVENDAS,PENDENTE
PED-06717,,TABLET,394,,0.0,SUDESTE,DIEGO LIMA,LOJA FÍSICA,CANCELADO
PED-00767,2022-03-18,TECLADO,160,,0.0,NORTE,ANA SILVA,LOJA FÍSICA,CONCLUÍDO
PED-00916,2023-03-12,WEBCAM,298,,1.0,NORTE,BRUNO COSTA,ONLINE,EM ANÁLISE
PED-01039,2022-09-01,TECLADO,,,0.486,SUDESTE,DIEGO LIMA,REVENDEDOR,EM ANÁLISE
PED-00236,2024-03-28,NOTEBOOK,175,,0.0,NORDESTE,CARLA MENDES,LOJA FÍSICA,CONCLUÍDO
PED-08101,2022-10-02,WEBCAM,,3664.0,0.063,SUL,CARLA MENDES,REVENDEDOR,CONCLUÍDO
PED-00429,2023-08-05,TABLET,108,,0.41,NORDESTE,ANA SILVA,ONLINE,PENDENTE
PED-00071,2023-05-03,IMPRESSORA,,355.3,0.0,SUL,ELENA SOUZA,TELEVENDAS,CONCLUÍDO
PED-01978,,MOUSE,67,,0.436,SUDESTE,ANA SILVA,LOJA FÍSICA,PENDENTE
PED-06277,2024-10-27,IMPRESSORA,999999,,0.0,SUL,ANA SILVA,TELEVENDAS,CANCELADO
PED-04355,2022-10-07,NOTEBOOK,226,,0.0,NORTE,ELENA SOUZA,ONLINE,CONCLUÍDO
PED-03128,2023-06-25,MONITOR,313,9299.29,0.391,NORTE,ELENA SOUZA,TELEVENDAS,PENDENTE
PED-01176,2024-11-03,HD EXTERNO,999999,,0.0,CENTRO-OESTE,CARLA MENDES,LOJA FÍSICA,CONCLUÍDO
PED-05579,2024-08-23,TECLADO,96,,0.0,SUL,ELENA SOUZA,REVENDEDOR,CONCLUÍDO
PED-07752,2023-02-21,SMARTPHONE,434,,0.2,SUL,DIEGO LIMA,TELEVENDAS,CONCLUÍDO
PED-04427,,SMARTPHONE,,,0.44,SUL,ELENA SOUZA,REVENDEDOR,EM ANÁLISE
PED-00679,,WEBCAM,198,7132.6,1.0,NORDESTE,ELENA SOUZA,ONLINE,CANCELADO
PED-02543,,MONITOR,,,0.46,SUL,ELENA SOUZA,TELEVENDAS,PENDENTE
PED-08979,2023-10-14,TECLADO,90,10409.0,0.08300000000000002,NORDESTE,BRUNO COSTA,TELEVENDAS,PENDENTE
PED-09763,2022-12-03,NOTEBOOK,261,13862.02,0.0,SUL,DIEGO LIMA,TELEVENDAS,CONCLUÍDO
PED-07824,2023-05-26,NOTEBOOK,53,2041.53,1.0,SUL,ANA SILVA,ONLINE,CANCELADO
PED-06494,2022-05-01,NOTEBOOK,,9441.87,0.442,NORDESTE,ANA SILVA,LOJA FÍSICA,CANCELADO
PED-04270,2024-11-22,IMPRESSORA,231,,0.0,NORTE,DIEGO LIMA,LOJA FÍSICA,CANCELADO
PED-01461,2022-04-07,TABLET,353,,0.0,CENTRO-OESTE,ANA SILVA,REVENDEDOR,CONCLUÍDO
PED-05182,2024-10-02,NAN,93,7160.53,0.0,NORTE,ELENA SOUZA,LOJA FÍSICA,CONCLUÍDO
PED-01029,,MONITOR,12,12139.5,0.0,SUL,DIEGO LIMA,ONLINE,EM ANÁLISE
PED-07960,,MONITOR,469,570.08,0.0,SUL,ANA SILVA,LOJA FÍSICA,CANCELADO
PED-09372,2022-01-16,HD EXTERNO,,,0.0,SUL,CARLA MENDES,ONLINE,EM ANÁLISE
PED-01937,,WEBCAM,,3553.26,0.0,SUDESTE,ANA SILVA,LOJA FÍSICA,EM ANÁLISE
PED-00803,2024-11-06,WEBCAM,,,0.037000000000000005,NORTE,ANA SILVA,LOJA FÍSICA,PENDENTE
PED-06540,2022-01-02,IMPRESSORA,,,0.33,SUL,CARLA MENDES,ONLINE,CANCELADO
PED-04261,,SMARTPHONE,113,,0.0,NORDESTE,CARLA MENDES,LOJA FÍSICA,EM ANÁLISE
PED-04147,,WEBCAM,91,6510.47,0.41700000000000004,SUL,CARLA MENDES,ONLINE,CANCELADO
PED-01635,,HD EXTERNO,26,,0.0,CENTRO-OESTE,ELENA SOUZA,ONLINE,CONCLUÍDO
PED-04218,2024-01-01,TECLADO,302,11294.4,0.209,CENTRO-OESTE,ELENA SOUZA,LOJA FÍSICA,EM ANÁLISE
PED-00558,2023-08-20,TECLADO,,12636.43,0.439,SUL,ELENA SOUZA,TELEVENDAS,CONCLUÍDO
PED-04611,,TABLET,365,,0.0,SUDESTE,BRUNO COSTA,REVENDEDOR,PENDENTE
PED-00931,2022-03-11,MOUSE,193,,0.045,NORTE,ELENA SOUZA,LOJA FÍSICA,CANCELADO
PED-07564,,NOTEBOOK,387,6804.82,0.0,SUL,ELENA SOUZA,TELEVENDAS,CANCELADO
PED-95153,2022-10-15,HD EXTERNO,,2497.49,0.17300000000000001,NORDESTE,CARLA MENDES,REVENDEDOR,PENDENTE
PED-05802,,SMARTPHONE,,8595.38,0.0,NORTE,BRUNO COSTA,TELEVENDAS,CANCELADO
PED-02560,2022-03-03,TECLADO,180,,0.0,CENTRO-OESTE,CARLA MENDES,LOJA FÍSICA,CANCELADO
PED-07335,,MONITOR,112,1201.75,0.0,SUL,ANA SILVA,REVENDEDOR,EM ANÁLISE
PED-01678,,IMPRESSORA,240,5585.07,0.346,CENTRO-OESTE,ANA SILVA,LOJA FÍSICA,PENDENTE
PED-02545,,SMARTPHONE,324,,0.0,SUDESTE,BRUNO COSTA,LOJA FÍSICA,PENDENTE
PED-04298,2023-06-03,IMPRESSORA,,,0.0,CENTRO-OESTE,DIEGO LIMA,ONLINE,EM ANÁLISE
PED-08816,2022-05-11,HD EXTERNO,,7430.32,0.0,CENTRO-OESTE,DIEGO LIMA,ONLINE,CONCLUÍDO
PED-05983,2024-07-26,TABLET,222,12083.72,0.45,SUDESTE,DIEGO LIMA,TELEVENDAS,PENDENTE
PED-00293,2023-02-19,IMPRESSORA,999999,,0.0,NORTE,DIEGO LIMA,ONLINE,CANCELADO
PED-06416,2024-02-16,TECLADO,397,,0.259,NORDESTE,ELENA SOUZA,ONLINE,EM ANÁLISE
PED-04264,2023-05-10,SMARTPHONE,,9701.38,0.267,CENTRO-OESTE,ANA SILVA,TELEVENDAS,EM ANÁLISE
PED-08421,2023-01-05,SMARTPHONE,,,0.36,SUDESTE,CARLA MENDES,ONLINE,CONCLUÍDO
PED-06272,2023-05-28,HD EXTERNO,,1918.0,0.0,SUL,ELENA SOUZA,LOJA FÍSICA,EM ANÁLISE
PED-03763,2022-05-06,SMARTPHONE,,6841.03,0.0,SUL,DIEGO LIMA,REVENDEDOR,PENDENTE
PED-01650,2024-07-01,TABLET,452,,0.0,NORDESTE,ANA SILVA,ONLINE,CONCLUÍDO
PED-07311,2023-03-07,HEADSET,,,0.0,CENTRO-OESTE,ELENA SOUZA,LOJA FÍSICA,CONCLUÍDO
PED-02860,2023-02-05,MONITOR,154,,0.459,SUDESTE,BRUNO COSTA,REVENDEDOR,PENDENTE
PED-00967,,SMARTPHONE,323,252.11,0.438,CENTRO-OESTE,CARLA MENDES,ONLINE,CANCELADO
PED-06902,2023-03-13,HEADSET,999999,6504.73,0.0,CENTRO-OESTE,BRUNO COSTA,LOJA FÍSICA,PENDENTE
PED-07704,2022-04-22,HEADSET,,,0.0,SUL,CARLA MENDES,REVENDEDOR,CANCELADO
PED-04973,2023-11-21,NOTEBOOK,301,2039.64,0.235,NORTE,ANA SILVA,ONLINE,CONCLUÍDO
PED-09559,2023-02-08,NOTEBOOK,,5241.79,0.0,SUL,DIEGO LIMA,LOJA FÍSICA,CANCELADO
PED-02131,,MOUSE,,,0.495,SUL,NAN,LOJA FÍSICA,CONCLUÍDO
PED-01550,,HEADSET,,,1.0,SUL,BRUNO COSTA,ONLINE,PENDENTE
PED-01571,2022-11-05,HEADSET,,,0.026000000000000002,CENTRO-OESTE,ANA SILVA,REVENDEDOR,EM ANÁLISE
PED-02394,2023-12-12,MOUSE,,,0.091,CENTRO-OESTE,DIEGO LIMA,ONLINE,EM ANÁLISE
PED-01482,,HEADSET,126,1883.67,0.472,SUL,CARLA MENDES,ONLINE,CONCLUÍDO
PED-03359,2022-04-03,MONITOR,252,12580.91,0.0,CENTRO-OESTE,CARLA MENDES,ONLINE,CONCLUÍDO
PED-06239,2024-11-04,HEADSET,,,0.094,SUL,BRUNO COSTA,REVENDEDOR,PENDENTE
PED-02757,2024-10-27,TECLADO,271,,1.0,CENTRO-OESTE,ELENA SOUZA,LOJA FÍSICA,CONCLUÍDO
PED-04711,,HD EXTERNO,471,,0.0,SUDESTE,BRUNO COSTA,LOJA FÍSICA,PENDENTE
PED-07687,2024-05-24,HD EXTERNO,343,14047.62,0.0,NORTE,ELENA SOUZA,REVENDEDOR,PENDENTE
PED-06417,,MONITOR,347,11256.0,0.0,NORTE,ELENA SOUZA,ONLINE,PENDENTE
PED-04465,,MOUSE,,355.1,1.0,CENTRO-OESTE,DIEGO LIMA,ONLINE,PENDENTE
PED-15287,2024-07-05,NAN,,10805.25,0.256,SUDESTE,CARLA MENDES,LOJA FÍSICA,PENDENTE
PED-00848,2023-07-02,HEADSET,443,,0.47,SUDESTE,ANA SILVA,LOJA FÍSICA,CANCELADO
PED-03371,2024-09-09,HD EXTERNO,,,0.113,NORDESTE,DIEGO LIMA,REVENDEDOR,EM ANÁLISE
PED-08135,,HEADSET,999999,2410.13,1.0,SUL,ANA SILVA,LOJA FÍSICA,PENDENTE
PED-07287,,SMARTPHONE,364,6768.28,0.45799999999999996,SUDESTE,ANA SILVA,REVENDEDOR,PENDENTE
PED-75102,2022-10-04,WEBCAM,,,0.0,CENTRO-OESTE,CARLA MENDES,ONLINE,CANCELADO
PED-03530,2022-08-10,SMARTPHONE,,9109.63,0.0,NORTE,ANA SILVA,ONLINE,CONCLUÍDO
PED-04208,,HD EXTERNO,,,0.354,SUL,DIEGO LIMA,REVENDEDOR,PENDENTE
PED-01591,,IMPRESSORA,,9818.87,0.02,CENTRO-OESTE,ELENA SOUZA,LOJA FÍSICA,PENDENTE
PED-05272,,MONITOR,161,4325.92,1.0,SUDESTE,CARLA MENDES,LOJA FÍSICA,EM ANÁLISE
PED-09658,2022-07-20,HD EXTERNO,,8400.0,0.0,SUDESTE,BRUNO COSTA,REVENDEDOR,CONCLUÍDO
PED-01418,2022-06-08,TECLADO,41,8334.56,0.428,SUL,CARLA MENDES,ONLINE,CONCLUÍDO
PED-05804,,TECLADO,477,3741.25,0.0,SUL,CARLA MENDES,ONLINE,EM ANÁLISE
PED-07679,,MONITOR,178,8194.2,0.215,CENTRO-OESTE,BRUNO COSTA,REVENDEDOR,PENDENTE
PED-01353,2022-02-08,WEBCAM,,,0.0,SUL,DIEGO LIMA,REVENDEDOR,PENDENTE
PED-08320,2024-07-11,HEADSET,412,,0.07,SUL,ELENA SOUZA,ONLINE,PENDENTE
PED-07233,2023-03-05,SMARTPHONE,,,0.0,SUDESTE,BRUNO COSTA,ONLINE,CANCELADO
PED-05437,2022-02-06,HEADSET,477,,0.324,SUL,CARLA MENDES,LOJA FÍSICA,CONCLUÍDO
PED-05868,2024-12-16,TABLET,,12085.29,0.025,NORDESTE,BRUNO COSTA,REVENDEDOR,CONCLUÍDO
PED-07851,2022-06-11,IMPRESSORA,,,0.175,NORDESTE,ELENA SOUZA,ONLINE,CANCELADO
PED-03249,2022-04-01,TECLADO,,12157.9,0.0,NORTE,CARLA MENDES,REVENDEDOR,CONCLUÍDO
PED-09105,,TECLADO,,3678.93,0.0,SUL,BRUNO COSTA,LOJA FÍSICA,PENDENTE
PED-04810,2023-04-26,NOTEBOOK,408,,0.29,SUL,BRUNO COSTA,TELEVENDAS,PENDENTE
PED-01758,,IMPRESSORA,999999,,0.32799999999999996,CENTRO-OESTE,ANA SILVA,TELEVENDAS,EM ANÁLISE
PED-00110,2022-10-04,WEBCAM,196,5186.0,1.0,SUDESTE,ELENA SOUZA,TELEVENDAS,CONCLUÍDO
PED-07599,,MOUSE,,2904.66,0.377,NORDESTE,ELENA SOUZA,ONLINE,PENDENTE
PED-05608,2024-03-10,MONITOR,,5031.34,0.441,NORTE,BRUNO COSTA,ONLINE,PENDENTE
PED-02194,2023-02-13,HEADSET,312,,0.0,NORTE,CARLA MENDES,REVENDEDOR,PENDENTE
PED-08647,2022-10-28,MONITOR,,,1.0,NORDESTE,CARLA MENDES,ONLINE,CONCLUÍDO
PED-08002,2023-10-25,TABLET,37,4308.17,0.0,SUL,BRUNO COSTA,LOJA FÍSICA,CONCLUÍDO
PED-00856,,MOUSE,,,0.0,NORTE,DIEGO LIMA,REVENDEDOR,CANCELADO
PED-00900,2022-08-24,HEADSET,427,3979.83,0.165,SUL,ELENA SOUZA,LOJA FÍSICA,CONCLUÍDO
PED-06854,2024-09-25,MOUSE,,,0.419,SUL,CARLA MENDES,TELEVENDAS,CONCLUÍDO
PED-08584,2024-08-24,MONITOR,463,,0.21,CENTRO-OESTE,CARLA MENDES,ONLINE,CONCLUÍDO
PED-02518,,TABLET,422,11756.0,0.0,SUDESTE,CARLA MENDES,TELEVENDAS,CANCELADO
PED-00365,,TECLADO,374,,0.436,NORTE,ANA SILVA,LOJA FÍSICA,EM ANÁLISE
PED-02403,,MONITOR,,14419.87,0.455,SUDESTE,DIEGO LIMA,TELEVENDAS,PENDENTE
PED-58620,2023-07-08,MONITOR,260,8532.57,0.43799999999999994,CENTRO-OESTE,ELENA SOUZA,REVENDEDOR,CANCELADO
PED-07032,2022-01-20,SMARTPHONE,329,1753.39,0.22399999999999998,SUL,BRUNO COSTA,REVENDEDOR,PENDENTE
PED-07748,2024-05-22,HEADSET,183,6947.36,1.0,SUL,DIEGO LIMA,LOJA FÍSICA,EM ANÁLISE
PED-05505,2022-04-07,NOTEBOOK,208,3535.51,0.22399999999999998,SUL,ANA SILVA,LOJA FÍSICA,CONCLUÍDO
PED-07822,2024-04-15,HD EXTERNO,999999,,0.0,CENTRO-OESTE,ANA SILVA,ONLINE,PENDENTE
PED-01184,2022-09-03,NOTEBOOK,134,13751.84,0.0,NORTE,DIEGO LIMA,REVENDEDOR,CONCLUÍDO
PED-01310,,SMARTPHONE,,9250.06,0.371,NORTE,CARLA MENDES,ONLINE,CONCLUÍDO
PED-04799,2024-06-23,HEADSET,,2875.62,0.12,SUDESTE,DIEGO LIMA,ONLINE,CONCLUÍDO
PED-16347,2023-09-05,HD EXTERNO,328,4605.23,0.0,SUL,ELENA SOUZA,ONLINE,PENDENTE
PED-07929,2023-03-01,IMPRESSORA,399,,0.05,NORTE,ELENA SOUZA,REVENDEDOR,CONCLUÍDO
PED-02894,2024-05-26,SMARTPHONE,,10937.01,0.0,SUL,CARLA MENDES,TELEVENDAS,CANCELADO
PED-00510,,SMARTPHONE,,,0.469,NORTE,CARLA MENDES,LOJA FÍSICA,EM ANÁLISE
PED-01137,,MONITOR,,,0.497,NORDESTE,ANA SILVA,LOJA FÍSICA,CANCELADO
PED-01855,,IMPRESSORA,,,1.0,SUDESTE,BRUNO COSTA,LOJA FÍSICA,CONCLUÍDO
PED-39401,2024-10-20,HEADSET,137,3555.76,0.0,NORTE,DIEGO LIMA,ONLINE,PENDENTE
PED-68085,2023-10-23,HD EXTERNO,171,3190.09,0.0,SUDESTE,BRUNO COSTA,ONLINE,EM ANÁLISE
PED-02983,2023-07-15,NOTEBOOK,999999,7842.69,0.266,NORTE,DIEGO LIMA,LOJA FÍSICA,PENDENTE
PED-02489,2024-01-04,HEADSET,,10044.95,0.201,SUDESTE,ANA SILVA,ONLINE,EM ANÁLISE
PED-08218,2024-03-09,TECLADO,404,,0.13,SUDESTE,DIEGO LIMA,LOJA FÍSICA,CANCELADO
PED-09751,,HD EXTERNO,377,,0.0,SUDESTE,CARLA MENDES,TELEVENDAS,CANCELADO
PED-05419,2022-12-17,IMPRESSORA,,2465.89,0.0,SUDESTE,CARLA MENDES,REVENDEDOR,EM ANÁLISE
PED-02730,,WEBCAM,420,,0.48,SUL,BRUNO COSTA,LOJA FÍSICA,CONCLUÍDO
PED-03129,2023-10-25,MONITOR,,,0.319,NORDESTE,BRUNO COSTA,LOJA FÍSICA,EM ANÁLISE
PED-03067,2022-03-13,WEBCAM,,,0.0,NORDESTE,DIEGO LIMA,ONLINE,CONCLUÍDO
PED-02006,,SMARTPHONE,376,11229.9,0.153,SUDESTE,BRUNO COSTA,REVENDEDOR,EM ANÁLISE
PED-03402,,HD EXTERNO,355,,0.21,SUDESTE,DIEGO LIMA,ONLINE,EM ANÁLISE
PED-09861,2022-08-08,IMPRESSORA,342,,0.0,NORTE,BRUNO COSTA,ONLINE,PENDENTE
PED-00861,2024-04-14,TECLADO,,,0.15,NORDESTE,CARLA MENDES,REVENDEDOR,CONCLUÍDO
PED-04815,,TECLADO,362,,0.0,SUDESTE,BRUNO COSTA,TELEVENDAS,PENDENTE
PED-04267,2022-10-01,HEADSET,999999,6187.0,0.225,NORTE,DIEGO LIMA,ONLINE,PENDENTE
PED-05244,,NOTEBOOK,,6080.35,0.381,SUDESTE,ELENA SOUZA,LOJA FÍSICA,CONCLUÍDO
PED-05357,2022-09-23,NOTEBOOK,401,12692.5,0.38,SUL,ANA SILVA,ONLINE,CONCLUÍDO
PED-00458,,IMPRESSORA,,6965.91,0.0,SUDESTE,ELENA SOUZA,LOJA FÍSICA,CANCELADO
PED-03568,2022-11-06,MONITOR,,606.11,0.16699999999999998,SUL,BRUNO COSTA,LOJA FÍSICA,EM ANÁLISE
PED-06248,2023-10-01,TECLADO,,,0.0,SUDESTE,ELENA SOUZA,REVENDEDOR,CANCELADO
PED-01590,2024-07-04,IMPRESSORA,426,620.43,0.423,SUDESTE,ELENA SOUZA,ONLINE,EM ANÁLISE
PED-03866,2022-08-20,HEADSET,62,7882.95,0.46,SUL,ELENA SOUZA,REVENDEDOR,EM ANÁLISE
PED-07198,,HD EXTERNO,123,4441.24,0.0,NORTE,BRUNO COSTA,LOJA FÍSICA,EM ANÁLISE
PED-05654,2023-02-01,HD EXTERNO,19,7979.97,0.0,SUL,ELENA SOUZA,ONLINE,EM ANÁLISE
PED-00667,,WEBCAM,999999,720.0,0.45,SUDESTE,DIEGO LIMA,LOJA FÍSICA,CANCELADO
PED-02093,2022-08-03,TABLET,,,0.48,NORDESTE,ELENA SOUZA,LOJA FÍSICA,PENDENTE
PED-09776,2022-12-24,HD EXTERNO,,,0.061,SUL,ELENA SOUZA,REVENDEDOR,EM ANÁLISE
PED-04077,,IMPRESSORA,999999,1675.89,0.49,SUL,BRUNO COSTA,ONLINE,EM ANÁLISE
PED-00918,2022-06-03,MONITOR,326,9326.99,0.0,SUL,BRUNO COSTA,REVENDEDOR,PENDENTE
PED-03514,,IMPRESSORA,,,0.457,SUL,ELENA SOUZA,REVENDEDOR,CANCELADO
PED-09415,,MOUSE,365,3256.48,0.266,SUL,ANA SILVA,LOJA FÍSICA,CANCELADO
PED-01915,2024-07-14,TABLET,490,,0.271,SUDESTE,DIEGO LIMA,REVENDEDOR,CANCELADO
PED-03748,2022-12-25,SMARTPHONE,105,,0.0,NORTE,BRUNO COSTA,LOJA FÍSICA,CONCLUÍDO
PED-09832,2023-07-24,IMPRESSORA,227,,0.0,SUL,CARLA MENDES,LOJA FÍSICA,EM ANÁLISE
PED-09668,2023-11-06,HD EXTERNO,397,333.0,0.41600000000000004,NORTE,ELENA SOUZA,ONLINE,CONCLUÍDO
PED-05481,2023-07-08,SMARTPHONE,378,11707.97,0.499,SUDESTE,BRUNO COSTA,TELEVENDAS,CANCELADO
PED-03380,2023-01-04,IMPRESSORA,,659.05,0.42200000000000004,SUDESTE,ANA SILVA,REVENDEDOR,CANCELADO
PED-06464,2022-06-08,TABLET,999999,12608.83,0.33899999999999997,CENTRO-OESTE,CARLA MENDES,REVENDEDOR,EM ANÁLISE
PED-04322,2023-08-24,TECLADO,203,,0.0,NORTE,ANA SILVA,ONLINE,CONCLUÍDO
PED-05103,2024-05-16,TABLET,999999,12921.0,0.0,SUL,ELENA SOUZA,LOJA FÍSICA,PENDENTE
PED-01640,,TECLADO,35,,0.19,SUL,ELENA SOUZA,LOJA FÍSICA,CONCLUÍDO
PED-04276,,HD EXTERNO,,,0.124,NORDESTE,CARLA MENDES,TELEVENDAS,PENDENTE
PED-06719,2024-03-06,TECLADO,,,0.494,SUL,CARLA MENDES,ONLINE,CANCELADO
PED-00769,2022-12-22,WEBCAM,391,7045.76,0.0,SUDESTE,DIEGO LIMA,TELEVENDAS,EM ANÁLISE
PED-02470,,SMARTPHONE,999999,,0.091,SUDESTE,BRUNO COSTA,REVENDEDOR,EM ANÁLISE
PED-02790,,MOUSE,,13431.93,0.06,NORTE,ELENA SOUZA,REVENDEDOR,CONCLUÍDO
PED-79117,,IMPRESSORA,,6744.68,0.008,SUL,BRUNO COSTA,TELEVENDAS,CONCLUÍDO
PED-06360,,SMARTPHONE,,355.82,0.0,NORTE,ELENA SOUZA,LOJA FÍSICA,EM ANÁLISE
PED-07589,2022-09-03,HD EXTERNO,999999,,0.0,SUL,BRUNO COSTA,REVENDEDOR,CONCLUÍDO
PED-06048,,NOTEBOOK,,11165.9,0.21,SUDESTE,ANA SILVA,REVENDEDOR,CONCLUÍDO
PED-03823,2023-09-28,SMARTPHONE,,14271.56,0.0,NORTE,CARLA MENDES,ONLINE,PENDENTE
PED-04904,,MOUSE,164,12316.27,0.0,SUDESTE,ELENA SOUZA,ONLINE,CONCLUÍDO
PED-09950,2022-11-06,MOUSE,473,,0.0,NORTE,DIEGO LIMA,LOJA FÍSICA,PENDENTE
PED-08553,2022-11-07,TECLADO,,7318.0,0.0,SUDESTE,ELENA SOUZA,TELEVENDAS,CONCLUÍDO
PED-02890,2022-01-14,NOTEBOOK,98,,0.4,NORTE,CARLA MENDES,REVENDEDOR,CONCLUÍDO
PED-03082,2024-05-17,HEADSET,281,188.36,0.0,NORTE,CARLA MENDES,ONLINE,EM ANÁLISE
PED-00683,2023-05-05,SMARTPHONE,114,1969.11,0.136,SUL,DIEGO LIMA,ONLINE,EM ANÁLISE
PED-03054,2022-06-28,IMPRESSORA,,,0.0,SUL,CARLA MENDES,LOJA FÍSICA,CANCELADO
PED-04999,2022-05-02,TECLADO,,,1.0,NORTE,ANA SILVA,LOJA FÍSICA,PENDENTE
PED-03189,,MONITOR,,,0.0,CENTRO-OESTE,CARLA MENDES,LOJA FÍSICA,PENDENTE
PED-00798,2024-03-04,TABLET,,,0.24,SUL,ANA SILVA,LOJA FÍSICA,CONCLUÍDO
PED-01691,,WEBCAM,99,6528.92,0.172,CENTRO-OESTE,CARLA MENDES,LOJA FÍSICA,EM ANÁLISE
PED-04496,2023-10-24,SMARTPHONE,422,13215.66,0.264,SUL,ANA SILVA,REVENDEDOR,CONCLUÍDO
PED-03096,2022-06-09,TECLADO,,9255.0,0.0,CENTRO-OESTE,DIEGO LIMA,REVENDEDOR,CONCLUÍDO
PED-03785,2022-01-13,TECLADO,999999,1243.19,0.24,NORDESTE,ANA SILVA,REVENDEDOR,EM ANÁLISE
PED-05863,2023-11-27,IMPRESSORA,411,,0.0,NORTE,CARLA MENDES,LOJA FÍSICA,EM ANÁLISE
PED-00919,2022-02-22,HD EXTERNO,,2434.0,0.0,NORTE,BRUNO COSTA,LOJA FÍSICA,EM ANÁLISE
PED-06122,,MOUSE,143,,0.0,NORTE,DIEGO LIMA,ONLINE,CONCLUÍDO
PED-09377,,NOTEBOOK,,,0.25,SUL,CARLA MENDES,LOJA FÍSICA,CANCELADO
PED-06955,,TABLET,999999,7638.58,0.0,SUDESTE,DIEGO LIMA,TELEVENDAS,PENDENTE
PED-00287,2022-05-08,NOTEBOOK,211,,0.0,CENTRO-OESTE,BRUNO COSTA,TELEVENDAS,PENDENTE
PED-02214,2024-10-26,IMPRESSORA,,10481.47,0.37799999999999995,NORDESTE,ELENA SOUZA,ONLINE,PENDENTE
PED-08076,2024-09-26,NOTEBOOK,,,0.22,NORTE,BRUNO COSTA,REVENDEDOR,EM ANÁLISE
PED-08245,,TABLET,999999,14482.88,0.48,SUDESTE,CARLA MENDES,TELEVENDAS,CONCLUÍDO
PED-08440,,SMARTPHONE,,1156.83,0.125,SUDESTE,ANA SILVA,LOJA FÍSICA,EM ANÁLISE
PED-41681,,MONITOR,355,,0.36,SUDESTE,ELENA SOUZA,REVENDEDOR,CONCLUÍDO
PED-02447,2023-12-01,HD EXTERNO,,3034.0,0.1,SUDESTE,ELENA SOUZA,REVENDEDOR,CONCLUÍDO
PED-09736,2022-06-01,HD EXTERNO,139,189.68,0.0,CENTRO-OESTE,CARLA MENDES,TELEVENDAS,EM ANÁLISE
PED-04419,2022-06-10,NOTEBOOK,,4443.0,0.453,NORTE,ANA SILVA,TELEVENDAS,PENDENTE
PED-06031,2024-09-12,MOUSE,354,8572.39,0.249,NORDESTE,DIEGO LIMA,REVENDEDOR,PENDENTE
PED-07077,2024-03-08,MOUSE,98,12388.48,0.0,NORTE,BRUNO COSTA,TELEVENDAS,CANCELADO
PED-02540,2022-12-13,WEBCAM,,,0.0,SUL,ANA SILVA,ONLINE,PENDENTE
PED-03277,,IMPRESSORA,464,1036.75,0.0,SUL,ELENA SOUZA,ONLINE,PENDENTE
PED-08918,2023-01-27,MONITOR,,,0.0,NORTE,BRUNO COSTA,ONLINE,EM ANÁLISE
PED-05126,,MONITOR,,8767.03,0.042,CENTRO-OESTE,ANA SILVA,REVENDEDOR,CANCELADO
PED-05012,2023-01-02,SMARTPHONE,333,12709.0,0.0,CENTRO-OESTE,ELENA SOUZA,LOJA FÍSICA,EM ANÁLISE
PED-67315,2022-01-23,SMARTPHONE,,,0.085,SUDESTE,BRUNO COSTA,LOJA FÍSICA,CONCLUÍDO
PED-05321,,IMPRESSORA,426,1119.29,0.33,NORTE,ELENA SOUZA,LOJA FÍSICA,CONCLUÍDO
PED-03048,2024-10-20,MONITOR,400,8866.97,1.0,NORDESTE,DIEGO LIMA,TELEVENDAS,CONCLUÍDO
PED-09944,2022-02-26,TABLET,999999,12577.05,0.496,SUL,DIEGO LIMA,LOJA FÍSICA,PENDENTE
PED-04908,2022-01-07,MOUSE,226,,0.22,CENTRO-OESTE,BRUNO COSTA,ONLINE,PENDENTE
PED-03513,2023-08-02,SMARTPHONE,999999,12461.61,0.023,NORTE,DIEGO LIMA,REVENDEDOR,PENDENTE
PED-07791,2024-08-24,HEADSET,129,12594.58,1.0,NORTE,ELENA SOUZA,LOJA FÍSICA,PENDENTE
PED-08472,,TECLADO,,,0.03,CENTRO-OESTE,DIEGO LIMA,ONLINE,PENDENTE
PED-00454,2023-01-25,IMPRESSORA,,,0.0,CENTRO-OESTE,BRUNO COSTA,ONLINE,EM ANÁLISE
PED-03721,2024-07-05,TECLADO,,,0.342,SUDESTE,CARLA MENDES,LOJA FÍSICA,CONCLUÍDO
PED-00616,2024-12-20,TECLADO,275,,0.0,SUL,DIEGO LIMA,ONLINE,CONCLUÍDO
PED-05302,2024-09-09,SMARTPHONE,28,13074.35,0.25,CENTRO-OESTE,ELENA SOUZA,LOJA FÍSICA,PENDENTE
PED-00470,,IMPRESSORA,68,9817.32,0.015,SUDESTE,DIEGO LIMA,REVENDEDOR,EM ANÁLISE
PED-06858,2024-06-28,TECLADO,228,,0.413,NORDESTE,CARLA MENDES,ONLINE,EM ANÁLISE
PED-01506,2022-04-11,NOTEBOOK,,2830.86,0.366,NORTE,ANA SILVA,ONLINE,CANCELADO
PED-05476,2022-08-11,TABLET,352,,0.34,NORTE,CARLA MENDES,REVENDEDOR,CANCELADO
PED-03337,2023-06-09,HEADSET,67,,0.0,NORTE,ANA SILVA,REVENDEDOR,EM ANÁLISE
PED-08946,,HD EXTERNO,284,2461.5,0.0,SUL,BRUNO COSTA,LOJA FÍSICA,CONCLUÍDO
PED-06263,,NOTEBOOK,217,13665.86,0.0,NORTE,ELENA SOUZA,LOJA FÍSICA,CONCLUÍDO
PED-05792,,NOTEBOOK,999999,,0.0,SUL,CARLA MENDES,ONLINE,CANCELADO
PED-02741,2022-08-20,MOUSE,249,14267.99,0.34700000000000003,SUDESTE,BRUNO COSTA,REVENDEDOR,EM ANÁLISE
PED-09721,2024-04-15,IMPRESSORA,172,,0.36,NORTE,CARLA MENDES,LOJA FÍSICA,PENDENTE
PED-07201,2023-02-14,SMARTPHONE,,,0.0,SUL,ANA SILVA,TELEVENDAS,CONCLUÍDO
PED-07126,2024-12-17,SMARTPHONE,99,995.9,0.0,SUDESTE,CARLA MENDES,LOJA FÍSICA,CANCELADO
PED-04883,2024-08-27,TABLET,373,14762.84,0.0,CENTRO-OESTE,BRUNO COSTA,LOJA FÍSICA,CONCLUÍDO
PED-06923,2022-04-22,TABLET,419,5121.32,0.0,SUL,DIEGO LIMA,REVENDEDOR,EM ANÁLISE
PED-09731,2024-11-13,HD EXTERNO,131,,1.0,SUL,DIEGO LIMA,TELEVENDAS,CANCELADO
PED-08390,2023-08-25,TECLADO,180,1466.37,0.0,SUL,DIEGO LIMA,ONLINE,CANCELADO
PED-00518,2024-04-16,IMPRESSORA,365,5415.0,0.0,SUL,BRUNO COSTA,LOJA FÍSICA,CANCELADO
PED-07950,,TECLADO,302,,0.42,SUL,ELENA SOUZA,ONLINE,EM ANÁLISE
PED-01158,2024-02-01,MOUSE,,,1.0,SUL,BRUNO COSTA,LOJA FÍSICA,EM ANÁLISE
PED-02605,,HD EXTERNO,251,6832.0,0.38299999999999995,NORDESTE,ANA SILVA,LOJA FÍSICA,EM ANÁLISE
PED-00568,,IMPRESSORA,329,,1.0,SUDESTE,ELENA SOUZA,LOJA FÍSICA,EM ANÁLISE
PED-07083,2022-01-06,SMARTPHONE,34,4694.59,1.0,NORTE,CARLA MENDES,REVENDEDOR,CONCLUÍDO
PED-02732,2024-05-07,SMARTPHONE,428,,0.0,SUDESTE,ELENA SOUZA,TELEVENDAS,PENDENTE
PED-06766,2022-07-06,SMARTPHONE,436,,0.0,NORTE,DIEGO LIMA,LOJA FÍSICA,EM ANÁLISE
PED-55573,2022-07-19,NOTEBOOK,,,1.0,SUL,ELENA SOUZA,ONLINE,CANCELADO
PED-09624,,TECLADO,99,7127.94,0.0,SUDESTE,DIEGO LIMA,ONLINE,CANCELADO
PED-04965,,WEBCAM,213,5954.0,0.441,SUDESTE,ELENA SOUZA,LOJA FÍSICA,CANCELADO
PED-08827,,MOUSE,371,14428.0,1.0,CENTRO-OESTE,CARLA MENDES,TELEVENDAS,CONCLUÍDO
PED-04410,,HEADSET,152,,0.0,NORDESTE,DIEGO LIMA,ONLINE,EM ANÁLISE
PED-05342,2024-12-11,HEADSET,428,,1.0,CENTRO-OESTE,DIEGO LIMA,ONLINE,EM ANÁLISE
PED-02689,2023-10-23,HD EXTERNO,251,,0.432,NORTE,CARLA MENDES,TELEVENDAS,CONCLUÍDO
PED-01022,2022-10-28,NOTEBOOK,,4577.91,0.0,SUDESTE,BRUNO COSTA,ONLINE,EM ANÁLISE
PED-03507,2024-05-12,IMPRESSORA,,13231.28,0.286,NORTE,ANA SILVA,LOJA FÍSICA,CONCLUÍDO
PED-24928,2023-01-24,HD EXTERNO,132,,0.38,NORDESTE,CARLA MENDES,REVENDEDOR,PENDENTE
PED-04080,2023-05-27,MOUSE,,14372.27,0.054000000000000006,SUL,CARLA MENDES,LOJA FÍSICA,CONCLUÍDO
PED-00681,,SMARTPHONE,449,1697.6,0.006,NORTE,BRUNO COSTA,TELEVENDAS,CONCLUÍDO
PED-09317,2022-04-07,MOUSE,178,,0.0,NORDESTE,ELENA SOUZA,ONLINE,CONCLUÍDO
PED-03317,2022-11-17,HD EXTERNO,95,5297.46,0.21600000000000003,SUDESTE,CARLA MENDES,REVENDEDOR,PENDENTE
PED-08242,2022-05-28,NOTEBOOK,,6117.33,0.0,NORTE,DIEGO LIMA,REVENDEDOR,EM ANÁLISE
PED-09863,2024-12-23,TABLET,,12420.85,0.17899999999999996,NORTE,DIEGO LIMA,ONLINE,CONCLUÍDO
PED-03494,2024-09-28,WEBCAM,108,2733.5,0.0,CENTRO-OESTE,DIEGO LIMA,ONLINE,PENDENTE
PED-01074,,HD EXTERNO,,,0.09,NORDESTE,ANA SILVA,LOJA FÍSICA,PENDENTE
PED-04581,2023-09-03,HD EXTERNO,,11247.2,0.0,SUDESTE,DIEGO LIMA,ONLINE,CANCELADO
PED-02840,2022-10-01,TECLADO,65,5237.43,0.04,SUL,BRUNO COSTA,ONLINE,CONCLUÍDO
PED-05067,2024-07-20,TABLET,,2871.11,0.0,NORDESTE,ELENA SOUZA,REVENDEDOR,CANCELADO
PED-02961,2022-06-28,WEBCAM,,4583.61,0.142,SUDESTE,ELENA SOUZA,LOJA FÍSICA,PENDENTE
PED-01296,2022-03-04,HEADSET,,9644.66,0.0,NORTE,ELENA SOUZA,ONLINE,EM ANÁLISE
PED-04583,2022-07-16,HEADSET,,2264.0,0.303,NORDESTE,DIEGO LIMA,TELEVENDAS,CONCLUÍDO
PED-09740,2024-09-13,WEBCAM,333,7000.58,0.0,SUL,DIEGO LIMA,REVENDEDOR,PENDENTE
PED-03562,2023-12-26,WEBCAM,482,,0.0,CENTRO-OESTE,ANA SILVA,LOJA FÍSICA,PENDENTE
PED-00052,2022-11-28,WEBCAM,85,14075.0,0.13,SUDESTE,DIEGO LIMA,LOJA FÍSICA,PENDENTE
PED-05133,,HD EXTERNO,,,1.0,CENTRO-OESTE,BRUNO COSTA,ONLINE,PENDENTE
PED-06565,2022-02-01,MONITOR,999999,776.22,0.0,SUL,CARLA MENDES,LOJA FÍSICA,EM ANÁLISE
PED-00528,2022-02-25,NOTEBOOK,445,,0.0,CENTRO-OESTE,BRUNO COSTA,LOJA FÍSICA,PENDENTE
PED-03714,2023-07-09,TABLET,,,0.059000000000000004,SUDESTE,BRUNO COSTA,ONLINE,CONCLUÍDO
PED-03118,2023-09-27,IMPRESSORA,14,,0.469,SUDESTE,ANA SILVA,LOJA FÍSICA,CONCLUÍDO
PED-07696,,SMARTPHONE,491,,0.261,NORTE,BRUNO COSTA,REVENDEDOR,CONCLUÍDO
PED-06831,2022-09-11,HEADSET,,848.56,0.0,SUDESTE,DIEGO LIMA,ONLINE,CANCELADO
PED-01597,,HD EXTERNO,,,0.135,NORTE,DIEGO LIMA,REVENDEDOR,CONCLUÍDO
PED-05493,2022-08-16,WEBCAM,,10355.15,0.34600000000000003,SUL,ANA SILVA,TELEVENDAS,PENDENTE
PED-05049,2022-03-08,HEADSET,297,,0.10099999999999999,SUL,ANA SILVA,LOJA FÍSICA,CANCELADO
PED-03402,,SMARTPHONE,99,4879.48,0.0,NORTE,CARLA MENDES,LOJA FÍSICA,CONCLUÍDO
PED-06154,2022-06-12,WEBCAM,266,13214.06,0.39,SUL,ELENA SOUZA,LOJA FÍSICA,EM ANÁLISE
PED-01073,2022-07-28,TECLADO,999999,,0.051,SUDESTE,ANA SILVA,REVENDEDOR,PENDENTE
PED-03097,2024-10-15,HD EXTERNO,57,4499.3,0.0,CENTRO-OESTE,DIEGO LIMA,ONLINE,PENDENTE
PED-02408,2022-12-13,TABLET,,5656.26,0.0,NORDESTE,ANA SILVA,TELEVENDAS,PENDENTE
PED-00633,2022-05-26,HEADSET,455,1530.34,0.349,CENTRO-OESTE,CARLA MENDES,TELEVENDAS,EM ANÁLISE
PED-07308,2023-12-27,SMARTPHONE,,,0.181,NORTE,NAN,ONLINE,CONCLUÍDO
PED-04290,,MONITOR,,13242.98,0.0,CENTRO-OESTE,ELENA SOUZA,REVENDEDOR,CANCELADO
PED-09119,2023-03-02,MONITOR,,,0.34299999999999997,SUDESTE,DIEGO LIMA,LOJA FÍSICA,CANCELADO
PED-04331,2022-08-04,SMARTPHONE,,,0.0,SUDESTE,ANA SILVA,REVENDEDOR,EM ANÁLISE
PED-00033,,TABLET,,13781.03,0.38,SUL,BRUNO COSTA,LOJA FÍSICA,EM ANÁLISE
PED-08366,,IMPRESSORA,72,,0.226,NORTE,CARLA MENDES,LOJA FÍSICA,CONCLUÍDO
PED-02830,,IMPRESSORA,94,,0.229,NORTE,ANA SILVA,LOJA FÍSICA,PENDENTE
PED-03598,2024-04-16,IMPRESSORA,999999,,0.221,SUL,ANA SILVA,LOJA FÍSICA,CONCLUÍDO
PED-60694,2022-02-16,SMARTPHONE,,13352.91,0.317,SUDESTE,BRUNO COSTA,LOJA FÍSICA,EM ANÁLISE
PED-03452,2023-04-17,HEADSET,342,6380.12,0.0,SUDESTE,CARLA MENDES,TELEVENDAS,CANCELADO
PED-07632,2022-10-08,SMARTPHONE,371,,0.0,SUDESTE,ANA SILVA,LOJA FÍSICA,CANCELADO
PED-00810,2023-09-28,IMPRESSORA,18,,0.321,SUL,ELENA SOUZA,LOJA FÍSICA,CONCLUÍDO
PED-60340,2024-08-22,WEBCAM,157,,0.0,NORTE,ANA SILVA,TELEVENDAS,CONCLUÍDO
PED-01713,2023-01-06,HD EXTERNO,325,,0.001,CENTRO-OESTE,BRUNO COSTA,REVENDEDOR,EM ANÁLISE
PED-07716,,MONITOR,,,0.0,NORDESTE,BRUNO COSTA,ONLINE,PENDENTE
PED-94691,2024-09-13,MOUSE,497,3821.14,0.39799999999999996,SUL,DIEGO LIMA,LOJA FÍSICA,PENDENTE
PED-08325,,MOUSE,69,7411.15,0.0,SUL,CARLA MENDES,LOJA FÍSICA,EM ANÁLISE
PED-06113,,HEADSET,97,,0.041,CENTRO-OESTE,BRUNO COSTA,TELEVENDAS,EM ANÁLISE
PED-02376,2023-05-05,HEADSET,999999,,0.0,SUL,CARLA MENDES,REVENDEDOR,EM ANÁLISE
PED-05507,2023-11-13,HD EXTERNO,,5315.35,0.253,NORTE,ANA SILVA,ONLINE,EM ANÁLISE
PED-00504,2022-08-03,WEBCAM,328,,0.21,SUDESTE,DIEGO LIMA,REVENDEDOR,CANCELADO
PED-01521,,SMARTPHONE,284,,1.0,NORTE,DIEGO LIMA,ONLINE,EM ANÁLISE
PED-08145,2023-08-14,TECLADO,191,534.08,0.441,SUL,ELENA SOUZA,ONLINE,PENDENTE
PED-09260,2023-10-05,MONITOR,432,,0.39,SUDESTE,CARLA MENDES,LOJA FÍSICA,PENDENTE
PED-03294,,WEBCAM,999999,13274.76,0.0,SUDESTE,CARLA MENDES,REVENDEDOR,CONCLUÍDO
PED-05997,,TECLADO,17,10430.18,0.45399999999999996,SUL,DIEGO LIMA,REVENDEDOR,EM ANÁLISE
PED-02397,2024-12-01,MONITOR,28,,1.0,NORDESTE,BRUNO COSTA,LOJA FÍSICA,EM ANÁLISE
PED-02055,2024-09-13,WEBCAM,,,0.069,SUL,ELENA SOUZA,TELEVENDAS,PENDENTE
PED-05954,2024-04-06,MOUSE,340,,0.07,NORTE,ELENA SOUZA,REVENDEDOR,CANCELADO
PED-00213,2024-06-25,TABLET,211,,0.0,NORDESTE,BRUNO COSTA,LOJA FÍSICA,PENDENTE
PED-04884,2022-05-01,TABLET,279,,0.0,NORDESTE,DIEGO LIMA,TELEVENDAS,CONCLUÍDO
PED-02788,2022-11-17,NOTEBOOK,,149.9,0.0,NORTE,DIEGO LIMA,TELEVENDAS,PENDENTE
PED-08300,2022-08-07,MONITOR,,437.84,0.0,NORTE,BRUNO COSTA,TELEVENDAS,EM ANÁLISE
PED-03770,2023-12-03,HEADSET,,,0.0,SUDESTE,ANA SILVA,ONLINE,CONCLUÍDO
PED-00669,2024-08-14,IMPRESSORA,387,9780.57,0.38700000000000007,NORTE,DIEGO LIMA,LOJA FÍSICA,EM ANÁLISE
PED-06089,2022-06-07,MOUSE,999999,,0.19,NORDESTE,ANA SILVA,LOJA FÍSICA,EM ANÁLISE
PED-03837,,WEBCAM,,10952.75,0.0,SUDESTE,ELENA SOUZA,LOJA FÍSICA,CONCLUÍDO
PED-09966,,TABLET,193,,0.0,SUDESTE,BRUNO COSTA,LOJA FÍSICA,CONCLUÍDO
PED-06706,2024-06-12,HEADSET,319,,0.0,CENTRO-OESTE,BRUNO COSTA,LOJA FÍSICA,PENDENTE
PED-01517,2022-07-28,TABLET,316,5017.0,0.363,SUL,ANA SILVA,ONLINE,EM ANÁLISE
PED-07122,2024-12-28,TECLADO,,,0.0,CENTRO-OESTE,BRUNO COSTA,LOJA FÍSICA,PENDENTE
PED-03482,2022-09-09,HEADSET,,,0.292,SUL,ELENA SOUZA,ONLINE,EM ANÁLISE
PED-09354,,MONITOR,,5062.52,0.345,NORTE,BRUNO COSTA,REVENDEDOR,PENDENTE
PED-51714,2024-03-15,TABLET,437,,1.0,NORTE,ANA SILVA,TELEVENDAS,EM ANÁLISE
PED-01511,2022-01-23,NOTEBOOK,999999,2480.08,0.381,NORDESTE,CARLA MENDES,LOJA FÍSICA,PENDENTE
PED-09053,,WEBCAM,113,8621.3,0.488,SUL,ANA SILVA,TELEVENDAS,CANCELADO
PED-87321,2022-02-25,SMARTPHONE,330,4640.37,0.0,SUDESTE,DIEGO LIMA,LOJA FÍSICA,PENDENTE
PED-00449,,TECLADO,151,8351.74,0.37,CENTRO-OESTE,DIEGO LIMA,LOJA FÍSICA,PENDENTE
PED-02740,,WEBCAM,162,7823.0,0.2,NORTE,DIEGO LIMA,REVENDEDOR,EM ANÁLISE
PED-09900,2022-07-06,WEBCAM,165,,0.29600000000000004,SUDESTE,DIEGO LIMA,ONLINE,CONCLUÍDO
PED-09423,,WEBCAM,357,11563.73,0.0,NORDESTE,CARLA MENDES,TELEVENDAS,EM ANÁLISE
PED-07557,2023-02-10,WEBCAM,,10711.0,0.33299999999999996,SUDESTE,ELENA SOUZA,REVENDEDOR,EM ANÁLISE
PED-05669,,TABLET,,6327.21,0.0,NORTE,ELENA SOUZA,LOJA FÍSICA,CONCLUÍDO
PED-04230,2022-01-12,IMPRESSORA,,,0.307,SUL,CARLA MENDES,LOJA FÍSICA,EM ANÁLISE
PED-04092,2022-07-19,MOUSE,,,0.0,NORTE,BRUNO COSTA,ONLINE,EM ANÁLISE
PED-05785,2022-10-28,NOTEBOOK,298,4607.9,0.436,SUDESTE,ANA SILVA,LOJA FÍSICA,PENDENTE
PED-03398,,TECLADO,447,,0.0,NORDESTE,CARLA MENDES,TELEVENDAS,CANCELADO
PED-00662,2024-01-09,SMARTPHONE,278,11481.29,0.214,SUL,DIEGO LIMA,ONLINE,CANCELADO
PED-07835,,TECLADO,,11848.0,1.0,NORDESTE,BRUNO COSTA,LOJA FÍSICA,CONCLUÍDO
PED-03809,2023-08-27,HD EXTERNO,,,1.0,NORTE,ELENA SOUZA,REVENDEDOR,EM ANÁLISE
PED-07531,2022-07-18,NOTEBOOK,,,0.0,NORTE,BRUNO COSTA,ONLINE,CONCLUÍDO
PED-09361,2022-08-15,WEBCAM,202,,0.0,SUL,ELENA SOUZA,LOJA FÍSICA,PENDENTE
PED-03488,2022-02-13,SMARTPHONE,,,0.18600000000000003,NORTE,CARLA MENDES,REVENDEDOR,EM ANÁLISE
PED-03937,2023-01-11,MONITOR,205,1969.22,0.0,NORTE,BRUNO COSTA,ONLINE,CANCELADO
PED-20388,2022-05-19,HD EXTERNO,999999,,0.469,CENTRO-OESTE,DIEGO LIMA,ONLINE,CONCLUÍDO
PED-02999,,IMPRESSORA,154,,1.0,NORTE,ANA SILVA,ONLINE,CONCLUÍDO
PED-89711,,TABLET,,4640.94,0.0,SUDESTE,ELENA SOUZA,ONLINE,EM ANÁLISE
PED-03178,2024-04-28,TABLET,415,10574.07,0.0,NORTE,CARLA MENDES,LOJA FÍSICA,CONCLUÍDO
PED-03437,2023-03-19,HD EXTERNO,309,,0.08199999999999999,SUDESTE,CARLA MENDES,REVENDEDOR,PENDENTE
PED-04056,,HEADSET,,,0.34,SUL,ELENA SOUZA,LOJA FÍSICA,EM ANÁLISE
PED-00020,2022-09-08,SMARTPHONE,133,,0.0,SUDESTE,ELENA SOUZA,LOJA FÍSICA,CANCELADO
PED-04627,2022-12-13,HD EXTERNO,,4728.24,0.3,SUL,ANA SILVA,LOJA FÍSICA,CONCLUÍDO
PED-03005,2023-01-06,TECLADO,262,12641.82,0.0,SUL,ELENA SOUZA,ONLINE,CANCELADO
PED-06367,,MOUSE,,,1.0,NORTE,DIEGO LIMA,LOJA FÍSICA,CONCLUÍDO
PED-09558,2023-02-23,HEADSET,,,0.382,NORDESTE,DIEGO LIMA,LOJA FÍSICA,EM ANÁLISE
PED-08133,2022-12-20,TABLET,234,13952.67,0.0,SUDESTE,ANA SILVA,LOJA FÍSICA,PENDENTE
PED-08549,2022-08-23,WEBCAM,,,0.0,CENTRO-OESTE,CARLA MENDES,LOJA FÍSICA,CANCELADO
PED-07627,2023-03-18,IMPRESSORA,347,,0.419,NORDESTE,ELENA SOUZA,REVENDEDOR,CANCELADO
PED-01660,,IMPRESSORA,,9617.0,0.0,NORTE,ELENA SOUZA,LOJA FÍSICA,CONCLUÍDO
PED-02080,2022-06-21,TABLET,59,13081.98,0.40700000000000003,CENTRO-OESTE,BRUNO COSTA,ONLINE,PENDENTE
PED-07663,,MOUSE,,,0.0,SUDESTE,ELENA SOUZA,TELEVENDAS,CONCLUÍDO
PED-03223,,HD EXTERNO,,,0.495,SUL,BRUNO COSTA,TELEVENDAS,CANCELADO
PED-00038,,NOTEBOOK,134,11591.5,0.394,SUDESTE,BRUNO COSTA,LOJA FÍSICA,PENDENTE
PED-01711,2024-06-27,MOUSE,999999,13413.35,0.0,NORTE,CARLA MENDES,REVENDEDOR,EM ANÁLISE
PED-01910,2023-03-18,WEBCAM,,14040.38,0.0,SUDESTE,ANA SILVA,TELEVENDAS,PENDENTE
PED-08294,,HEADSET,330,11596.53,0.0,SUL,ANA SILVA,REVENDEDOR,PENDENTE
PED-04311,2023-10-24,IMPRESSORA,,,0.281,NORTE,ANA SILVA,LOJA FÍSICA,CONCLUÍDO
PED-09819,2023-01-15,HD EXTERNO,181,13395.16,0.184,SUL,ELENA SOUZA,LOJA FÍSICA,PENDENTE
PED-03056,2024-09-14,TECLADO,,9876.75,0.0,NORDESTE,ELENA SOUZA,ONLINE,EM ANÁLISE
PED-05161,,SMARTPHONE,,9538.18,0.276,CENTRO-OESTE,BRUNO COSTA,TELEVENDAS,PENDENTE
PED-03571,2023-07-28,WEBCAM,328,,0.105,NORDESTE,CARLA MENDES,LOJA FÍSICA,EM ANÁLISE
PED-04969,2022-01-18,TABLET,333,,0.083,SUL,DIEGO LIMA,LOJA FÍSICA,PENDENTE
PED-00106,2024-12-04,MOUSE,,,0.084,NORTE,ELENA SOUZA,REVENDEDOR,CANCELADO
PED-01028,2022-10-02,SMARTPHONE,457,11941.42,0.0,SUL,CARLA MENDES,LOJA FÍSICA,CONCLUÍDO
PED-08158,2022-02-12,HD EXTERNO,,2755.64,0.464,NORTE,BRUNO COSTA,REVENDEDOR,PENDENTE
PED-09213,2022-10-02,TABLET,412,11071.15,0.292,CENTRO-OESTE,CARLA MENDES,REVENDEDOR,CANCELADO
PED-25190,2023-09-19,IMPRESSORA,179,,0.09,NORDESTE,CARLA MENDES,REVENDEDOR,CONCLUÍDO
PED-07727,2024-04-06,NOTEBOOK,,,0.107,SUL,CARLA MENDES,REVENDEDOR,CANCELADO
PED-01582,2023-04-08,NOTEBOOK,128,12706.76,0.0,NORTE,CARLA MENDES,LOJA FÍSICA,CONCLUÍDO
PED-05163,2022-01-06,HD EXTERNO,,,0.421,SUL,BRUNO COSTA,TELEVENDAS,PENDENTE
PED-03993,2023-02-02,SMARTPHONE,212,4344.27,0.4,NORTE,ANA SILVA,TELEVENDAS,PENDENTE
PED-02870,2023-11-26,HD EXTERNO,,,0.0,SUL,ANA SILVA,LOJA FÍSICA,CONCLUÍDO
PED-03157,2023-01-04,NOTEBOOK,111,11427.34,0.0,CENTRO-OESTE,CARLA MENDES,ONLINE,PENDENTE
PED-02247,2024-04-11,HEADSET,,,0.334,NORTE,CARLA MENDES,LOJA FÍSICA,CONCLUÍDO
PED-05341,2023-12-22,HD EXTERNO,,,0.0,SUL,DIEGO LIMA,ONLINE,CONCLUÍDO
PED-02492,,SMARTPHONE,999999,5091.79,0.0,SUL,BRUNO COSTA,REVENDEDOR,CANCELADO
PED-08736,2024-09-10,MOUSE,170,,0.38,SUL,BRUNO COSTA,ONLINE,PENDENTE
PED-06387,2024-04-25,TECLADO,172,2915.82,1.0,SUL,ANA SILVA,REVENDEDOR,CANCELADO
PED-08723,2022-03-10,HEADSET,273,7291.06,0.0,SUL,ANA SILVA,LOJA FÍSICA,CONCLUÍDO
PED-00171,,TABLET,80,,0.0,SUL,DIEGO LIMA,TELEVENDAS,EM ANÁLISE
PED-08917,,HD EXTERNO,488,4468.2,0.43,NORDESTE,BRUNO COSTA,TELEVENDAS,PENDENTE
PED-09920,,WEBCAM,434,,0.0,SUDESTE,CARLA MENDES,REVENDEDOR,PENDENTE
PED-03198,2024-04-04,HD EXTERNO,999999,10702.47,1.0,SUDESTE,CARLA MENDES,TELEVENDAS,CONCLUÍDO
PED-06636,2023-05-03,NOTEBOOK,,7096.06,0.0,NORDESTE,ANA SILVA,ONLINE,PENDENTE
PED-07825,2024-01-15,WEBCAM,206,7746.5,0.0,NORDESTE,ANA SILVA,REVENDEDOR,CANCELADO
PED-00897,2024-07-11,IMPRESSORA,,,0.0,NORDESTE,ELENA SOUZA,REVENDEDOR,PENDENTE
PED-05360,2024-10-05,TABLET,,,0.0,CENTRO-OESTE,ELENA SOUZA,ONLINE,PENDENTE
PED-86564,,NOTEBOOK,210,,0.35,NORTE,DIEGO LIMA,LOJA FÍSICA,EM ANÁLISE
PED-07850,,TABLET,,,0.079,NORTE,DIEGO LIMA,TELEVENDAS,CONCLUÍDO
PED-03419,2023-05-19,MOUSE,344,4456.57,0.049,CENTRO-OESTE,CARLA MENDES,TELEVENDAS,CANCELADO
PED-09314,2023-03-03,WEBCAM,222,,0.221,SUL,CARLA MENDES,REVENDEDOR,PENDENTE
PED-04035,2023-03-20,WEBCAM,86,13630.41,0.0,CENTRO-OESTE,CARLA MENDES,LOJA FÍSICA,CONCLUÍDO
PED-03878,2024-02-19,HEADSET,,,1.0,SUL,DIEGO LIMA,TELEVENDAS,PENDENTE
PED-02082,2023-06-20,HEADSET,350,6565.39,0.37799999999999995,SUDESTE,ELENA SOUZA,TELEVENDAS,PENDENTE
PED-00149,,MOUSE,118,8740.47,0.44,SUL,BRUNO COSTA,LOJA FÍSICA,PENDENTE
PED-04513,2023-02-23,TECLADO,472,,0.0,CENTRO-OESTE,ELENA SOUZA,LOJA FÍSICA,PENDENTE
PED-01448,2022-08-12,TABLET,133,13196.24,0.0,CENTRO-OESTE,ELENA SOUZA,ONLINE,EM ANÁLISE
PED-02322,,NOTEBOOK,,13645.0,0.0,NORTE,BRUNO COSTA,LOJA FÍSICA,CONCLUÍDO
PED-72322,2023-08-11,HEADSET,249,,0.0,SUL,ANA SILVA,LOJA FÍSICA,EM ANÁLISE
PED-00193,,HD EXTERNO,999999,,0.0,SUL,ANA SILVA,TELEVENDAS,CONCLUÍDO
PED-02310,2023-07-04,WEBCAM,,11592.81,0.174,NORDESTE,BRUNO COSTA,LOJA FÍSICA,EM ANÁLISE
PED-03784,,SMARTPHONE,375,3024.07,0.128,SUL,CARLA MENDES,LOJA FÍSICA,EM ANÁLISE
PED-02776,2022-08-26,MOUSE,398,13342.0,0.311,SUL,ELENA SOUZA,REVENDEDOR,EM ANÁLISE
PED-01538,2022-01-19,HD EXTERNO,,13943.33,0.2,NORTE,CARLA MENDES,TELEVENDAS,CONCLUÍDO
PED-05202,,IMPRESSORA,,2640.61,0.22399999999999998,SUL,CARLA MENDES,LOJA FÍSICA,EM ANÁLISE
PED-04901,2023-06-28,TABLET,345,,0.243,NORDESTE,BRUNO COSTA,LOJA FÍSICA,CONCLUÍDO
PED-04557,2023-01-07,TABLET,,,0.32,SUL,ELENA SOUZA,ONLINE,EM ANÁLISE
PED-00090,2024-02-03,HEADSET,52,5704.29,0.278,SUDESTE,ANA SILVA,LOJA FÍSICA,PENDENTE
PED-02675,2024-04-28,HD EXTERNO,,,0.203,SUL,ANA SILVA,LOJA FÍSICA,CANCELADO
PED-08244,2023-11-01,IMPRESSORA,305,,0.433,SUDESTE,ELENA SOUZA,ONLINE,CONCLUÍDO
PED-05817,2023-04-24,MOUSE,,9796.61,0.0,SUL,ANA SILVA,TELEVENDAS,CONCLUÍDO
PED-03798,2022-10-21,WEBCAM,490,,0.038,NORTE,CARLA MENDES,ONLINE,CONCLUÍDO
PED-00814,2023-04-22,WEBCAM,,,0.449,SUL,ANA SILVA,TELEVENDAS,CONCLUÍDO
PED-85768,2024-08-16,SMARTPHONE,,1111.93,0.272,SUDESTE,BRUNO COSTA,TELEVENDAS,CONCLUÍDO
PED-06900,2023-11-05,WEBCAM,337,14269.28,0.253,CENTRO-OESTE,ELENA SOUZA,LOJA FÍSICA,PENDENTE
PED-05119,2023-10-05,SMARTPHONE,314,,0.0,NORTE,ELENA SOUZA,REVENDEDOR,CANCELADO
PED-06457,2024-12-09,NOTEBOOK,266,,0.329,CENTRO-OESTE,ANA SILVA,TELEVENDAS,CONCLUÍDO
PED-05390,,NAN,44,358.98,0.44,SUDESTE,BRUNO COSTA,TELEVENDAS,CONCLUÍDO
PED-04315,2022-12-27,NOTEBOOK,376,,0.2,NORTE,DIEGO LIMA,LOJA FÍSICA,PENDENTE
PED-08209,,TABLET,,,0.0,SUDESTE,CARLA MENDES,REVENDEDOR,CANCELADO
PED-02582,2022-10-06,NOTEBOOK,,,0.275,NORTE,DIEGO LIMA,TELEVENDAS,PENDENTE
PED-05854,,MONITOR,,,0.0,SUL,DIEGO LIMA,REVENDEDOR,CONCLUÍDO
PED-09566,,SMARTPHONE,230,9775.58,0.114,SUL,BRUNO COSTA,REVENDEDOR,PENDENTE
PED-03966,2024-04-07,HD EXTERNO,999999,9032.07,0.0,NORDESTE,BRUNO COSTA,LOJA FÍSICA,PENDENTE
PED-03830,,HD EXTERNO,135,632.95,1.0,NORTE,BRUNO COSTA,REVENDEDOR,CONCLUÍDO
PED-04167,2023-06-04,HD EXTERNO,,,0.0,NORTE,ELENA SOUZA,TELEVENDAS,CONCLUÍDO
PED-04125,2024-01-06,WEBCAM,,,0.198,SUDESTE,CARLA MENDES,LOJA FÍSICA,PENDENTE
PED-05157,2023-12-18,HD EXTERNO,,11377.28,0.33799999999999997,SUL,BRUNO COSTA,LOJA FÍSICA,CANCELADO
PED-06744,,MOUSE,,,0.0,CENTRO-OESTE,ANA SILVA,LOJA FÍSICA,EM ANÁLISE
PED-01968,2023-11-17,HD EXTERNO,103,7316.46,0.0,NORTE,DIEGO LIMA,LOJA FÍSICA,PENDENTE
PED-02479,2024-09-17,TECLADO,,,0.0,NORTE,ANA SILVA,ONLINE,CONCLUÍDO
PED-04025,2024-09-06,NOTEBOOK,,,0.0,SUDESTE,CARLA MENDES,TELEVENDAS,PENDENTE
PED-00989,,TECLADO,45,1507.0,0.28,NORTE,BRUNO COSTA,LOJA FÍSICA,CONCLUÍDO
PED-02355,2022-07-26,IMPRESSORA,,,0.386,NORDESTE,ANA SILVA,LOJA FÍSICA,CANCELADO
PED-00548,2022-12-17,SMARTPHONE,130,13245.79,0.0,CENTRO-OESTE,DIEGO LIMA,LOJA FÍSICA,CANCELADO
PED-02298,2023-08-05,SMARTPHONE,429,11952.09,0.24100000000000002,SUDESTE,ANA SILVA,TELEVENDAS,CANCELADO
PED-01006,2022-06-10,MONITOR,,7139.29,0.13,SUL,BRUNO COSTA,TELEVENDAS,EM ANÁLISE
PED-05283,2024-06-24,WEBCAM,,,0.43,NORTE,CARLA MENDES,TELEVENDAS,CONCLUÍDO
PED-08094,2022-10-13,TECLADO,,5582.04,0.27899999999999997,NORTE,ELENA SOUZA,REVENDEDOR,CONCLUÍDO
PED-08236,2024-03-06,NOTEBOOK,,13362.26,0.142,SUDESTE,ELENA SOUZA,TELEVENDAS,CONCLUÍDO
PED-09661,2023-01-25,HEADSET,,5979.07,0.16,SUDESTE,ANA SILVA,ONLINE,EM ANÁLISE
PED-00081,,TECLADO,367,,0.47,NORTE,BRUNO COSTA,TELEVENDAS,PENDENTE
PED-04302,2022-05-15,MOUSE,,,0.159,SUL,BRUNO COSTA,TELEVENDAS,PENDENTE
PED-00984,2024-07-07,MONITOR,30,2306.47,0.0,SUL,CARLA MENDES,ONLINE,CANCELADO
PED-02243,2023-03-21,TECLADO,,,0.0,SUDESTE,CARLA MENDES,TELEVENDAS,EM ANÁLISE
PED-09206,2022-03-26,NAN,117,12702.34,0.35,NORTE,ANA SILVA,REVENDEDOR,CONCLUÍDO
PED-05203,2022-05-03,NOTEBOOK,,,0.44,SUDESTE,DIEGO LIMA,ONLINE,CONCLUÍDO
PED-04102,2024-10-06,HD EXTERNO,,,0.0,SUL,ELENA SOUZA,ONLINE,CONCLUÍDO
PED-04913,,HD EXTERNO,999999,,0.377,CENTRO-OESTE,BRUNO COSTA,REVENDEDOR,PENDENTE
PED-07469,,SMARTPHONE,,10768.09,0.035,NORTE,DIEGO LIMA,REVENDEDOR,CONCLUÍDO
PED-09879,,TECLADO,385,,0.41700000000000004,SUL,ANA SILVA,LOJA FÍSICA,EM ANÁLISE
PED-03015,2022-05-27,SMARTPHONE,,,0.0,SUDESTE,ELENA SOUZA,LOJA FÍSICA,PENDENTE
PED-04762,,IMPRESSORA,,,0.38,SUL,DIEGO LIMA,LOJA FÍSICA,EM ANÁLISE
PED-01734,,HD EXTERNO,999999,,0.318,SUDESTE,DIEGO LIMA,LOJA FÍSICA,CONCLUÍDO
PED-07480,2023-11-02,HEADSET,,,0.133,NORTE,DIEGO LIMA,TELEVENDAS,CANCELADO
PED-04108,2024-04-20,WEBCAM,299,13924.96,0.0,SUDESTE,DIEGO LIMA,LOJA FÍSICA,CANCELADO
PED-04282,2022-12-25,IMPRESSORA,368,8735.8,0.276,SUDESTE,ELENA SOUZA,ONLINE,EM ANÁLISE
PED-05074,2024-04-08,TABLET,,8083.0,1.0,NORTE,ELENA SOUZA,LOJA FÍSICA,PENDENTE
PED-09666,2022-09-20,NOTEBOOK,,2828.0,1.0,CENTRO-OESTE,ANA SILVA,LOJA FÍSICA,PENDENTE
PED-02644,,HEADSET,337,3097.0,0.022000000000000002,CENTRO-OESTE,DIEGO LIMA,TELEVENDAS,CANCELADO
PED-74960,2022-02-19,MOUSE,999999,,0.0,NORTE,ELENA SOUZA,TELEVENDAS,CONCLUÍDO
PED-02401,2023-01-23,NOTEBOOK,,12498.19,0.39,NORTE,ANA SILVA,ONLINE,CONCLUÍDO
PED-08469,2023-01-17,IMPRESSORA,148,11990.31,0.399,NORTE,ELENA SOUZA,LOJA FÍSICA,CONCLUÍDO
PED-08649,2023-08-22,MONITOR,200,5823.11,0.0,NORTE,CARLA MENDES,ONLINE,CONCLUÍDO
PED-00474,,SMARTPHONE,160,8793.76,0.13,SUL,CARLA MENDES,LOJA FÍSICA,EM ANÁLISE
PED-06728,,WEBCAM,,6168.0,0.111,CENTRO-OESTE,BRUNO COSTA,ONLINE,CANCELADO
PED-00759,2022-08-14,MOUSE,159,,0.079,SUL,BRUNO COSTA,ONLINE,EM ANÁLISE
PED-00117,,TECLADO,,3193.0,0.484,NORDESTE,ANA SILVA,ONLINE,EM ANÁLISE
PED-07477,2024-06-01,HEADSET,42,1716.93,0.262,NORTE,BRUNO COSTA,LOJA FÍSICA,CONCLUÍDO
PED-05403,,TABLET,428,12711.0,0.17,NORTE,CARLA MENDES,REVENDEDOR,CANCELADO
PED-04203,,SMARTPHONE,,,0.0,NORDESTE,ANA SILVA,LOJA FÍSICA,CONCLUÍDO
PED-08211,,TECLADO,999999,9185.61,0.436,SUDESTE,ELENA SOUZA,TELEVENDAS,EM ANÁLISE
PED-04839,2024-03-28,HD EXTERNO,999999,1099.01,0.377,SUDESTE,DIEGO LIMA,LOJA FÍSICA,EM ANÁLISE
PED-31224,2024-02-07,TECLADO,,,0.42,NORTE,ANA SILVA,LOJA FÍSICA,PENDENTE
PED-00364,2023-02-01,MOUSE,,11781.9,0.0,NORTE,ANA SILVA,LOJA FÍSICA,CONCLUÍDO
PED-02170,2023-05-23,HD EXTERNO,398,,0.473,SUL,CARLA MENDES,LOJA FÍSICA,CONCLUÍDO
PED-05308,2023-05-05,NOTEBOOK,,4788.6,0.0,SUL,DIEGO LIMA,ONLINE,CONCLUÍDO
PED-06152,2024-02-13,TECLADO,,,0.0,SUDESTE,ELENA SOUZA,REVENDEDOR,EM ANÁLISE
PED-02744,2023-05-04,NOTEBOOK,60,8082.78,0.348,SUL,ELENA SOUZA,LOJA FÍSICA,CONCLUÍDO
PED-00861,,SMARTPHONE,381,11853.51,1.0,SUDESTE,DIEGO LIMA,TELEVENDAS,PENDENTE
PED-07131,2024-07-17,MONITOR,,,0.09300000000000001,NORTE,ANA SILVA,TELEVENDAS,EM ANÁLISE
PED-05502,2023-07-25,TECLADO,350,,0.319,NORTE,DIEGO LIMA,REVENDEDOR,PENDENTE
PED-03029,2023-12-07,MONITOR,115,12487.85,0.19,NORDESTE,DIEGO LIMA,TELEVENDAS,PENDENTE
PED-08210,2024-05-06,HEADSET,,,0.0,CENTRO-OESTE,ELENA SOUZA,TELEVENDAS,CANCELADO
PED-03478,2022-05-14,TECLADO,60,,0.445,SUL,ELENA SOUZA,LOJA FÍSICA,CONCLUÍDO
PED-00111,2023-06-28,SMARTPHONE,16,,0.234,SUDESTE,ANA SILVA,LOJA FÍSICA,PENDENTE
PED-04144,,SMARTPHONE,999999,12704.53,0.221,SUL,ELENA SOUZA,ONLINE,PENDENTE
PED-09329,,MOUSE,299,,0.187,CENTRO-OESTE,DIEGO LIMA,LOJA FÍSICA,CONCLUÍDO
PED-02430,2024-10-19,HD EXTERNO,,2055.78,1.0,SUL,BRUNO COSTA,REVENDEDOR,CONCLUÍDO
PED-08490,2022-05-23,MONITOR,999999,,0.0,NORTE,CARLA MENDES,ONLINE,CONCLUÍDO
PED-04593,,HEADSET,389,10229.3,0.16399999999999998,SUL,ELENA SOUZA,REVENDEDOR,CONCLUÍDO
PED-07448,2022-08-10,HEADSET,999999,2356.13,0.0,NORTE,BRUNO COSTA,LOJA FÍSICA,CANCELADO
PED-07624,,NOTEBOOK,494,,0.483,NORTE,BRUNO COSTA,REVENDEDOR,CONCLUÍDO
PED-04888,2022-04-09,MOUSE,,,0.3670000000000001,NORTE,ANA SILVA,ONLINE,EM ANÁLISE
PED-05399,2023-06-26,MOUSE,184,,0.178,SUL,CARLA MENDES,LOJA FÍSICA,CANCELADO
PED-09086,2024-07-19,SMARTPHONE,,,0.0,NORDESTE,CARLA MENDES,ONLINE,CONCLUÍDO
PED-06574,2023-10-25,MONITOR,,,0.08900000000000001,NORDESTE,ANA SILVA,LOJA FÍSICA,CANCELADO
PED-46594,2022-06-28,TECLADO,372,3139.27,0.19,CENTRO-OESTE,CARLA MENDES,REVENDEDOR,EM ANÁLISE
PED-01782,2024-06-24,TABLET,,,0.395,CENTRO-OESTE,ANA SILVA,LOJA FÍSICA,PENDENTE
PED-09654,,MONITOR,235,,0.467,SUDESTE,ELENA SOUZA,ONLINE,EM ANÁLISE
PED-05456,,MONITOR,205,,0.015,SUDESTE,DIEGO LIMA,ONLINE,CANCELADO
PED-07886,,WEBCAM,447,11214.77,0.0,CENTRO-OESTE,CARLA MENDES,LOJA FÍSICA,CONCLUÍDO
PED-04121,2024-09-12,HD EXTERNO,,,0.0,SUL,CARLA MENDES,ONLINE,PENDENTE
PED-01649,2024-01-01,HD EXTERNO,172,,0.0,SUL,NAN,LOJA FÍSICA,EM ANÁLISE
PED-00082,2023-04-17,MOUSE,263,,0.0,NORTE,ELENA SOUZA,REVENDEDOR,CONCLUÍDO
PED-08233,2024-06-16,MONITOR,,,0.406,SUDESTE,ANA SILVA,ONLINE,CANCELADO
PED-06026,2022-02-13,MOUSE,,1839.37,0.0,NORDESTE,DIEGO LIMA,TELEVENDAS,CANCELADO
PED-07819,2022-06-25,MOUSE,999999,,0.0,NORTE,ELENA SOUZA,LOJA FÍSICA,EM ANÁLISE
PED-00086,2024-01-27,HD EXTERNO,28,,0.432,CENTRO-OESTE,CARLA MENDES,TELEVENDAS,CANCELADO
PED-08653,,MONITOR,,,0.012,CENTRO-OESTE,ELENA SOUZA,ONLINE,CANCELADO
PED-03906,,MOUSE,397,,0.0,NORTE,ANA SILVA,ONLINE,CONCLUÍDO
PED-04616,,MONITOR,,9645.18,0.0,SUDESTE,DIEGO LIMA,ONLINE,CONCLUÍDO
PED-07558,2024-02-10,HEADSET,999999,3826.0,0.019,SUDESTE,BRUNO COSTA,LOJA FÍSICA,PENDENTE
PED-04575,2023-09-17,HEADSET,,9312.11,0.0,NORDESTE,CARLA MENDES,LOJA FÍSICA,CANCELADO
PED-04204,2023-04-15,HD EXTERNO,307,505.74,0.0,CENTRO-OESTE,DIEGO LIMA,REVENDEDOR,CONCLUÍDO
PED-03154,2023-12-13,SMARTPHONE,498,14153.04,0.211,SUDESTE,DIEGO LIMA,ONLINE,CONCLUÍDO
PED-04663,2024-08-27,IMPRESSORA,165,,0.354,SUDESTE,BRUNO COSTA,LOJA FÍSICA,PENDENTE
PED-08701,,SMARTPHONE,344,,0.0,NORTE,DIEGO LIMA,ONLINE,CONCLUÍDO
PED-09647,2022-11-13,WEBCAM,999999,14133.58,0.0,NORTE,ANA SILVA,ONLINE,CONCLUÍDO
PED-04820,2023-09-26,MOUSE,199,13981.28,0.429,NORTE,ANA SILVA,ONLINE,CONCLUÍDO
PED-03039,2023-10-11,HD EXTERNO,77,,0.33299999999999996,CENTRO-OESTE,CARLA MENDES,TELEVENDAS,CONCLUÍDO
PED-02036,,SMARTPHONE,,6460.84,0.479,SUL,CARLA MENDES,REVENDEDOR,PENDENTE
PED-01334,2024-10-19,TABLET,82,12039.29,0.0,NORTE,DIEGO LIMA,LOJA FÍSICA,CANCELADO
PED-04885,,SMARTPHONE,,9265.03,0.225,SUDESTE,ANA SILVA,ONLINE,PENDENTE
PED-05219,2024-03-19,TABLET,999999,,0.0,SUL,DIEGO LIMA,LOJA FÍSICA,CONCLUÍDO
PED-05946,2022-09-10,MOUSE,257,1910.55,0.0,SUL,BRUNO COSTA,REVENDEDOR,CONCLUÍDO
PED-03841,,TABLET,,6108.0,0.255,NORTE,ANA SILVA,LOJA FÍSICA,CONCLUÍDO
PED-01700,2023-01-10,IMPRESSORA,,10234.3,0.407,NORDESTE,ANA SILVA,LOJA FÍSICA,EM ANÁLISE
PED-00191,,MOUSE,,11592.0,0.0,NORDESTE,ANA SILVA,LOJA FÍSICA,CANCELADO
PED-07149,2022-06-02,HD EXTERNO,340,,0.493,CENTRO-OESTE,CARLA MENDES,TELEVENDAS,CANCELADO
PED-00378,2024-04-15,NOTEBOOK,276,13793.25,0.0,SUL,DIEGO LIMA,REVENDEDOR,EM ANÁLISE
PED-07093,2023-10-17,HD EXTERNO,,,0.045,SUL,CARLA MENDES,LOJA FÍSICA,PENDENTE
PED-21355,,SMARTPHONE,145,,0.0,SUDESTE,ELENA SOUZA,LOJA FÍSICA,PENDENTE
PED-02721,2024-08-22,IMPRESSORA,,11825.21,0.047,SUDESTE,ANA SILVA,LOJA FÍSICA,CONCLUÍDO
PED-07212,2022-07-16,IMPRESSORA,356,,0.0,SUDESTE,DIEGO LIMA,LOJA FÍSICA,CONCLUÍDO
PED-09628,2024-03-06,HD EXTERNO,39,8427.98,0.348,SUL,DIEGO LIMA,LOJA FÍSICA,CONCLUÍDO
PED-01346,,HD EXTERNO,42,14302.35,0.0,SUDESTE,ELENA SOUZA,LOJA FÍSICA,CANCELADO
PED-07388,2024-09-11,TABLET,122,13595.18,1.0,SUDESTE,ELENA SOUZA,TELEVENDAS,CANCELADO
PED-07419,,HD EXTERNO,,12698.83,0.491,SUL,DIEGO LIMA,ONLINE,EM ANÁLISE
PED-01283,,MOUSE,,4000.17,1.0,SUL,DIEGO LIMA,ONLINE,EM ANÁLISE
PED-02180,,SMARTPHONE,,,0.212,SUL,ANA SILVA,LOJA FÍSICA,CANCELADO
PED-09237,2023-11-20,HEADSET,105,14534.76,0.222,SUDESTE,BRUNO COSTA,ONLINE,CONCLUÍDO
PED-07003,2023-08-25,TECLADO,256,,0.085,CENTRO-OESTE,DIEGO LIMA,ONLINE,CONCLUÍDO
PED-06169,2024-07-07,MONITOR,,,0.0,NORTE,CARLA MENDES,ONLINE,CONCLUÍDO
PED-01429,,HEADSET,,1266.65,0.0,SUDESTE,CARLA MENDES,LOJA FÍSICA,CONCLUÍDO
PED-13072,,TECLADO,74,2690.62,0.34299999999999997,NORTE,ANA SILVA,ONLINE,CANCELADO
PED-04842,2023-07-01,WEBCAM,172,,0.0,NORDESTE,ANA SILVA,REVENDEDOR,CANCELADO
PED-01777,2024-06-28,MOUSE,201,,0.0,SUL,ELENA SOUZA,REVENDEDOR,PENDENTE
PED-05110,2024-11-10,SMARTPHONE,365,14239.35,0.14,NORTE,ELENA SOUZA,REVENDEDOR,EM ANÁLISE
PED-06024,2022-03-27,MONITOR,,,0.42100000000000004,SUL,CARLA MENDES,REVENDEDOR,PENDENTE
PED-32551,2024-08-02,HD EXTERNO,46,4823.21,0.489,NORTE,DIEGO LIMA,TELEVENDAS,PENDENTE
PED-01458,2024-09-14,HEADSET,999999,3570.69,0.0,SUL,BRUNO COSTA,TELEVENDAS,CONCLUÍDO
PED-01737,,SMARTPHONE,,9648.0,0.41100000000000003,SUL,CARLA MENDES,ONLINE,EM ANÁLISE
PED-02270,2022-07-13,WEBCAM,,,0.0,CENTRO-OESTE,BRUNO COSTA,ONLINE,PENDENTE
PED-05178,2022-01-25,MONITOR,243,6263.98,0.0,SUL,ELENA SOUZA,ONLINE,CONCLUÍDO
PED-05678,2023-03-19,HD EXTERNO,,,0.0,SUL,ANA SILVA,REVENDEDOR,EM ANÁLISE
PED-13939,2023-04-26,MOUSE,241,,0.1,NORTE,ANA SILVA,LOJA FÍSICA,EM ANÁLISE
PED-05911,,MONITOR,999999,14350.44,0.0,NORTE,DIEGO LIMA,LOJA FÍSICA,CONCLUÍDO
PED-08546,2024-02-22,MONITOR,222,7191.68,0.32,NORTE,ELENA SOUZA,TELEVENDAS,EM ANÁLISE
PED-09122,2024-03-16,IMPRESSORA,,7633.0,0.0,NORTE,ELENA SOUZA,ONLINE,EM ANÁLISE
PED-03349,2024-03-14,SMARTPHONE,260,,0.025,SUL,DIEGO LIMA,REVENDEDOR,PENDENTE
PED-08184,2022-04-15,NOTEBOOK,255,1711.72,0.486,CENTRO-OESTE,DIEGO LIMA,REVENDEDOR,CONCLUÍDO
PED-02925,,MOUSE,192,5379.29,0.28,SUL,ELENA SOUZA,LOJA FÍSICA,CANCELADO
PED-06674,2023-05-20,MOUSE,,1411.0,0.0,NORDESTE,CARLA MENDES,ONLINE,CONCLUÍDO
PED-01804,2022-07-19,NOTEBOOK,494,,0.474,SUL,ELENA SOUZA,ONLINE,CONCLUÍDO
PED-06674,2022-01-07,NOTEBOOK,379,,0.0,SUDESTE,DIEGO LIMA,TELEVENDAS,CONCLUÍDO
PED-01115,2024-11-22,MONITOR,,,0.228,SUL,ELENA SOUZA,ONLINE,PENDENTE
PED-09589,2022-11-25,WEBCAM,221,10537.19,1.0,SUL,ELENA SOUZA,ONLINE,CONCLUÍDO
PED-06762,2023-05-22,MONITOR,211,,0.335,NORDESTE,CARLA MENDES,ONLINE,CONCLUÍDO
PED-05964,2024-01-04,SMARTPHONE,,,0.0,CENTRO-OESTE,CARLA MENDES,REVENDEDOR,PENDENTE
PED-07053,,SMARTPHONE,,4380.22,0.0,NORDESTE,BRUNO COSTA,TELEVENDAS,PENDENTE
PED-05837,2023-01-13,TABLET,,3689.9,0.035,SUL,ANA SILVA,REVENDEDOR,CANCELADO
PED-06032,2022-02-20,TECLADO,126,6863.95,0.418,SUDESTE,ELENA SOUZA,ONLINE,CANCELADO
PED-04493,2024-08-07,HD EXTERNO,,1886.04,0.0,NORDESTE,ANA SILVA,REVENDEDOR,CONCLUÍDO
PED-08633,,IMPRESSORA,,6612.5,0.0,NORTE,ANA SILVA,ONLINE,EM ANÁLISE
PED-09404,,MONITOR,,,0.136,SUDESTE,BRUNO COSTA,LOJA FÍSICA,CONCLUÍDO
PED-02217,2024-12-25,IMPRESSORA,370,6028.76,0.47,SUL,ANA SILVA,TELEVENDAS,EM ANÁLISE
PED-06552,2024-04-26,NOTEBOOK,,,0.33,SUL,BRUNO COSTA,TELEVENDAS,EM ANÁLISE
PED-55986,2024-03-26,TABLET,,6681.34,0.11699999999999999,SUDESTE,ELENA SOUZA,REVENDEDOR,PENDENTE
PED-00246,2023-12-18,MONITOR,,9695.97,0.0,SUL,ELENA SOUZA,TELEVENDAS,EM ANÁLISE
PED-07027,2023-08-17,SMARTPHONE,284,,0.109,SUDESTE,ELENA SOUZA,LOJA FÍSICA,CONCLUÍDO
PED-08965,2023-11-13,IMPRESSORA,,3993.0,1.0,SUL,CARLA MENDES,REVENDEDOR,PENDENTE
PED-01954,2024-04-22,NOTEBOOK,,13561.05,0.267,SUDESTE,ANA SILVA,TELEVENDAS,PENDENTE
PED-00095,2023-11-17,NOTEBOOK,,2512.78,0.0,SUDESTE,DIEGO LIMA,LOJA FÍSICA,CANCELADO
PED-06849,2022-02-13,HD EXTERNO,171,,0.248,CENTRO-OESTE,ANA SILVA,TELEVENDAS,CONCLUÍDO
PED-09258,2024-12-22,TECLADO,376,,1.0,SUDESTE,CARLA MENDES,LOJA FÍSICA,EM ANÁLISE
PED-06643,2024-09-03,NOTEBOOK,,8061.66,0.267,CENTRO-OESTE,ELENA SOUZA,ONLINE,CONCLUÍDO
PED-07698,2022-04-15,MONITOR,231,2672.12,0.0,SUL,ELENA SOUZA,LOJA FÍSICA,EM ANÁLISE
PED-09912,2022-08-02,HEADSET,173,,0.495,SUL,DIEGO LIMA,ONLINE,CANCELADO
PED-02295,2022-07-21,TECLADO,,9159.79,0.0,NORTE,ELENA SOUZA,REVENDEDOR,EM ANÁLISE
PED-04905,2022-08-02,NOTEBOOK,108,2998.99,0.166,SUDESTE,CARLA MENDES,LOJA FÍSICA,CANCELADO
PED-08193,,HD EXTERNO,,13537.57,1.0,SUL,ANA SILVA,ONLINE,PENDENTE
PED-08062,2022-09-21,MOUSE,201,,0.41700000000000004,NORDESTE,NAN,REVENDEDOR,EM ANÁLISE
PED-09149,2023-03-13,MONITOR,,,0.244,NORTE,CARLA MENDES,TELEVENDAS,PENDENTE
PED-06696,,IMPRESSORA,,,0.218,NORTE,ANA SILVA,TELEVENDAS,CANCELADO
PED-00050,2024-03-21,TABLET,107,,0.235,CENTRO-OESTE,BRUNO COSTA,REVENDEDOR,CONCLUÍDO
PED-06251,2023-09-11,HD EXTERNO,194,891.0,0.43200000000000005,SUDESTE,CARLA MENDES,ONLINE,CANCELADO
PED-19806,2024-01-15,MOUSE,12,7145.8,0.0,NORTE,ELENA SOUZA,TELEVENDAS,CANCELADO
PED-04195,2024-09-22,HD EXTERNO,,8237.4,0.0,SUDESTE,BRUNO COSTA,REVENDEDOR,CANCELADO
PED-04172,,SMARTPHONE,474,12308.93,0.0,NORDESTE,ANA SILVA,TELEVENDAS,PENDENTE
PED-00817,2024-03-05,SMARTPHONE,,14912.92,0.149,SUL,DIEGO LIMA,REVENDEDOR,CONCLUÍDO
PED-01728,,WEBCAM,,11172.0,0.289,SUL,CARLA MENDES,REVENDEDOR,EM ANÁLISE
PED-02932,2024-11-04,SMARTPHONE,191,,0.9,NORTE,CARLA MENDES,LOJA FÍSICA,CONCLUÍDO
PED-07109,,HD EXTERNO,,536.0,1.0,CENTRO-OESTE,CARLA MENDES,LOJA FÍSICA,PENDENTE
PED-00971,2023-07-05,TABLET,407,1541.2,1.0,SUL,ELENA SOUZA,LOJA FÍSICA,CANCELADO
PED-05011,2024-01-17,MONITOR,999999,,0.34700000000000003,NORTE,ELENA SOUZA,REVENDEDOR,EM ANÁLISE
PED-02737,2022-04-20,NOTEBOOK,999999,6311.26,0.403,SUDESTE,CARLA MENDES,ONLINE,PENDENTE
PED-06381,2023-01-21,TABLET,485,,0.177,SUL,DIEGO LIMA,REVENDEDOR,CANCELADO
PED-06011,2023-04-22,WEBCAM,999999,3040.76,0.293,NORDESTE,ELENA SOUZA,LOJA FÍSICA,CANCELADO
PED-01654,2023-05-07,HEADSET,,,0.105,CENTRO-OESTE,ANA SILVA,ONLINE,CONCLUÍDO
PED-09585,2024-07-21,MOUSE,,11299.37,0.0,NORTE,ANA SILVA,REVENDEDOR,CONCLUÍDO
PED-03816,,HEADSET,,9539.06,0.455,NORTE,ELENA SOUZA,ONLINE,EM ANÁLISE
PED-06821,2024-01-08,SMARTPHONE,,,0.0,SUL,CARLA MENDES,ONLINE,CONCLUÍDO
PED-00674,2022-01-24,SMARTPHONE,,377.53,0.16,SUDESTE,ANA SILVA,REVENDEDOR,PENDENTE
PED-19483,2024-11-05,HD EXTERNO,,,0.0,CENTRO-OESTE,DIEGO LIMA,ONLINE,EM ANÁLISE
PED-08889,2022-11-12,MONITOR,,,0.188,CENTRO-OESTE,ANA SILVA,REVENDEDOR,EM ANÁLISE
PED-04063,2023-10-01,MONITOR,,8015.04,0.0,NORTE,BRUNO COSTA,LOJA FÍSICA,CANCELADO
PED-08897,,TECLADO,,11805.99,0.474,CENTRO-OESTE,DIEGO LIMA,REVENDEDOR,PENDENTE
PED-01624,2023-04-01,TECLADO,,12017.62,0.43,SUL,ELENA SOUZA,LOJA FÍSICA,PENDENTE
PED-06934,,NOTEBOOK,,,0.423,SUDESTE,ANA SILVA,ONLINE,CONCLUÍDO
PED-06179,2023-12-02,NOTEBOOK,401,,0.498,SUL,CARLA MENDES,ONLINE,CANCELADO
PED-00725,,MOUSE,354,4711.59,0.0,SUDESTE,CARLA MENDES,TELEVENDAS,PENDENTE
PED-06924,2022-03-25,NOTEBOOK,21,12159.0,0.0,SUDESTE,CARLA MENDES,TELEVENDAS,PENDENTE
PED-00472,2022-07-11,HD EXTERNO,,3979.0,0.248,SUL,DIEGO LIMA,ONLINE,CONCLUÍDO
PED-01045,2024-05-02,MOUSE,173,5866.46,0.0,SUDESTE,ELENA SOUZA,REVENDEDOR,CONCLUÍDO
PED-02736,,MOUSE,,,0.0,CENTRO-OESTE,ANA SILVA,LOJA FÍSICA,PENDENTE
PED-09461,2023-09-25,NOTEBOOK,,8710.89,0.067,NORTE,ANA SILVA,ONLINE,EM ANÁLISE
PED-06970,,MOUSE,200,,0.0,NORDESTE,BRUNO COSTA,TELEVENDAS,EM ANÁLISE
PED-05862,2023-05-22,MONITOR,,,0.465,SUDESTE,BRUNO COSTA,ONLINE,CONCLUÍDO
PED-09411,2022-07-27,MOUSE,384,,0.47,SUDESTE,CARLA MENDES,TELEVENDAS,EM ANÁLISE
PED-02861,2024-05-09,WEBCAM,,,0.475,NORDESTE,CARLA MENDES,LOJA FÍSICA,PENDENTE
PED-08265,,WEBCAM,100,,0.0,SUDESTE,ELENA SOUZA,LOJA FÍSICA,CANCELADO
PED-03832,2023-04-17,NOTEBOOK,,,0.154,CENTRO-OESTE,CARLA MENDES,LOJA FÍSICA,PENDENTE
PED-01771,,MOUSE,387,,1.0,SUL,BRUNO COSTA,LOJA FÍSICA,EM ANÁLISE
PED-05673,2022-04-05,IMPRESSORA,,,0.485,SUL,ANA SILVA,LOJA FÍSICA,PENDENTE
PED-00125,,HD EXTERNO,74,,0.0,SUL,CARLA MENDES,TELEVENDAS,PENDENTE
PED-01823,2023-10-25,IMPRESSORA,338,,0.0,CENTRO-OESTE,CARLA MENDES,ONLINE,CANCELADO
PED-09686,2024-07-10,TABLET,72,,0.42,SUL,ELENA SOUZA,LOJA FÍSICA,PENDENTE
PED-09711,2022-03-12,TECLADO,999999,6055.25,0.37,NORTE,CARLA MENDES,REVENDEDOR,PENDENTE
PED-02576,,MOUSE,30,,0.0,NORTE,BRUNO COSTA,LOJA FÍSICA,PENDENTE
PED-04161,2024-03-05,TABLET,496,,0.0,NORDESTE,DIEGO LIMA,ONLINE,CONCLUÍDO
PED-01614,,WEBCAM,94,,0.305,NORTE,BRUNO COSTA,TELEVENDAS,CANCELADO
PED-04411,,NOTEBOOK,30,11522.59,0.31,SUL,BRUNO COSTA,ONLINE,PENDENTE
PED-08102,2024-10-05,MONITOR,,,0.0,SUL,BRUNO COSTA,ONLINE,EM ANÁLISE
PED-07983,2023-07-13,HD EXTERNO,,,0.0,SUDESTE,DIEGO LIMA,TELEVENDAS,CANCELADO
PED-06184,,HEADSET,999999,,0.02,NORTE,DIEGO LIMA,REVENDEDOR,EM ANÁLISE
PED-02875,,TECLADO,96,6841.89,0.371,SUL,DIEGO LIMA,REVENDEDOR,CANCELADO
PED-05352,2024-10-20,IMPRESSORA,,,0.0,SUDESTE,CARLA MENDES,TELEVENDAS,CANCELADO
PED-05566,,IMPRESSORA,,,0.391,SUL,ANA SILVA,LOJA FÍSICA,PENDENTE
PED-03425,,MOUSE,289,,0.078,NORDESTE,ELENA SOUZA,REVENDEDOR,CONCLUÍDO
PED-03092,,TABLET,378,7833.56,0.12,SUDESTE,DIEGO LIMA,TELEVENDAS,PENDENTE
PED-01945,,NAN,256,,0.0,NORTE,ELENA SOUZA,REVENDEDOR,CANCELADO
PED-07002,2023-10-06,MONITOR,24,,0.0,NORDESTE,ANA SILVA,ONLINE,EM ANÁLISE
PED-03020,2023-10-01,TECLADO,48,,0.0,NORTE,ELENA SOUZA,LOJA FÍSICA,CANCELADO
PED-04639,2022-05-17,HD EXTERNO,119,6575.23,0.335,SUDESTE,ANA SILVA,LOJA FÍSICA,PENDENTE
PED-03580,2022-09-28,NOTEBOOK,172,,0.13,NORTE,ANA SILVA,ONLINE,CANCELADO
PED-04356,2024-04-04,IMPRESSORA,999999,12820.13,0.485,SUDESTE,DIEGO LIMA,REVENDEDOR,EM ANÁLISE
PED-00418,2022-10-17,SMARTPHONE,,14792.85,0.27,SUL,DIEGO LIMA,LOJA FÍSICA,CONCLUÍDO
PED-00192,2024-02-05,WEBCAM,416,,0.398,NORTE,CARLA MENDES,LOJA FÍSICA,CONCLUÍDO
PED-02668,2023-01-01,HD EXTERNO,112,,0.22,NORTE,ELENA SOUZA,ONLINE,EM ANÁLISE
PED-01668,2022-05-10,WEBCAM,,,0.0,NORTE,ELENA SOUZA,TELEVENDAS,CONCLUÍDO
PED-05640,,WEBCAM,242,405.94,0.41100000000000003,SUL,DIEGO LIMA,REVENDEDOR,CANCELADO
PED-00231,2023-03-27,NOTEBOOK,,4980.34,1.0,NORDESTE,CARLA MENDES,LOJA FÍSICA,CANCELADO
PED-05744,2024-12-03,NAN,306,,0.0,SUDESTE,CARLA MENDES,LOJA FÍSICA,CANCELADO
PED-00938,2024-11-22,WEBCAM,42,4303.94,0.11900000000000001,SUDESTE,DIEGO LIMA,TELEVENDAS,CONCLUÍDO
PED-05205,2022-05-24,NOTEBOOK,308,9938.58,0.0,SUL,ANA SILVA,LOJA FÍSICA,CONCLUÍDO
PED-09611,2022-10-04,HEADSET,999999,5658.0,0.0,NORDESTE,CARLA MENDES,LOJA FÍSICA,PENDENTE
PED-03781,2022-04-17,HD EXTERNO,,1898.83,0.0,SUL,BRUNO COSTA,TELEVENDAS,EM ANÁLISE
PED-07447,,IMPRESSORA,,2396.61,0.13,CENTRO-OESTE,ELENA SOUZA,REVENDEDOR,EM ANÁLISE
PED-01494,2023-03-02,HD EXTERNO,80,,0.079,NORDESTE,ANA SILVA,REVENDEDOR,EM ANÁLISE
PED-06909,2024-09-14,HD EXTERNO,35,,0.0,CENTRO-OESTE,ELENA SOUZA,REVENDEDOR,PENDENTE
PED-07104,2024-07-10,HD EXTERNO,,,0.28,CENTRO-OESTE,DIEGO LIMA,ONLINE,EM ANÁLISE
PED-09839,2024-11-23,TABLET,8,9556.55,0.0,SUL,ELENA SOUZA,ONLINE,CANCELADO
PED-09022,2023-01-11,MONITOR,,8314.79,0.0,NORTE,DIEGO LIMA,ONLINE,PENDENTE
PED-05099,2024-11-05,IMPRESSORA,,10450.17,0.0,NORDESTE,CARLA MENDES,LOJA FÍSICA,CANCELADO
PED-06255,2024-03-08,SMARTPHONE,452,,0.0,SUDESTE,DIEGO LIMA,ONLINE,PENDENTE
PED-07776,,WEBCAM,366,,0.0,NORTE,BRUNO COSTA,ONLINE,EM ANÁLISE
PED-08716,2023-07-20,SMARTPHONE,,14617.73,0.245,SUDESTE,DIEGO LIMA,TELEVENDAS,CONCLUÍDO
PED-04537,2024-05-18,HD EXTERNO,,14303.08,0.0,SUDESTE,CARLA MENDES,LOJA FÍSICA,CANCELADO
PED-03973,,NOTEBOOK,26,13722.59,0.32,SUDESTE,ELENA SOUZA,TELEVENDAS,CANCELADO
PED-00305,2022-11-28,TECLADO,,6656.29,0.39399999999999996,NORDESTE,CARLA MENDES,TELEVENDAS,CONCLUÍDO
PED-05216,2023-09-05,TECLADO,362,,0.15,SUL,CARLA MENDES,TELEVENDAS,EM ANÁLISE
PED-07338,2022-08-22,WEBCAM,,,0.266,SUL,CARLA MENDES,LOJA FÍSICA,CANCELADO
PED-00902,,MOUSE,41,2221.24,0.0,CENTRO-OESTE,DIEGO LIMA,ONLINE,EM ANÁLISE
PED-04542,2024-07-14,NAN,,13953.53,0.418,CENTRO-OESTE,ELENA SOUZA,TELEVENDAS,EM ANÁLISE
PED-06103,2024-07-19,TABLET,,,0.471,SUL,ANA SILVA,LOJA FÍSICA,EM ANÁLISE
PED-54591,2023-03-25,TECLADO,69,,0.044000000000000004,SUDESTE,DIEGO LIMA,LOJA FÍSICA,CONCLUÍDO
PED-03634,2022-05-08,NOTEBOOK,,,1.0,SUL,CARLA MENDES,ONLINE,CANCELADO
PED-08068,2023-05-04,IMPRESSORA,,14577.7,0.336,NORTE,DIEGO LIMA,LOJA FÍSICA,EM ANÁLISE
PED-01882,2023-04-03,SMARTPHONE,384,,0.0,NORDESTE,DIEGO LIMA,REVENDEDOR,CONCLUÍDO
PED-01059,2023-11-20,TABLET,320,8103.71,0.247,NORTE,CARLA MENDES,ONLINE,CANCELADO
PED-08074,2023-02-01,WEBCAM,999999,,0.0,SUDESTE,CARLA MENDES,LOJA FÍSICA,CONCLUÍDO
PED-04946,2023-08-16,TABLET,76,,0.0,NORDESTE,DIEGO LIMA,ONLINE,EM ANÁLISE
PED-04157,,MOUSE,,,0.141,SUDESTE,BRUNO COSTA,LOJA FÍSICA,CONCLUÍDO
PED-08128,,NAN,115,,0.0,SUDESTE,ELENA SOUZA,TELEVENDAS,CONCLUÍDO
PED-08294,2022-10-25,IMPRESSORA,,3600.63,0.144,SUL,CARLA MENDES,REVENDEDOR,PENDENTE
PED-00576,2022-03-23,TECLADO,8,,0.38,SUDESTE,ANA SILVA,REVENDEDOR,CONCLUÍDO
PED-01365,2024-12-27,WEBCAM,10,,0.0,SUL,DIEGO LIMA,REVENDEDOR,PENDENTE
PED-06620,2024-12-03,TABLET,351,10413.2,0.263,SUDESTE,CARLA MENDES,REVENDEDOR,CONCLUÍDO
PED-03968,2022-09-16,MONITOR,482,,0.47200000000000003,NORTE,BRUNO COSTA,TELEVENDAS,EM ANÁLISE
PED-98453,2022-08-02,TABLET,288,,0.08199999999999999,SUL,CARLA MENDES,REVENDEDOR,EM ANÁLISE
PED-02491,2023-12-06,HD EXTERNO,426,14283.12,0.0,NORTE,ANA SILVA,REVENDEDOR,PENDENTE
PED-05026,,HD EXTERNO,,,0.261,NORTE,ANA SILVA,LOJA FÍSICA,CONCLUÍDO
PED-08304,2023-09-20,MONITOR,,,0.0,SUL,DIEGO LIMA,LOJA FÍSICA,EM ANÁLISE
PED-03717,2023-08-14,WEBCAM,383,3249.75,0.04,CENTRO-OESTE,DIEGO LIMA,LOJA FÍSICA,CANCELADO
PED-09740,,HEADSET,427,1392.08,0.41,SUDESTE,BRUNO COSTA,REVENDEDOR,PENDENTE
PED-03699,2022-11-04,MONITOR,484,,0.0,NORTE,DIEGO LIMA,ONLINE,PENDENTE
PED-05030,,NOTEBOOK,208,,0.369,CENTRO-OESTE,ANA SILVA,TELEVENDAS,PENDENTE
PED-05090,2023-06-03,IMPRESSORA,154,2578.72,0.0,NORTE,CARLA MENDES,REVENDEDOR,EM ANÁLISE
PED-07241,2022-08-21,WEBCAM,483,5945.61,0.47100000000000003,CENTRO-OESTE,DIEGO LIMA,ONLINE,EM ANÁLISE
PED-09015,2024-09-28,HD EXTERNO,,7353.24,0.496,SUL,DIEGO LIMA,LOJA FÍSICA,PENDENTE
PED-04876,2022-08-23,MONITOR,,10169.57,0.13,SUL,ANA SILVA,TELEVENDAS,EM ANÁLISE
PED-03750,,SMARTPHONE,,9294.57,0.40399999999999997,NORTE,ELENA SOUZA,LOJA FÍSICA,EM ANÁLISE
PED-02111,2024-06-03,NOTEBOOK,,,0.255,CENTRO-OESTE,ANA SILVA,LOJA FÍSICA,CONCLUÍDO
PED-03752,2023-07-07,NOTEBOOK,,,0.38,NORTE,ELENA SOUZA,REVENDEDOR,CONCLUÍDO
PED-00085,2022-10-27,HD EXTERNO,,3676.0,0.143,SUL,ANA SILVA,REVENDEDOR,CANCELADO
PED-04710,2024-06-17,NOTEBOOK,,13611.93,0.0,NORTE,ELENA SOUZA,LOJA FÍSICA,EM ANÁLISE
PED-04071,2023-06-18,HD EXTERNO,275,,0.425,SUDESTE,CARLA MENDES,TELEVENDAS,CONCLUÍDO
PED-01619,2024-12-26,TABLET,259,8108.74,1.0,NORTE,BRUNO COSTA,REVENDEDOR,CANCELADO
PED-06815,2023-08-09,MONITOR,331,,0.092,NORTE,ANA SILVA,LOJA FÍSICA,CANCELADO
PED-03716,2024-10-13,HD EXTERNO,,8802.5,0.316,CENTRO-OESTE,ELENA SOUZA,ONLINE,CONCLUÍDO
PED-03133,2022-10-22,TECLADO,,,0.345,NORTE,CARLA MENDES,REVENDEDOR,CANCELADO
PED-06646,,IMPRESSORA,309,,0.23399999999999999,NORTE,ELENA SOUZA,ONLINE,CONCLUÍDO
PED-05888,2023-01-02,SMARTPHONE,339,2129.32,0.424,SUL,ELENA SOUZA,LOJA FÍSICA,CONCLUÍDO
PED-03670,2022-10-08,NOTEBOOK,409,,0.175,SUL,ANA SILVA,ONLINE,PENDENTE
PED-03446,2024-05-11,SMARTPHONE,297,,0.187,NORDESTE,ANA SILVA,ONLINE,PENDENTE
PED-01217,2022-09-09,HD EXTERNO,85,,0.0,NORDESTE,ELENA SOUZA,REVENDEDOR,PENDENTE
PED-05007,,MOUSE,33,,0.086,NORTE,ANA SILVA,LOJA FÍSICA,PENDENTE
PED-07144,,SMARTPHONE,,,0.0,NORTE,ANA SILVA,TELEVENDAS,CONCLUÍDO
PED-01202,2022-11-07,HEADSET,,4194.49,0.115,SUL,ELENA SOUZA,TELEVENDAS,CANCELADO
PED-06253,2023-07-25,HEADSET,297,5808.84,1.0,SUL,ANA SILVA,LOJA FÍSICA,CANCELADO
PED-09939,2024-12-02,IMPRESSORA,999999,3202.35,0.042,SUDESTE,DIEGO LIMA,LOJA FÍSICA,CANCELADO
PED-03044,,HD EXTERNO,176,9380.72,0.416,NORTE,ELENA SOUZA,REVENDEDOR,PENDENTE
PED-04547,2024-07-22,SMARTPHONE,,2264.4,0.0,NORTE,BRUNO COSTA,TELEVENDAS,CANCELADO
PED-01275,2024-12-24,HD EXTERNO,298,188.97,0.28300000000000003,SUDESTE,DIEGO LIMA,LOJA FÍSICA,CANCELADO
PED-09396,,IMPRESSORA,,9654.95,0.054000000000000006,SUDESTE,ELENA SOUZA,TELEVENDAS,PENDENTE
PED-05536,2022-03-13,MOUSE,76,9503.66,0.0,SUDESTE,ANA SILVA,ONLINE,PENDENTE
PED-02023,2022-10-23,NAN,33,,0.456,NORDESTE,ELENA SOUZA,TELEVENDAS,PENDENTE
PED-02220,,NOTEBOOK,,369.12,0.248,SUL,CARLA MENDES,ONLINE,EM ANÁLISE
PED-03632,2024-10-07,HD EXTERNO,,14670.25,0.425,NORTE,CARLA MENDES,REVENDEDOR,PENDENTE
PED-01742,,MOUSE,,10296.68,0.086,CENTRO-OESTE,ANA SILVA,REVENDEDOR,CONCLUÍDO
PED-03719,2022-04-02,NOTEBOOK,353,,0.0,SUL,ELENA SOUZA,ONLINE,EM ANÁLISE
PED-40517,2024-08-10,HEADSET,471,,0.0,NORDESTE,CARLA MENDES,TELEVENDAS,EM ANÁLISE
PED-04846,2022-09-17,HD EXTERNO,247,,0.0,SUL,ELENA SOUZA,TELEVENDAS,CANCELADO
PED-06890,,TABLET,118,1732.66,0.0,SUDESTE,ANA SILVA,ONLINE,CONCLUÍDO
PED-05053,,HEADSET,373,8851.5,0.0,NORTE,BRUNO COSTA,TELEVENDAS,EM ANÁLISE
PED-09031,2022-10-06,MOUSE,,,0.493,SUL,DIEGO LIMA,REVENDEDOR,PENDENTE
PED-02831,2024-12-04,WEBCAM,999999,,0.0,NORTE,BRUNO COSTA,LOJA FÍSICA,CONCLUÍDO
PED-05226,,MONITOR,999999,14963.0,0.413,SUL,ELENA SOUZA,TELEVENDAS,EM ANÁLISE
PED-63414,2024-12-21,NOTEBOOK,255,,0.14,NORTE,ANA SILVA,LOJA FÍSICA,CONCLUÍDO
PED-41233,2022-02-03,IMPRESSORA,,,0.321,SUL,ANA SILVA,LOJA FÍSICA,EM ANÁLISE
PED-02134,,IMPRESSORA,266,,0.389,CENTRO-OESTE,CARLA MENDES,REVENDEDOR,EM ANÁLISE
PED-01267,2023-02-04,SMARTPHONE,411,,0.19,NORTE,ANA SILVA,ONLINE,EM ANÁLISE
PED-04304,2024-05-18,TECLADO,,2408.62,0.37200000000000005,CENTRO-OESTE,ELENA SOUZA,LOJA FÍSICA,PENDENTE
PED-03214,2024-01-11,WEBCAM,456,,0.3,SUL,CARLA MENDES,ONLINE,CONCLUÍDO
PED-09588,2023-06-04,TECLADO,159,,0.08,SUL,ELENA SOUZA,TELEVENDAS,CONCLUÍDO
PED-02432,,MOUSE,64,2307.02,0.0,SUDESTE,BRUNO COSTA,TELEVENDAS,CONCLUÍDO
PED-09956,2022-05-15,NOTEBOOK,,14416.14,1.0,SUDESTE,ELENA SOUZA,LOJA FÍSICA,PENDENTE
PED-09963,2022-01-11,NOTEBOOK,105,,0.47,SUL,BRUNO COSTA,REVENDEDOR,PENDENTE
PED-05710,2024-08-22,SMARTPHONE,390,10686.38,0.0,NORTE,CARLA MENDES,LOJA FÍSICA,CANCELADO
PED-03767,2023-08-09,SMARTPHONE,129,2168.63,0.03,SUDESTE,DIEGO LIMA,ONLINE,CONCLUÍDO
PED-04577,,HD EXTERNO,174,,0.0,SUDESTE,ELENA SOUZA,REVENDEDOR,EM ANÁLISE
PED-02692,2024-12-26,MONITOR,249,,0.0,SUL,ELENA SOUZA,LOJA FÍSICA,PENDENTE
PED-02710,2024-11-22,NOTEBOOK,71,11157.78,0.0,NORTE,ANA SILVA,REVENDEDOR,CANCELADO
PED-00546,,MONITOR,307,8711.49,0.0,NORDESTE,DIEGO LIMA,LOJA FÍSICA,PENDENTE
PED-03826,,HD EXTERNO,154,1613.0,0.24,SUDESTE,CARLA MENDES,LOJA FÍSICA,EM ANÁLISE
PED-05079,2024-10-11,SMARTPHONE,,13937.0,0.29,SUL,ELENA SOUZA,LOJA FÍSICA,CONCLUÍDO
PED-50085,,IMPRESSORA,,4409.43,0.0,NORTE,CARLA MENDES,LOJA FÍSICA,PENDENTE
PED-04662,,HEADSET,282,,0.136,NORDESTE,ELENA SOUZA,ONLINE,PENDENTE
PED-08968,2022-04-11,TECLADO,244,1299.41,0.084,SUL,CARLA MENDES,LOJA FÍSICA,PENDENTE
PED-21132,2023-01-12,SMARTPHONE,256,12763.12,0.0,NORDESTE,ANA SILVA,REVENDEDOR,EM ANÁLISE
PED-05149,,TECLADO,80,,0.0,CENTRO-OESTE,ANA SILVA,LOJA FÍSICA,CONCLUÍDO
PED-08282,2022-12-18,TECLADO,299,8429.54,0.34299999999999997,NORDESTE,DIEGO LIMA,REVENDEDOR,CONCLUÍDO
PED-05318,,NOTEBOOK,,10398.21,0.298,SUL,DIEGO LIMA,ONLINE,EM ANÁLISE
PED-07977,2024-08-01,TECLADO,328,6382.72,0.0,SUL,CARLA MENDES,REVENDEDOR,CONCLUÍDO
PED-09918,2023-09-13,IMPRESSORA,42,12362.75,0.07,SUDESTE,CARLA MENDES,LOJA FÍSICA,CONCLUÍDO
PED-03673,2023-01-13,TABLET,309,,0.0,NORTE,ANA SILVA,REVENDEDOR,CONCLUÍDO
PED-08443,2022-07-13,NOTEBOOK,,1105.0,0.133,SUDESTE,ELENA SOUZA,ONLINE,PENDENTE
PED-07829,2023-01-12,TABLET,468,,0.0,CENTRO-OESTE,BRUNO COSTA,LOJA FÍSICA,CONCLUÍDO
PED-09981,2022-12-17,TABLET,999999,9207.38,0.057999999999999996,SUDESTE,ANA SILVA,TELEVENDAS,PENDENTE
PED-09685,2024-11-14,MONITOR,48,,0.387,NORDESTE,DIEGO LIMA,LOJA FÍSICA,CONCLUÍDO
PED-08739,2022-10-18,IMPRESSORA,,9031.17,0.226,NORTE,BRUNO COSTA,TELEVENDAS,CONCLUÍDO
PED-03474,2022-01-28,IMPRESSORA,123,982.28,0.0,NORTE,CARLA MENDES,REVENDEDOR,PENDENTE
PED-09004,2024-01-19,MONITOR,,830.29,0.0,SUDESTE,DIEGO LIMA,REVENDEDOR,EM ANÁLISE
PED-09532,2022-01-26,HEADSET,,5842.4,0.0,SUL,ANA SILVA,ONLINE,PENDENTE
PED-03200,2024-01-05,SMARTPHONE,361,8651.27,0.003,SUDESTE,DIEGO LIMA,ONLINE,CANCELADO
PED-01350,2022-01-20,MONITOR,90,9804.92,0.061,SUDESTE,CARLA MENDES,TELEVENDAS,PENDENTE
PED-00183,2023-03-23,MOUSE,497,,0.0,SUL,BRUNO COSTA,REVENDEDOR,PENDENTE
PED-04101,,WEBCAM,461,,0.488,NORTE,CARLA MENDES,LOJA FÍSICA,PENDENTE
PED-06517,2024-10-12,IMPRESSORA,,9437.12,0.0,CENTRO-OESTE,DIEGO LIMA,LOJA FÍSICA,CONCLUÍDO
PED-09516,2022-10-21,WEBCAM,999999,,0.0,NORTE,BRUNO COSTA,ONLINE,CANCELADO
PED-07953,2023-01-02,HEADSET,999999,1015.46,0.0,NORTE,ELENA SOUZA,ONLINE,EM ANÁLISE
PED-00463,2024-09-14,TABLET,155,,0.355,CENTRO-OESTE,BRUNO COSTA,LOJA FÍSICA,CONCLUÍDO
PED-04390,,HD EXTERNO,179,,0.303,SUL,CARLA MENDES,REVENDEDOR,PENDENTE
PED-00773,2023-11-11,NOTEBOOK,,,0.385,SUDESTE,BRUNO COSTA,LOJA FÍSICA,CONCLUÍDO
PED-00806,2023-11-19,SMARTPHONE,,7300.89,1.0,CENTRO-OESTE,ANA SILVA,REVENDEDOR,PENDENTE
PED-04894,,IMPRESSORA,105,4591.31,0.0,SUL,BRUNO COSTA,LOJA FÍSICA,CANCELADO
PED-02634,2024-05-23,SMARTPHONE,,,0.0,NORTE,DIEGO LIMA,LOJA FÍSICA,EM ANÁLISE
PED-06716,2023-04-17,WEBCAM,391,,0.316,NORTE,BRUNO COSTA,ONLINE,PENDENTE
PED-00173,,MOUSE,999999,6624.89,0.424,NORTE,BRUNO COSTA,ONLINE,CONCLUÍDO
PED-04202,2022-12-18,MOUSE,287,,0.0,SUL,DIEGO LIMA,ONLINE,CONCLUÍDO
PED-01697,2023-06-21,TECLADO,145,13824.74,1.0,SUL,ANA SILVA,LOJA FÍSICA,PENDENTE
PED-03462,2024-04-10,SMARTPHONE,,,0.0,SUL,NAN,TELEVENDAS,CONCLUÍDO
PED-07965,2023-07-13,MONITOR,240,,0.266,NORTE,BRUNO COSTA,LOJA FÍSICA,EM ANÁLISE
PED-00534,2022-10-26,IMPRESSORA,,,0.43200000000000005,NORTE,BRUNO COSTA,TELEVENDAS,PENDENTE
PED-04037,2022-02-16,HD EXTERNO,,,0.36200000000000004,SUL,BRUNO COSTA,ONLINE,PENDENTE
PED-02225,,TECLADO,,,1.0,CENTRO-OESTE,ELENA SOUZA,LOJA FÍSICA,CONCLUÍDO
PED-08053,,TECLADO,,4528.38,0.11599999999999999,SUL,ANA SILVA,ONLINE,CONCLUÍDO
PED-09180,2022-07-27,MONITOR,,1578.08,0.35,NORDESTE,CARLA MENDES,REVENDEDOR,CANCELADO
PED-09704,2023-09-14,HD EXTERNO,45,,0.35,NORTE,BRUNO COSTA,ONLINE,CONCLUÍDO
PED-09041,,MONITOR,,9221.83,0.115,NORDESTE,ANA SILVA,LOJA FÍSICA,CANCELADO
PED-09327,,SMARTPHONE,,,0.18,SUL,BRUNO COSTA,ONLINE,CONCLUÍDO
PED-00512,2023-01-05,TABLET,225,7601.01,0.0,NORTE,ANA SILVA,LOJA FÍSICA,PENDENTE
PED-06392,,IMPRESSORA,,,0.039,CENTRO-OESTE,ANA SILVA,ONLINE,EM ANÁLISE
PED-02485,2023-01-03,IMPRESSORA,,8668.31,0.218,NORDESTE,ELENA SOUZA,ONLINE,CONCLUÍDO
PED-09001,2022-01-11,HD EXTERNO,65,,0.0,NORDESTE,ELENA SOUZA,TELEVENDAS,CONCLUÍDO
PED-01180,2023-04-22,NOTEBOOK,445,,0.298,CENTRO-OESTE,ANA SILVA,REVENDEDOR,CANCELADO
PED-05642,2023-08-26,MONITOR,155,,0.20600000000000002,SUL,BRUNO COSTA,TELEVENDAS,EM ANÁLISE
PED-03552,2023-07-02,NOTEBOOK,,9542.98,0.0,NORTE,ELENA SOUZA,ONLINE,EM ANÁLISE
PED-07330,2024-08-19,HEADSET,,,0.0,SUL,DIEGO LIMA,ONLINE,CONCLUÍDO
PED-04834,2023-03-06,MOUSE,407,,0.0,CENTRO-OESTE,CARLA MENDES,LOJA FÍSICA,CONCLUÍDO
PED-03176,2023-02-07,MOUSE,,,1.0,NORTE,DIEGO LIMA,LOJA FÍSICA,PENDENTE
PED-02800,,MONITOR,46,12187.34,1.0,SUL,ANA SILVA,REVENDEDOR,CANCELADO
PED-03954,,MONITOR,486,,0.0,CENTRO-OESTE,ANA SILVA,REVENDEDOR,CANCELADO
PED-07015,2023-12-24,NOTEBOOK,353,,0.41200000000000003,CENTRO-OESTE,CARLA MENDES,LOJA FÍSICA,PENDENTE
PED-37569,2022-02-22,NOTEBOOK,33,,0.3,SUL,BRUNO COSTA,LOJA FÍSICA,PENDENTE
PED-07096,2024-08-19,MOUSE,370,13523.52,0.0,CENTRO-OESTE,ELENA SOUZA,REVENDEDOR,EM ANÁLISE
PED-05918,2023-12-15,WEBCAM,270,,0.0,SUL,ANA SILVA,LOJA FÍSICA,CANCELADO
PED-03330,,SMARTPHONE,486,,0.302,CENTRO-OESTE,ELENA SOUZA,REVENDEDOR,PENDENTE
PED-07921,,TABLET,,3680.5,0.0,SUL,DIEGO LIMA,LOJA FÍSICA,EM ANÁLISE
PED-09719,,TECLADO,326,,0.0,SUL,ANA SILVA,REVENDEDOR,EM ANÁLISE
PED-05576,2024-04-14,NOTEBOOK,109,1821.0,1.0,NORTE,BRUNO COSTA,REVENDEDOR,CANCELADO
PED-00972,2023-02-18,HD EXTERNO,,13389.15,0.0,SUDESTE,ELENA SOUZA,TELEVENDAS,EM ANÁLISE
PED-06608,2022-06-23,IMPRESSORA,50,6550.74,0.183,SUL,DIEGO LIMA,TELEVENDAS,CONCLUÍDO
PED-06928,,SMARTPHONE,,,0.13,NORDESTE,ELENA SOUZA,ONLINE,EM ANÁLISE
PED-04473,2023-07-18,IMPRESSORA,286,5017.79,0.0,NORDESTE,ANA SILVA,ONLINE,CANCELADO
PED-00206,2023-11-15,TABLET,999999,14112.13,0.444,SUL,CARLA MENDES,LOJA FÍSICA,CONCLUÍDO
PED-09964,,IMPRESSORA,167,,0.341,NORTE,DIEGO LIMA,ONLINE,PENDENTE
PED-02105,,MONITOR,164,9351.36,0.018,SUL,ANA SILVA,LOJA FÍSICA,CANCELADO
PED-04727,2023-04-28,NOTEBOOK,457,744.86,0.0,SUL,ELENA SOUZA,ONLINE,PENDENTE
PED-05336,2024-02-19,MOUSE,,,0.18,SUL,DIEGO LIMA,ONLINE,PENDENTE
PED-03787,2022-01-20,HEADSET,264,,0.275,NORTE,ELENA SOUZA,LOJA FÍSICA,PENDENTE
PED-04299,2023-08-08,IMPRESSORA,22,,0.447,SUL,BRUNO COSTA,REVENDEDOR,EM ANÁLISE
PED-00562,2022-03-23,HD EXTERNO,,2193.58,0.488,NORTE,BRUNO COSTA,TELEVENDAS,PENDENTE
PED-13802,2024-08-07,IMPRESSORA,483,,0.242,SUL,ELENA SOUZA,TELEVENDAS,CANCELADO
PED-09648,,HEADSET,,5297.57,0.0,NORDESTE,ELENA SOUZA,ONLINE,CONCLUÍDO
PED-00650,2023-05-02,WEBCAM,,,0.0,SUL,ELENA SOUZA,TELEVENDAS,CANCELADO
PED-03934,2024-03-11,SMARTPHONE,289,8625.38,0.0,CENTRO-OESTE,DIEGO LIMA,ONLINE,PENDENTE
PED-09975,,MONITOR,999999,,0.115,NORDESTE,CARLA MENDES,LOJA FÍSICA,EM ANÁLISE
PED-07869,2023-10-28,HEADSET,,12552.47,1.0,SUDESTE,CARLA MENDES,LOJA FÍSICA,PENDENTE
PED-08089,2024-03-09,HEADSET,,,0.43,SUL,ANA SILVA,ONLINE,PENDENTE
PED-00483,2023-08-08,MOUSE,,10980.77,0.304,CENTRO-OESTE,CARLA MENDES,LOJA FÍSICA,PENDENTE
PED-07583,,SMARTPHONE,,8707.0,0.284,CENTRO-OESTE,BRUNO COSTA,LOJA FÍSICA,EM ANÁLISE
PED-07938,2023-11-05,IMPRESSORA,337,2816.67,0.0,NORTE,ELENA SOUZA,ONLINE,PENDENTE
PED-06317,2022-04-22,HEADSET,244,6977.0,0.4,NORTE,DIEGO LIMA,LOJA FÍSICA,CONCLUÍDO
PED-06785,2022-10-04,IMPRESSORA,470,,0.0,NORTE,BRUNO COSTA,LOJA FÍSICA,CANCELADO
PED-09464,,IMPRESSORA,469,8135.38,0.086,NORTE,DIEGO LIMA,ONLINE,CANCELADO
PED-03275,2024-04-08,TABLET,65,,1.0,SUL,DIEGO LIMA,TELEVENDAS,EM ANÁLISE
PED-05418,2024-05-10,WEBCAM,26,,0.24,NORDESTE,DIEGO LIMA,ONLINE,PENDENTE
PED-09148,2022-05-16,WEBCAM,,,0.5,SUL,ELENA SOUZA,ONLINE,CONCLUÍDO
PED-09095,2024-10-17,MOUSE,999999,,0.0,SUDESTE,ELENA SOUZA,TELEVENDAS,CONCLUÍDO
PED-00250,,HEADSET,,14873.59,0.0,NORTE,CARLA MENDES,ONLINE,CANCELADO
PED-08625,2023-06-28,MOUSE,,8636.0,0.237,SUDESTE,ELENA SOUZA,TELEVENDAS,CONCLUÍDO
PED-08459,2023-05-23,NOTEBOOK,,,0.0,SUL,DIEGO LIMA,REVENDEDOR,EM ANÁLISE
PED-00788,,MONITOR,,,0.107,NORDESTE,DIEGO LIMA,LOJA FÍSICA,CANCELADO
PED-08305,2023-07-19,WEBCAM,170,,0.4,SUDESTE,DIEGO LIMA,LOJA FÍSICA,CONCLUÍDO
PED-03297,,HEADSET,198,492.36,0.195,CENTRO-OESTE,CARLA MENDES,REVENDEDOR,CONCLUÍDO
PED-01779,2022-02-01,TABLET,83,,0.0,CENTRO-OESTE,DIEGO LIMA,LOJA FÍSICA,CONCLUÍDO
PED-08522,2024-07-26,TABLET,447,,0.0,SUL,ANA SILVA,ONLINE,PENDENTE
PED-20414,2022-04-22,MONITOR,999999,8857.0,0.49,NORDESTE,BRUNO COSTA,REVENDEDOR,PENDENTE
PED-06912,2022-07-21,WEBCAM,131,,0.0,NORTE,ELENA SOUZA,TELEVENDAS,CANCELADO
PED-02591,,WEBCAM,60,,0.383,NORDESTE,ELENA SOUZA,TELEVENDAS,CANCELADO
PED-08080,2023-07-04,MOUSE,,,0.0,SUL,DIEGO LIMA,ONLINE,PENDENTE
PED-09150,2023-12-17,HD EXTERNO,,,0.0,NORDESTE,BRUNO COSTA,TELEVENDAS,EM ANÁLISE
PED-09353,,NOTEBOOK,,1939.57,0.0,SUL,BRUNO COSTA,LOJA FÍSICA,CONCLUÍDO
PED-00744,2022-08-01,MOUSE,999999,,0.41200000000000003,SUL,CARLA MENDES,LOJA FÍSICA,EM ANÁLISE
PED-00297,2024-06-02,HEADSET,,,0.214,NORTE,ANA SILVA,LOJA FÍSICA,EM ANÁLISE
PED-01311,2023-01-11,HEADSET,473,,0.0,NORTE,CARLA MENDES,LOJA FÍSICA,CANCELADO
PED-07930,,MONITOR,31,205.63,0.245,SUDESTE,BRUNO COSTA,REVENDEDOR,CONCLUÍDO
PED-03895,2023-03-21,IMPRESSORA,246,7963.12,0.313,NORTE,ANA SILVA,TELEVENDAS,EM ANÁLISE
PED-03889,2022-12-27,WEBCAM,245,1506.23,0.0,CENTRO-OESTE,CARLA MENDES,ONLINE,EM ANÁLISE
PED-04877,2024-08-26,MOUSE,15,,0.256,SUDESTE,CARLA MENDES,REVENDEDOR,CANCELADO
PED-99434,,IMPRESSORA,999999,619.42,0.09,SUDESTE,ANA SILVA,REVENDEDOR,PENDENTE
PED-07986,,TABLET,,5272.94,0.0,NORDESTE,BRUNO COSTA,REVENDEDOR,CANCELADO
PED-05855,2023-06-17,TECLADO,278,223.17,0.483,CENTRO-OESTE,ELENA SOUZA,ONLINE,CONCLUÍDO
PED-05096,2023-08-14,NOTEBOOK,,,0.4,CENTRO-OESTE,ANA SILVA,ONLINE,CONCLUÍDO
PED-05480,,TECLADO,999999,,0.253,SUL,BRUNO COSTA,LOJA FÍSICA,PENDENTE
PED-07978,2022-01-27,MONITOR,441,9375.0,0.16600000000000004,NORTE,CARLA MENDES,LOJA FÍSICA,PENDENTE
PED-05351,2022-12-13,TECLADO,224,,0.01,SUL,ELENA SOUZA,REVENDEDOR,EM ANÁLISE
PED-09989,,MOUSE,240,,0.0,SUL,CARLA MENDES,LOJA FÍSICA,PENDENTE
PED-02142,2023-07-24,HEADSET,343,,0.331,SUL,CARLA MENDES,TELEVENDAS,CANCELADO
PED-01682,2023-10-15,MOUSE,380,,0.324,CENTRO-OESTE,ELENA SOUZA,LOJA FÍSICA,CANCELADO
PED-02404,2023-10-16,HD EXTERNO,427,,0.08,SUL,BRUNO COSTA,ONLINE,EM ANÁLISE
PED-04914,2022-02-17,MONITOR,,7452.28,0.057,SUL,CARLA MENDES,ONLINE,EM ANÁLISE
PED-09894,2024-12-25,WEBCAM,460,,0.0,SUDESTE,CARLA MENDES,LOJA FÍSICA,PENDENTE
PED-08027,2024-08-24,WEBCAM,,,0.021,CENTRO-OESTE,BRUNO COSTA,LOJA FÍSICA,CONCLUÍDO
PED-05703,2024-12-09,HEADSET,999999,11240.84,0.06,SUDESTE,ANA SILVA,ONLINE,CANCELADO
PED-04420,,MOUSE,999999,,0.0,NORTE,BRUNO COSTA,ONLINE,EM ANÁLISE
PED-00867,2023-01-19,HD EXTERNO,272,1107.09,0.135,NORTE,ELENA SOUZA,TELEVENDAS,PENDENTE
PED-03022,2023-06-01,SMARTPHONE,,3775.71,0.0,SUL,ELENA SOUZA,ONLINE,CONCLUÍDO
PED-09358,2024-12-26,HEADSET,999999,2312.93,0.295,SUL,DIEGO LIMA,REVENDEDOR,EM ANÁLISE
PED-04178,,TABLET,19,,0.0,SUDESTE,CARLA MENDES,LOJA FÍSICA,CONCLUÍDO
PED-03733,2023-04-05,HEADSET,,,0.0,SUL,ELENA SOUZA,ONLINE,CONCLUÍDO
PED-09392,2024-04-19,MOUSE,52,,0.0,NORTE,ELENA SOUZA,ONLINE,CONCLUÍDO
PED-02935,2023-05-02,MOUSE,,,0.42700000000000005,SUDESTE,DIEGO LIMA,LOJA FÍSICA,PENDENTE
PED-05533,2022-12-18,SMARTPHONE,430,,0.232,CENTRO-OESTE,CARLA MENDES,LOJA FÍSICA,CONCLUÍDO
PED-09552,2024-09-26,HEADSET,113,,0.396,CENTRO-OESTE,CARLA MENDES,REVENDEDOR,PENDENTE
PED-09078,2024-02-11,TECLADO,366,,0.294,SUL,BRUNO COSTA,ONLINE,PENDENTE
PED-01017,2023-09-11,MOUSE,300,,0.197,NORDESTE,CARLA MENDES,REVENDEDOR,EM ANÁLISE
PED-00516,2023-01-01,SMARTPHONE,367,4064.67,0.0,SUDESTE,CARLA MENDES,ONLINE,PENDENTE
PED-78267,,HD EXTERNO,332,2445.11,0.447,CENTRO-OESTE,ANA SILVA,TELEVENDAS,CANCELADO
PED-09688,2024-12-06,HD EXTERNO,,13162.93,0.358,NORDESTE,ELENA SOUZA,ONLINE,PENDENTE
PED-05973,2022-10-17,HEADSET,999999,,0.375,CENTRO-OESTE,BRUNO COSTA,LOJA FÍSICA,CANCELADO
PED-00248,2023-05-06,HD EXTERNO,999999,13872.0,0.0,CENTRO-OESTE,ELENA SOUZA,ONLINE,CANCELADO
PED-04417,,WEBCAM,,4602.0,0.0,CENTRO-OESTE,ELENA SOUZA,LOJA FÍSICA,CONCLUÍDO
PED-04655,,NOTEBOOK,,6026.29,0.487,NORTE,DIEGO LIMA,LOJA FÍSICA,CANCELADO
PED-03608,,MONITOR,374,,0.0,CENTRO-OESTE,CARLA MENDES,TELEVENDAS,EM ANÁLISE
PED-07782,2024-03-05,HD EXTERNO,,,0.41100000000000003,NORDESTE,DIEGO LIMA,LOJA FÍSICA,PENDENTE
PED-02498,,MOUSE,321,,0.0,NORTE,CARLA MENDES,TELEVENDAS,EM ANÁLISE
PED-00813,2024-08-02,HEADSET,371,,0.221,NORTE,CARLA MENDES,ONLINE,PENDENTE
PED-60118,2024-09-28,WEBCAM,101,6902.33,0.0,NORTE,CARLA MENDES,REVENDEDOR,CONCLUÍDO
PED-05740,2022-07-17,MONITOR,29,10222.91,0.0,CENTRO-OESTE,ANA SILVA,LOJA FÍSICA,CANCELADO
PED-06817,2023-12-03,MONITOR,419,6644.3,1.0,CENTRO-OESTE,DIEGO LIMA,ONLINE,PENDENTE
PED-04024,2024-12-09,IMPRESSORA,112,4453.0,0.0,SUL,CARLA MENDES,LOJA FÍSICA,PENDENTE
PED-09762,2024-06-13,IMPRESSORA,,9672.0,0.0,CENTRO-OESTE,DIEGO LIMA,TELEVENDAS,PENDENTE
PED-09338,2023-12-19,SMARTPHONE,432,9768.68,0.0,SUDESTE,ANA SILVA,LOJA FÍSICA,PENDENTE
PED-05549,2024-05-13,MOUSE,,5482.88,0.375,NORTE,DIEGO LIMA,ONLINE,PENDENTE
PED-05894,,MONITOR,399,5823.0,0.065,SUDESTE,CARLA MENDES,ONLINE,CONCLUÍDO
PED-00114,2024-08-20,SMARTPHONE,257,3902.22,0.0,SUL,DIEGO LIMA,LOJA FÍSICA,CONCLUÍDO
PED-01453,,HD EXTERNO,,10326.57,0.0,SUL,ANA SILVA,ONLINE,EM ANÁLISE
PED-07512,2022-01-28,TECLADO,,,0.0,NORTE,BRUNO COSTA,ONLINE,CONCLUÍDO
PED-02923,,NOTEBOOK,,13224.8,0.02,CENTRO-OESTE,ANA SILVA,ONLINE,PENDENTE
PED-02359,,HD EXTERNO,999999,1157.62,0.0,SUL,BRUNO COSTA,TELEVENDAS,PENDENTE
PED-03543,,IMPRESSORA,,2309.36,0.275,NORTE,DIEGO LIMA,ONLINE,EM ANÁLISE
PED-97742,2022-07-13,NOTEBOOK,,,0.0,NORDESTE,ELENA SOUZA,LOJA FÍSICA,CONCLUÍDO
PED-00530,2022-02-14,NOTEBOOK,,,0.28,NORTE,CARLA MENDES,LOJA FÍSICA,EM ANÁLISE
PED-01723,,MOUSE,999999,12129.0,1.0,SUL,DIEGO LIMA,REVENDEDOR,EM ANÁLISE
PED-00280,2024-09-14,HEADSET,,12395.99,0.0,NORTE,BRUNO COSTA,LOJA FÍSICA,PENDENTE
PED-09709,,HD EXTERNO,18,,0.174,NORTE,BRUNO COSTA,REVENDEDOR,CANCELADO
PED-09170,2023-06-11,MOUSE,,12535.02,0.45299999999999996,NORTE,DIEGO LIMA,LOJA FÍSICA,EM ANÁLISE
PED-02916,2023-06-04,TECLADO,,,0.217,NORDESTE,DIEGO LIMA,REVENDEDOR,CANCELADO
PED-08943,2023-08-14,IMPRESSORA,,1962.3,1.0,NORTE,ELENA SOUZA,REVENDEDOR,EM ANÁLISE
PED-00865,,MONITOR,,,0.31,CENTRO-OESTE,ANA SILVA,ONLINE,PENDENTE
PED-06036,,MOUSE,999999,,0.0,NORTE,ELENA SOUZA,TELEVENDAS,CANCELADO
PED-47684,2023-09-28,SMARTPHONE,393,1108.0,0.0,SUL,DIEGO LIMA,TELEVENDAS,PENDENTE
PED-40235,2023-11-02,MONITOR,397,14937.58,0.024,SUDESTE,BRUNO COSTA,LOJA FÍSICA,PENDENTE
PED-06677,2022-07-13,WEBCAM,227,,0.0,NORTE,CARLA MENDES,LOJA FÍSICA,CANCELADO
PED-00636,2023-06-04,WEBCAM,122,4354.75,0.201,CENTRO-OESTE,CARLA MENDES,TELEVENDAS,PENDENTE
PED-02163,2022-05-28,MONITOR,35,5080.93,0.121,SUDESTE,CARLA MENDES,REVENDEDOR,CANCELADO
PED-03678,,WEBCAM,999999,,1.0,SUL,CARLA MENDES,ONLINE,CANCELADO
PED-00394,2024-10-16,MOUSE,999999,4353.0,0.026,SUDESTE,DIEGO LIMA,LOJA FÍSICA,PENDENTE
PED-08654,2022-03-26,MOUSE,105,,0.175,NORDESTE,ANA SILVA,TELEVENDAS,CONCLUÍDO
PED-06158,,IMPRESSORA,,,0.061,SUDESTE,DIEGO LIMA,REVENDEDOR,EM ANÁLISE
PED-09988,2023-01-17,HEADSET,999999,,0.171,SUDESTE,DIEGO LIMA,TELEVENDAS,EM ANÁLISE
PED-03309,2023-08-28,IMPRESSORA,,11732.44,0.026000000000000002,SUL,ELENA SOUZA,TELEVENDAS,CONCLUÍDO
PED-03171,2024-02-15,SMARTPHONE,,9349.84,0.209,SUL,CARLA MENDES,TELEVENDAS,PENDENTE
PED-01232,2022-07-07,WEBCAM,,,0.0,SUDESTE,DIEGO LIMA,LOJA FÍSICA,CONCLUÍDO
PED-00864,2024-05-26,SMARTPHONE,999999,9334.91,1.0,SUL,DIEGO LIMA,TELEVENDAS,PENDENTE
PED-01715,,NOTEBOOK,337,,0.184,NORTE,DIEGO LIMA,LOJA FÍSICA,EM ANÁLISE
PED-09052,2022-03-02,MOUSE,439,,0.153,SUL,DIEGO LIMA,LOJA FÍSICA,CONCLUÍDO
PED-00588,2024-01-18,IMPRESSORA,457,12122.0,0.0,SUL,BRUNO COSTA,ONLINE,CONCLUÍDO
PED-06007,,MOUSE,,,0.162,SUL,CARLA MENDES,LOJA FÍSICA,CONCLUÍDO
PED-07594,2024-05-24,NOTEBOOK,273,7161.69,0.0,CENTRO-OESTE,NAN,TELEVENDAS,PENDENTE
PED-04994,2022-05-22,TABLET,192,,0.198,SUDESTE,DIEGO LIMA,ONLINE,PENDENTE
PED-07773,,MOUSE,279,3733.47,0.0,CENTRO-OESTE,DIEGO LIMA,REVENDEDOR,PENDENTE
PED-07992,2024-02-27,WEBCAM,153,,0.0,NORTE,ANA SILVA,LOJA FÍSICA,CONCLUÍDO
PED-00653,2023-10-16,WEBCAM,999999,4858.0,0.0,NORTE,BRUNO COSTA,ONLINE,PENDENTE
PED-07443,2023-03-27,WEBCAM,,,0.168,SUL,CARLA MENDES,LOJA FÍSICA,PENDENTE
PED-02850,2023-03-18,SMARTPHONE,296,9346.55,1.0,SUDESTE,DIEGO LIMA,ONLINE,EM ANÁLISE
PED-05464,,HEADSET,,14472.53,0.0,NORTE,BRUNO COSTA,TELEVENDAS,CONCLUÍDO
PED-00309,2024-05-17,MONITOR,,,0.0,SUL,BRUNO COSTA,TELEVENDAS,EM ANÁLISE
PED-00493,,WEBCAM,34,,0.076,CENTRO-OESTE,BRUNO COSTA,ONLINE,CANCELADO
PED-08273,,MONITOR,440,11589.82,0.0,SUL,BRUNO COSTA,TELEVENDAS,EM ANÁLISE
PED-00948,,HEADSET,490,3871.86,0.0,CENTRO-OESTE,ANA SILVA,LOJA FÍSICA,PENDENTE
PED-09496,,MOUSE,381,8303.1,0.09,SUDESTE,ELENA SOUZA,TELEVENDAS,CONCLUÍDO
PED-09766,2024-11-08,MOUSE,,,0.092,SUL,BRUNO COSTA,ONLINE,EM ANÁLISE
PED-06574,2023-11-01,SMARTPHONE,,,0.0,SUL,DIEGO LIMA,REVENDEDOR,CONCLUÍDO
PED-00123,,TABLET,,,0.162,SUL,ELENA SOUZA,ONLINE,PENDENTE
PED-06418,,NOTEBOOK,,,0.3,NORDESTE,NAN,TELEVENDAS,PENDENTE
PED-04046,2022-03-23,TECLADO,51,11193.39,0.0,CENTRO-OESTE,ANA SILVA,TELEVENDAS,CANCELADO
PED-08020,2023-05-05,HD EXTERNO,223,,0.381,NORTE,CARLA MENDES,LOJA FÍSICA,PENDENTE
PED-05521,,MOUSE,323,,0.0,NORTE,CARLA MENDES,ONLINE,PENDENTE
PED-37999,,HD EXTERNO,23,10034.65,0.18100000000000002,CENTRO-OESTE,DIEGO LIMA,ONLINE,PENDENTE
PED-01307,2023-10-27,MONITOR,374,11268.22,0.0,CENTRO-OESTE,BRUNO COSTA,LOJA FÍSICA,PENDENTE
PED-06362,2023-04-28,WEBCAM,21,12263.0,0.192,SUDESTE,CARLA MENDES,LOJA FÍSICA,CONCLUÍDO
PED-05822,2022-08-01,SMARTPHONE,,,0.0,NORTE,ELENA SOUZA,LOJA FÍSICA,PENDENTE
PED-07892,,HD EXTERNO,,6127.45,0.0,SUL,BRUNO COSTA,TELEVENDAS,CANCELADO
PED-09302,,TABLET,476,,0.09699999999999999,SUL,CARLA MENDES,TELEVENDAS,PENDENTE
PED-03477,2023-06-20,MOUSE,141,,0.0,NORTE,ANA SILVA,TELEVENDAS,PENDENTE
PED-04947,2022-10-11,TABLET,,6665.53,0.0,SUL,ANA SILVA,ONLINE,CANCELADO
PED-00383,2024-07-24,TABLET,,1138.21,0.29600000000000004,SUDESTE,ELENA SOUZA,LOJA FÍSICA,EM ANÁLISE
PED-02542,2024-09-24,TABLET,404,4890.0,0.0,NORTE,ELENA SOUZA,ONLINE,CANCELADO
PED-05218,,TECLADO,,,0.361,CENTRO-OESTE,CARLA MENDES,LOJA FÍSICA,PENDENTE
PED-05594,2024-03-27,NOTEBOOK,,,0.415,SUDESTE,BRUNO COSTA,REVENDEDOR,PENDENTE
PED-03358,,SMARTPHONE,324,14331.27,0.0,NORTE,CARLA MENDES,ONLINE,EM ANÁLISE
PED-02396,2024-09-26,MONITOR,52,,0.455,SUDESTE,ELENA SOUZA,LOJA FÍSICA,EM ANÁLISE
PED-02114,2022-10-14,MOUSE,,,1.0,CENTRO-OESTE,BRUNO COSTA,LOJA FÍSICA,CONCLUÍDO
PED-03576,2022-11-25,SMARTPHONE,372,2255.0,0.0,SUL,CARLA MENDES,TELEVENDAS,EM ANÁLISE
PED-02883,2022-07-01,HEADSET,376,,0.371,NORTE,BRUNO COSTA,LOJA FÍSICA,CANCELADO
PED-04479,2024-09-13,TECLADO,398,4170.0,0.0,NORDESTE,BRUNO COSTA,ONLINE,PENDENTE
PED-02559,,MONITOR,,7003.17,0.0,SUDESTE,ELENA SOUZA,LOJA FÍSICA,CONCLUÍDO
PED-06507,2023-05-17,TECLADO,413,11831.1,0.0,NORTE,DIEGO LIMA,ONLINE,PENDENTE
PED-07579,2022-08-07,IMPRESSORA,999999,,1.0,NORTE,BRUNO COSTA,LOJA FÍSICA,PENDENTE
PED-05733,2023-07-06,NOTEBOOK,311,,0.284,SUL,ELENA SOUZA,REVENDEDOR,EM ANÁLISE
PED-04606,2022-11-21,TECLADO,,,0.312,SUL,ELENA SOUZA,TELEVENDAS,EM ANÁLISE
PED-03449,,TABLET,104,,0.25,SUL,DIEGO LIMA,REVENDEDOR,EM ANÁLISE
PED-54337,,MONITOR,,4722.55,0.0,SUDESTE,CARLA MENDES,LOJA FÍSICA,PENDENTE
PED-03441,2022-05-25,HD EXTERNO,185,,0.0,SUL,DIEGO LIMA,LOJA FÍSICA,CANCELADO
PED-07237,2023-06-27,NOTEBOOK,334,8902.23,0.033,SUDESTE,BRUNO COSTA,LOJA FÍSICA,PENDENTE
PED-03846,2024-05-14,HEADSET,999999,,0.0,NORTE,BRUNO COSTA,ONLINE,CANCELADO
PED-02308,2024-10-27,TABLET,316,3376.47,0.0,SUDESTE,CARLA MENDES,LOJA FÍSICA,PENDENTE
PED-08416,2023-03-08,TECLADO,999999,13330.35,1.0,SUDESTE,ANA SILVA,ONLINE,EM ANÁLISE
PED-01325,2023-12-05,IMPRESSORA,,,0.0,CENTRO-OESTE,BRUNO COSTA,REVENDEDOR,CONCLUÍDO
PED-01765,,TECLADO,104,14958.62,0.023,NORDESTE,CARLA MENDES,REVENDEDOR,CONCLUÍDO
PED-00875,2024-09-19,MONITOR,,4712.0,1.0,SUL,CARLA MENDES,LOJA FÍSICA,EM ANÁLISE
PED-03077,,WEBCAM,999999,,0.0,NORTE,DIEGO LIMA,LOJA FÍSICA,CANCELADO
PED-06820,2024-10-02,NOTEBOOK,999999,,0.0,SUDESTE,ANA SILVA,TELEVENDAS,PENDENTE
PED-08700,2024-07-11,SMARTPHONE,,8688.66,0.0,CENTRO-OESTE,DIEGO LIMA,LOJA FÍSICA,CANCELADO
PED-04725,,MONITOR,52,6903.1,0.0,CENTRO-OESTE,BRUNO COSTA,ONLINE,CONCLUÍDO
PED-08597,2022-11-18,MONITOR,,,0.396,NORDESTE,CARLA MENDES,LOJA FÍSICA,PENDENTE
PED-00690,2023-08-19,WEBCAM,82,3915.35,0.36,SUDESTE,CARLA MENDES,LOJA FÍSICA,PENDENTE
PED-01213,,IMPRESSORA,,,0.363,CENTRO-OESTE,CARLA MENDES,TELEVENDAS,CONCLUÍDO
PED-09546,2023-08-11,IMPRESSORA,344,,0.0,SUL,ELENA SOUZA,REVENDEDOR,EM ANÁLISE
PED-01816,2022-10-17,HD EXTERNO,17,9275.56,0.40299999999999997,NORTE,DIEGO LIMA,TELEVENDAS,CANCELADO
PED-03687,2024-09-20,TABLET,,,0.284,NORTE,ANA SILVA,LOJA FÍSICA,CANCELADO
PED-08664,,WEBCAM,,,0.393,NORTE,DIEGO LIMA,ONLINE,PENDENTE
PED-01643,2024-02-12,IMPRESSORA,430,6832.0,0.36,SUDESTE,CARLA MENDES,ONLINE,PENDENTE
PED-06468,2022-06-16,NOTEBOOK,999999,,0.252,SUL,BRUNO COSTA,LOJA FÍSICA,CONCLUÍDO
PED-09363,2022-09-19,NAN,277,4258.39,0.348,SUDESTE,ANA SILVA,ONLINE,CANCELADO
PED-08295,,IMPRESSORA,273,13786.0,0.254,CENTRO-OESTE,ELENA SOUZA,LOJA FÍSICA,CONCLUÍDO
PED-02576,,TECLADO,176,,0.0,NORDESTE,DIEGO LIMA,REVENDEDOR,PENDENTE
PED-04220,,IMPRESSORA,328,12750.98,0.121,SUDESTE,ELENA SOUZA,LOJA FÍSICA,CONCLUÍDO
PED-07890,2024-08-14,TABLET,95,14455.88,1.0,NORTE,ELENA SOUZA,TELEVENDAS,CONCLUÍDO
PED-09965,2024-01-28,HEADSET,,14693.78,0.0,CENTRO-OESTE,ANA SILVA,LOJA FÍSICA,PENDENTE
PED-06782,,HD EXTERNO,489,12647.95,0.11,SUL,ANA SILVA,ONLINE,EM ANÁLISE
PED-03944,2022-03-08,HEADSET,137,,0.0,NORDESTE,BRUNO COSTA,ONLINE,EM ANÁLISE
PED-01302,2023-11-04,IMPRESSORA,,,0.381,NORDESTE,CARLA MENDES,REVENDEDOR,CONCLUÍDO
PED-06833,2022-11-26,IMPRESSORA,,2897.66,0.0,SUDESTE,BRUNO COSTA,REVENDEDOR,CONCLUÍDO
PED-04833,2022-11-28,IMPRESSORA,,931.96,0.0,SUDESTE,DIEGO LIMA,REVENDEDOR,CANCELADO
PED-06319,,SMARTPHONE,,6850.68,0.23,NORTE,DIEGO LIMA,REVENDEDOR,EM ANÁLISE
PED-08617,,IMPRESSORA,,7675.0,0.0,SUDESTE,DIEGO LIMA,LOJA FÍSICA,CANCELADO
PED-05213,2024-11-13,IMPRESSORA,370,5092.67,0.16,NORTE,ANA SILVA,LOJA FÍSICA,CANCELADO
PED-04922,2024-03-27,IMPRESSORA,446,3356.82,0.0,SUL,ELENA SOUZA,TELEVENDAS,PENDENTE
PED-08644,,HD EXTERNO,469,,0.31,SUDESTE,ELENA SOUZA,LOJA FÍSICA,CONCLUÍDO
PED-06194,2023-12-25,TECLADO,178,,0.0,NORTE,ELENA SOUZA,REVENDEDOR,EM ANÁLISE
PED-92744,,TECLADO,,14719.0,0.1,NORTE,DIEGO LIMA,TELEVENDAS,EM ANÁLISE
PED-02327,,SMARTPHONE,,8612.2,0.17,SUL,CARLA MENDES,TELEVENDAS,EM ANÁLISE
PED-06560,2022-10-18,HD EXTERNO,20,,0.305,SUL,BRUNO COSTA,ONLINE,EM ANÁLISE
PED-02602,2023-09-20,TECLADO,428,4205.28,0.0,CENTRO-OESTE,ELENA SOUZA,TELEVENDAS,CANCELADO
PED-96230,,TECLADO,,,0.273,SUDESTE,ELENA SOUZA,ONLINE,PENDENTE
PED-01509,2024-07-22,SMARTPHONE,160,,0.413,NORTE,BRUNO COSTA,LOJA FÍSICA,CONCLUÍDO
PED-01761,2024-08-02,HD EXTERNO,,,0.408,CENTRO-OESTE,BRUNO COSTA,ONLINE,EM ANÁLISE
PED-02423,,MOUSE,,,0.222,SUL,ANA SILVA,LOJA FÍSICA,PENDENTE
PED-06715,,IMPRESSORA,999999,4745.0,0.153,SUL,BRUNO COSTA,ONLINE,PENDENTE
PED-09980,,HD EXTERNO,273,12881.01,0.403,NORDESTE,BRUNO COSTA,TELEVENDAS,CANCELADO
PED-01173,2024-04-07,TECLADO,262,,0.0,NORTE,BRUNO COSTA,ONLINE,PENDENTE
PED-05359,2023-12-15,MONITOR,,13899.22,0.0,SUDESTE,BRUNO COSTA,TELEVENDAS,PENDENTE
PED-06546,2023-08-08,TECLADO,370,,0.306,NORTE,CARLA MENDES,LOJA FÍSICA,CONCLUÍDO
PED-06695,2022-07-11,SMARTPHONE,482,14434.42,1.0,SUDESTE,DIEGO LIMA,ONLINE,CONCLUÍDO
PED-04259,2023-06-11,MONITOR,143,10792.97,0.0,NORDESTE,DIEGO LIMA,ONLINE,CONCLUÍDO
PED-04223,2024-06-15,WEBCAM,,,0.017,SUL,BRUNO COSTA,REVENDEDOR,EM ANÁLISE
PED-00046,2023-03-21,IMPRESSORA,,6289.47,0.0,NORTE,BRUNO COSTA,REVENDEDOR,PENDENTE
PED-09617,2024-08-20,IMPRESSORA,477,,0.0,NORTE,DIEGO LIMA,REVENDEDOR,CONCLUÍDO
PED-06678,,IMPRESSORA,,11058.53,0.489,NORTE,BRUNO COSTA,LOJA FÍSICA,CONCLUÍDO
PED-05612,2023-12-27,NOTEBOOK,,,0.429,SUDESTE,DIEGO LIMA,LOJA FÍSICA,CONCLUÍDO
PED-07185,2023-01-10,IMPRESSORA,314,12863.52,0.287,NORTE,CARLA MENDES,LOJA FÍSICA,CONCLUÍDO
PED-03853,2024-07-09,TABLET,999999,,0.253,SUL,DIEGO LIMA,ONLINE,CONCLUÍDO
PED-00863,2022-05-03,NOTEBOOK,999999,6151.72,0.465,CENTRO-OESTE,ELENA SOUZA,TELEVENDAS,CONCLUÍDO
PED-08381,2023-01-21,MONITOR,,8177.9,0.0,NORTE,CARLA MENDES,LOJA FÍSICA,PENDENTE
PED-01958,2022-04-21,HD EXTERNO,999999,6677.17,1.0,NORTE,ELENA SOUZA,REVENDEDOR,PENDENTE
PED-02796,,HD EXTERNO,420,2430.79,0.0,SUL,ELENA SOUZA,ONLINE,PENDENTE
PED-07659,,IMPRESSORA,,8388.64,0.0,SUDESTE,ANA SILVA,REVENDEDOR,PENDENTE
PED-02475,2024-10-03,HD EXTERNO,999999,13887.53,0.247,NORTE,CARLA MENDES,LOJA FÍSICA,PENDENTE
PED-06151,,MONITOR,999999,6181.95,0.057,CENTRO-OESTE,BRUNO COSTA,TELEVENDAS,EM ANÁLISE
PED-00668,2024-08-18,SMARTPHONE,500,,0.0,NORDESTE,ELENA SOUZA,LOJA FÍSICA,CONCLUÍDO
PED-07224,2022-04-21,MOUSE,188,,0.0,NORTE,CARLA MENDES,TELEVENDAS,EM ANÁLISE
PED-00041,,HD EXTERNO,,6863.2,0.474,NORTE,ELENA SOUZA,ONLINE,PENDENTE
PED-02466,,HEADSET,3,5639.0,0.044000000000000004,NORTE,CARLA MENDES,LOJA FÍSICA,PENDENTE
PED-00692,2023-10-26,TABLET,999999,,0.0,NORDESTE,ANA SILVA,REVENDEDOR,PENDENTE
PED-09698,,HD EXTERNO,999999,11559.0,0.27899999999999997,SUL,ANA SILVA,TELEVENDAS,CONCLUÍDO
PED-09644,2024-07-10,NOTEBOOK,367,,0.2,SUL,ANA SILVA,LOJA FÍSICA,CANCELADO
PED-00135,2022-07-07,MOUSE,378,10852.76,0.0,NORTE,ELENA SOUZA,LOJA FÍSICA,CONCLUÍDO
PED-08061,2024-06-16,NOTEBOOK,119,,0.0,NORTE,CARLA MENDES,ONLINE,PENDENTE
PED-03412,2023-09-22,TECLADO,149,12966.13,0.495,NORTE,ELENA SOUZA,ONLINE,PENDENTE
PED-08288,,HEADSET,,13976.0,0.18,SUDESTE,CARLA MENDES,TELEVENDAS,PENDENTE
PED-03203,2023-08-23,HEADSET,,,0.212,SUDESTE,ANA SILVA,LOJA FÍSICA,PENDENTE
PED-03356,2024-12-22,WEBCAM,,,0.157,NORTE,DIEGO LIMA,LOJA FÍSICA,PENDENTE
PED-05262,2024-08-08,TABLET,,7305.85,0.24,NORTE,ELENA SOUZA,ONLINE,PENDENTE
PED-00508,2024-07-18,HD EXTERNO,,11356.42,0.259,CENTRO-OESTE,BRUNO COSTA,LOJA FÍSICA,CONCLUÍDO
PED-00501,2024-01-05,TABLET,425,6984.28,0.035,SUDESTE,CARLA MENDES,LOJA FÍSICA,CONCLUÍDO
PED-09042,2022-06-18,NOTEBOOK,,13154.37,0.32,CENTRO-OESTE,ELENA SOUZA,ONLINE,CONCLUÍDO
PED-09277,2024-11-10,NOTEBOOK,,13022.87,0.289,SUDESTE,DIEGO LIMA,REVENDEDOR,PENDENTE
PED-01724,2022-04-06,WEBCAM,150,,0.0,SUDESTE,CARLA MENDES,LOJA FÍSICA,CANCELADO
PED-08930,2022-07-28,HD EXTERNO,113,14649.14,0.456,CENTRO-OESTE,CARLA MENDES,LOJA FÍSICA,EM ANÁLISE
PED-06916,2022-09-12,WEBCAM,,,0.408,CENTRO-OESTE,DIEGO LIMA,LOJA FÍSICA,EM ANÁLISE
PED-03465,,NOTEBOOK,465,,0.25,CENTRO-OESTE,DIEGO LIMA,ONLINE,PENDENTE
PED-02759,2023-01-15,IMPRESSORA,58,7082.0,0.0,SUDESTE,DIEGO LIMA,REVENDEDOR,CONCLUÍDO
PED-00200,,WEBCAM,323,,0.0,SUDESTE,ANA SILVA,LOJA FÍSICA,PENDENTE
PED-07294,,TABLET,,7541.83,0.475,SUL,CARLA MENDES,ONLINE,CONCLUÍDO
PED-68387,2022-12-04,MOUSE,11,,0.0,SUDESTE,DIEGO LIMA,ONLINE,PENDENTE
PED-09565,2024-11-19,WEBCAM,11,5765.65,1.0,SUDESTE,ANA SILVA,LOJA FÍSICA,CANCELADO
PED-07037,2024-05-21,HD EXTERNO,280,,0.019,NORTE,CARLA MENDES,ONLINE,CONCLUÍDO
PED-08374,2024-08-09,TECLADO,,,0.0,NORDESTE,ELENA SOUZA,REVENDEDOR,CANCELADO
PED-03020,,TABLET,408,13944.98,1.0,SUDESTE,ANA SILVA,REVENDEDOR,CONCLUÍDO
PED-05173,2022-06-01,WEBCAM,,5577.74,0.38,SUDESTE,CARLA MENDES,ONLINE,EM ANÁLISE
PED-00263,2022-02-17,HD EXTERNO,47,6442.0,0.0,NORTE,ELENA SOUZA,ONLINE,CANCELADO
PED-05789,2023-10-18,MONITOR,,,0.43,SUL,ANA SILVA,REVENDEDOR,CONCLUÍDO
PED-08542,2024-05-04,WEBCAM,154,9182.96,0.401,NORTE,ANA SILVA,ONLINE,CANCELADO
PED-00058,,MONITOR,,3989.76,0.448,NORDESTE,DIEGO LIMA,LOJA FÍSICA,CONCLUÍDO
PED-18162,2023-12-02,HD EXTERNO,,,0.357,NORTE,ELENA SOUZA,ONLINE,PENDENTE
PED-04447,,HD EXTERNO,,,0.257,CENTRO-OESTE,DIEGO LIMA,LOJA FÍSICA,PENDENTE
PED-06065,2023-05-01,MOUSE,,,0.308,NORDESTE,DIEGO LIMA,TELEVENDAS,EM ANÁLISE
PED-03956,2024-12-28,NOTEBOOK,87,9694.31,0.07,SUL,ANA SILVA,TELEVENDAS,PENDENTE
PED-09577,2024-07-10,IMPRESSORA,,14084.34,0.24,SUL,ELENA SOUZA,TELEVENDAS,CONCLUÍDO
PED-07115,2022-01-26,HEADSET,465,8086.0,0.186,SUDESTE,BRUNO COSTA,LOJA FÍSICA,CONCLUÍDO
PED-00774,2023-11-12,WEBCAM,,,0.0,CENTRO-OESTE,BRUNO COSTA,LOJA FÍSICA,CONCLUÍDO
PED-06965,2024-12-21,HD EXTERNO,157,,0.0,NORTE,CARLA MENDES,ONLINE,EM ANÁLISE
PED-06452,2023-12-27,HEADSET,377,3565.97,0.0,NORTE,ANA SILVA,LOJA FÍSICA,PENDENTE
PED-05291,,MOUSE,120,,0.0,SUL,ANA SILVA,LOJA FÍSICA,PENDENTE
PED-04961,2023-08-15,MOUSE,171,,0.35200000000000004,NORTE,ANA SILVA,ONLINE,CANCELADO
PED-04279,,MOUSE,155,1352.47,0.0,SUDESTE,BRUNO COSTA,LOJA FÍSICA,EM ANÁLISE
PED-02559,2023-07-03,TECLADO,477,8252.06,0.066,SUDESTE,DIEGO LIMA,TELEVENDAS,EM ANÁLISE
PED-07410,,TECLADO,,,0.193,SUDESTE,ANA SILVA,LOJA FÍSICA,PENDENTE
PED-07751,2022-05-06,MONITOR,,1839.0,0.45299999999999996,SUL,BRUNO COSTA,REVENDEDOR,CONCLUÍDO
PED-09782,2022-03-05,SMARTPHONE,,888.91,0.0,NORTE,BRUNO COSTA,TELEVENDAS,EM ANÁLISE
PED-04630,,IMPRESSORA,11,,0.226,SUDESTE,BRUNO COSTA,REVENDEDOR,PENDENTE
PED-04986,,TECLADO,264,,0.22,SUL,BRUNO COSTA,ONLINE,CANCELADO
PED-02282,,MOUSE,459,14798.78,0.46,NORTE,DIEGO LIMA,ONLINE,EM ANÁLISE
PED-08437,2023-06-20,IMPRESSORA,284,9259.83,0.0,NORTE,DIEGO LIMA,LOJA FÍSICA,CONCLUÍDO
PED-09608,,MONITOR,,,0.45299999999999996,NORDESTE,ELENA SOUZA,REVENDEDOR,CONCLUÍDO
PED-04490,2024-02-11,MOUSE,,11691.57,0.42100000000000004,NORDESTE,ELENA SOUZA,REVENDEDOR,PENDENTE
PED-07645,,NOTEBOOK,,,0.191,SUL,DIEGO LIMA,LOJA FÍSICA,EM ANÁLISE
PED-04759,2022-05-10,NOTEBOOK,42,,0.0,SUL,ANA SILVA,LOJA FÍSICA,CONCLUÍDO
PED-05757,2024-03-07,NAN,,4144.87,0.0,NORDESTE,ELENA SOUZA,LOJA FÍSICA,CONCLUÍDO
PED-07176,2023-02-15,HEADSET,335,,0.15,SUL,ELENA SOUZA,LOJA FÍSICA,PENDENTE
PED-06371,2023-06-14,HEADSET,,,0.43799999999999994,CENTRO-OESTE,CARLA MENDES,TELEVENDAS,CANCELADO
PED-00797,2022-07-27,IMPRESSORA,,,0.3320000000000001,SUL,CARLA MENDES,TELEVENDAS,PENDENTE
PED-05598,2022-09-13,MONITOR,999999,10152.63,0.24100000000000002,CENTRO-OESTE,CARLA MENDES,LOJA FÍSICA,PENDENTE
PED-08253,2023-03-13,MOUSE,396,,0.0,NORDESTE,ELENA SOUZA,ONLINE,PENDENTE
PED-09146,2022-10-19,HD EXTERNO,252,,1.0,SUL,BRUNO COSTA,REVENDEDOR,EM ANÁLISE
PED-09799,2024-11-13,MOUSE,999999,,0.0,SUL,DIEGO LIMA,TELEVENDAS,CONCLUÍDO
PED-08502,,TECLADO,420,,0.0,SUDESTE,ANA SILVA,ONLINE,CANCELADO
PED-00337,,MOUSE,,,0.40700000000000003,NORTE,ANA SILVA,REVENDEDOR,CANCELADO
PED-09468,2024-08-13,WEBCAM,63,5991.0,0.0,NORTE,DIEGO LIMA,ONLINE,CANCELADO
PED-05837,2022-05-20,TECLADO,195,6807.41,0.0,SUDESTE,CARLA MENDES,TELEVENDAS,CANCELADO
PED-03213,,TECLADO,,7839.12,0.431,NORDESTE,ELENA SOUZA,ONLINE,PENDENTE
PED-07271,2023-01-06,SMARTPHONE,151,,0.057,NORTE,DIEGO LIMA,LOJA FÍSICA,EM ANÁLISE
PED-67025,2023-02-24,TECLADO,274,5698.44,0.0,NORDESTE,ELENA SOUZA,TELEVENDAS,PENDENTE
PED-06439,2023-05-22,HD EXTERNO,999999,7801.01,0.0,NORDESTE,ELENA SOUZA,ONLINE,CANCELADO
PED-04133,2024-07-16,TABLET,999999,13497.35,0.09,CENTRO-OESTE,DIEGO LIMA,ONLINE,EM ANÁLISE
PED-00942,2022-09-18,HD EXTERNO,213,,0.0,SUL,CARLA MENDES,LOJA FÍSICA,CANCELADO
PED-09167,,MOUSE,,,0.38299999999999995,NORDESTE,BRUNO COSTA,ONLINE,PENDENTE
PED-07154,2022-04-03,SMARTPHONE,366,,0.41,SUL,CARLA MENDES,TELEVENDAS,CONCLUÍDO
PED-00645,2023-05-13,HEADSET,,13984.87,1.0,SUL,ELENA SOUZA,TELEVENDAS,CANCELADO
PED-08993,2023-11-16,MOUSE,228,,0.0,NORTE,CARLA MENDES,ONLINE,CONCLUÍDO
PED-05827,2024-04-05,SMARTPHONE,27,,0.0,SUDESTE,BRUNO COSTA,LOJA FÍSICA,CANCELADO
PED-01741,2022-02-09,SMARTPHONE,999999,,0.01,NORTE,BRUNO COSTA,LOJA FÍSICA,EM ANÁLISE
PED-00882,,MONITOR,86,12218.68,0.153,NORTE,CARLA MENDES,LOJA FÍSICA,PENDENTE
PED-08630,2024-07-06,WEBCAM,269,,0.28,SUL,ANA SILVA,LOJA FÍSICA,EM ANÁLISE
PED-06828,2022-12-01,MOUSE,392,4732.21,0.0,NORTE,DIEGO LIMA,LOJA FÍSICA,PENDENTE
PED-04213,2022-10-11,WEBCAM,386,,0.265,SUDESTE,BRUNO COSTA,ONLINE,CANCELADO
PED-06708,,HD EXTERNO,247,632.89,0.056,NORDESTE,NAN,REVENDEDOR,CONCLUÍDO
PED-09673,2023-02-17,HD EXTERNO,,,0.0,SUL,DIEGO LIMA,LOJA FÍSICA,PENDENTE
PED-02995,2022-12-17,WEBCAM,134,1384.81,1.0,CENTRO-OESTE,CARLA MENDES,LOJA FÍSICA,PENDENTE
PED-90216,2024-02-01,WEBCAM,449,10815.0,0.0,CENTRO-OESTE,CARLA MENDES,LOJA FÍSICA,CANCELADO
PED-43106,,MOUSE,245,13052.37,0.0,NORTE,CARLA MENDES,LOJA FÍSICA,PENDENTE
PED-01948,2022-02-10,TECLADO,150,3509.78,0.378,NORDESTE,CARLA MENDES,TELEVENDAS,EM ANÁLISE
PED-01020,2024-11-02,HEADSET,,,0.379,SUL,ANA SILVA,TELEVENDAS,PENDENTE
PED-06539,,WEBCAM,,,0.318,SUL,DIEGO LIMA,ONLINE,CANCELADO
PED-09922,2023-09-14,NAN,,,0.0,NORDESTE,CARLA MENDES,REVENDEDOR,CANCELADO
PED-00414,2024-02-26,MOUSE,316,1115.43,0.0,NORTE,BRUNO COSTA,ONLINE,CANCELADO
PED-01667,,MONITOR,,,0.364,SUL,ANA SILVA,LOJA FÍSICA,EM ANÁLISE
PED-03732,2023-02-02,NOTEBOOK,287,12706.03,0.153,SUDESTE,DIEGO LIMA,ONLINE,CANCELADO
PED-06375,,HEADSET,85,11021.2,0.48100000000000004,SUDESTE,BRUNO COSTA,TELEVENDAS,CONCLUÍDO
PED-03577,2023-07-10,NOTEBOOK,370,2769.86,0.442,NORTE,BRUNO COSTA,REVENDEDOR,CONCLUÍDO
PED-07816,2023-08-27,HEADSET,127,9544.38,0.294,SUL,CARLA MENDES,ONLINE,CONCLUÍDO
PED-06415,2023-11-18,HEADSET,,6724.71,0.47700000000000004,NORTE,BRUNO COSTA,ONLINE,CONCLUÍDO
PED-04225,2022-07-27,TECLADO,,9970.0,0.127,SUL,DIEGO LIMA,REVENDEDOR,PENDENTE
PED-01277,2024-08-04,SMARTPHONE,,10959.57,0.0,NORTE,BRUNO COSTA,TELEVENDAS,CONCLUÍDO
PED-08579,2023-05-06,SMARTPHONE,144,9839.0,0.0,NORDESTE,ELENA SOUZA,LOJA FÍSICA,CONCLUÍDO
PED-07855,2022-07-02,WEBCAM,275,12227.92,0.0,NORTE,CARLA MENDES,ONLINE,PENDENTE
PED-00313,2022-04-02,MOUSE,999999,,0.0,SUL,ANA SILVA,LOJA FÍSICA,PENDENTE
PED-00670,2024-07-28,MONITOR,167,10118.09,0.458,SUL,CARLA MENDES,REVENDEDOR,PENDENTE
PED-08989,2024-12-11,NAN,350,,1.0,NORTE,ANA SILVA,REVENDEDOR,EM ANÁLISE
PED-03071,2024-06-27,MOUSE,48,,0.0,SUL,BRUNO COSTA,LOJA FÍSICA,CONCLUÍDO
PED-64741,2022-05-24,TABLET,,880.36,0.48700000000000004,SUL,ELENA SOUZA,LOJA FÍSICA,EM ANÁLISE
PED-09916,2022-05-26,HEADSET,,143.92,0.16,NORTE,ANA SILVA,REVENDEDOR,CONCLUÍDO
PED-01935,,HD EXTERNO,364,,0.0,NORTE,BRUNO COSTA,REVENDEDOR,PENDENTE
PED-05033,2022-11-02,IMPRESSORA,243,9481.44,0.0,CENTRO-OESTE,BRUNO COSTA,REVENDEDOR,CANCELADO
PED-09437,2023-06-24,SMARTPHONE,,2537.7,0.055,CENTRO-OESTE,CARLA MENDES,TELEVENDAS,CONCLUÍDO
PED-05606,2024-01-03,MONITOR,999999,10544.08,0.0,SUDESTE,BRUNO COSTA,TELEVENDAS,PENDENTE
PED-01956,2023-07-08,SMARTPHONE,,,0.0,NORTE,ELENA SOUZA,LOJA FÍSICA,CANCELADO
PED-03985,2024-09-05,WEBCAM,,14045.22,0.325,SUDESTE,CARLA MENDES,REVENDEDOR,CANCELADO
PED-00204,2022-03-09,HEADSET,294,,0.0,SUL,BRUNO COSTA,TELEVENDAS,CONCLUÍDO
PED-01169,2022-06-08,SMARTPHONE,337,2357.51,0.433,NORTE,ELENA SOUZA,LOJA FÍSICA,EM ANÁLISE
PED-08137,2022-03-22,HEADSET,255,8262.0,0.0,SUL,ELENA SOUZA,LOJA FÍSICA,CONCLUÍDO
PED-01917,2022-06-13,IMPRESSORA,999999,,0.0,NORTE,ANA SILVA,LOJA FÍSICA,CONCLUÍDO
PED-05872,2024-01-04,IMPRESSORA,,,0.382,SUDESTE,CARLA MENDES,LOJA FÍSICA,EM ANÁLISE
PED-05117,2022-02-04,HEADSET,999999,7145.07,0.44,CENTRO-OESTE,CARLA MENDES,LOJA FÍSICA,EM ANÁLISE
PED-09121,2023-09-10,TABLET,34,,0.0,NORTE,DIEGO LIMA,LOJA FÍSICA,CANCELADO
PED-00514,2022-10-04,HEADSET,999999,,0.39799999999999996,NORDESTE,ANA SILVA,REVENDEDOR,CONCLUÍDO
PED-07068,2022-11-06,MONITOR,445,4824.65,0.247,SUL,ELENA SOUZA,LOJA FÍSICA,EM ANÁLISE
PED-09183,2022-09-13,MONITOR,152,7266.38,0.0,NORTE,CARLA MENDES,REVENDEDOR,PENDENTE
PED-03556,2022-03-08,HD EXTERNO,,7819.41,1.0,SUL,ELENA SOUZA,LOJA FÍSICA,PENDENTE
PED-84513,,HD EXTERNO,77,,0.0,SUDESTE,ANA SILVA,REVENDEDOR,CANCELADO
PED-61590,2024-05-11,IMPRESSORA,370,,0.184,SUL,ELENA SOUZA,ONLINE,CONCLUÍDO
PED-04715,,MOUSE,,6306.33,0.122,SUDESTE,DIEGO LIMA,ONLINE,CANCELADO
PED-02234,2023-05-25,WEBCAM,49,,0.0,CENTRO-OESTE,ELENA SOUZA,ONLINE,CANCELADO
PED-08813,2024-08-14,MONITOR,,4358.29,0.314,SUL,BRUNO COSTA,REVENDEDOR,CONCLUÍDO
PED-06824,,MOUSE,,11081.25,0.093,NORDESTE,BRUNO COSTA,ONLINE,PENDENTE
PED-06018,2023-07-07,WEBCAM,97,,0.0,SUDESTE,DIEGO LIMA,ONLINE,CONCLUÍDO
PED-08821,2022-12-02,WEBCAM,371,,0.0,NORTE,ANA SILVA,LOJA FÍSICA,PENDENTE
PED-03755,,HD EXTERNO,242,,0.0,SUL,DIEGO LIMA,ONLINE,CONCLUÍDO
PED-05323,2024-11-16,TECLADO,999999,3949.38,0.4,CENTRO-OESTE,ELENA SOUZA,TELEVENDAS,CONCLUÍDO
PED-02300,,NOTEBOOK,,,0.052,NORTE,DIEGO LIMA,REVENDEDOR,CANCELADO
PED-04851,2024-11-12,MONITOR,,,1.0,NORDESTE,DIEGO LIMA,REVENDEDOR,CONCLUÍDO
PED-09794,2024-08-27,IMPRESSORA,999999,10280.14,0.445,SUL,ANA SILVA,LOJA FÍSICA,CONCLUÍDO
PED-09070,2023-07-27,HEADSET,385,,0.3,SUL,ANA SILVA,REVENDEDOR,EM ANÁLISE
PED-06137,,HEADSET,201,,0.0,SUL,BRUNO COSTA,ONLINE,CANCELADO
PED-04469,2023-06-27,IMPRESSORA,,6577.98,0.0,CENTRO-OESTE,BRUNO COSTA,LOJA FÍSICA,CANCELADO
PED-06244,,NOTEBOOK,282,8695.84,0.488,SUDESTE,DIEGO LIMA,REVENDEDOR,CONCLUÍDO
PED-01462,2023-03-12,NOTEBOOK,462,10851.0,0.0,SUL,CARLA MENDES,ONLINE,CONCLUÍDO
PED-03676,2024-09-02,HEADSET,999999,,0.036000000000000004,SUDESTE,BRUNO COSTA,LOJA FÍSICA,CONCLUÍDO
PED-06270,2023-10-07,HD EXTERNO,,,0.373,SUL,ELENA SOUZA,TELEVENDAS,CANCELADO
PED-01023,2023-08-26,HEADSET,,,1.0,CENTRO-OESTE,CARLA MENDES,TELEVENDAS,EM ANÁLISE
PED-02650,2022-04-13,HEADSET,,,0.005,SUDESTE,ANA SILVA,TELEVENDAS,CONCLUÍDO
PED-08577,2024-06-06,HD EXTERNO,,,0.0,NORTE,DIEGO LIMA,LOJA FÍSICA,PENDENTE
PED-00477,,IMPRESSORA,29,4499.59,0.0,CENTRO-OESTE,DIEGO LIMA,TELEVENDAS,CONCLUÍDO
PED-05875,2023-12-11,TECLADO,231,,0.0,CENTRO-OESTE,ELENA SOUZA,REVENDEDOR,PENDENTE
PED-05553,2023-04-18,MONITOR,290,10904.17,0.0,CENTRO-OESTE,CARLA MENDES,ONLINE,CONCLUÍDO
PED-01219,,HD EXTERNO,74,,0.07200000000000001,SUL,ANA SILVA,TELEVENDAS,CONCLUÍDO
PED-08605,2022-11-25,TECLADO,,6719.62,0.051,SUL,ANA SILVA,LOJA FÍSICA,CONCLUÍDO
PED-06446,2024-06-24,TECLADO,476,3818.96,0.0,SUDESTE,CARLA MENDES,REVENDEDOR,CANCELADO
PED-09977,,NOTEBOOK,999999,14108.47,0.0,SUL,DIEGO LIMA,LOJA FÍSICA,PENDENTE
PED-06619,2023-10-05,IMPRESSORA,,,0.408,NORTE,BRUNO COSTA,ONLINE,CONCLUÍDO
PED-90210,2022-06-16,SMARTPHONE,185,14044.0,0.0,NORTE,CARLA MENDES,ONLINE,CONCLUÍDO
PED-07251,,IMPRESSORA,,6990.02,0.0,SUL,CARLA MENDES,ONLINE,CONCLUÍDO
PED-02001,,HEADSET,188,,0.447,CENTRO-OESTE,ANA SILVA,LOJA FÍSICA,EM ANÁLISE
PED-05524,2022-06-09,MOUSE,,,0.267,NORTE,ANA SILVA,LOJA FÍSICA,EM ANÁLISE
PED-07540,,HD EXTERNO,133,,0.124,SUL,CARLA MENDES,ONLINE,EM ANÁLISE
PED-05015,,TECLADO,304,,0.446,NORTE,BRUNO COSTA,TELEVENDAS,CONCLUÍDO
PED-05702,2022-11-19,IMPRESSORA,263,8599.02,0.12,CENTRO-OESTE,BRUNO COSTA,TELEVENDAS,CANCELADO
PED-00809,,HEADSET,432,6684.05,0.0,SUDESTE,DIEGO LIMA,REVENDEDOR,EM ANÁLISE
PED-02780,,SMARTPHONE,,2229.09,0.0,SUL,ELENA SOUZA,LOJA FÍSICA,CONCLUÍDO
PED-01893,2024-11-08,NOTEBOOK,,8272.0,0.312,NORTE,ANA SILVA,TELEVENDAS,PENDENTE
PED-04110,2024-09-26,HD EXTERNO,,,0.0,NORTE,DIEGO LIMA,LOJA FÍSICA,CONCLUÍDO
PED-01386,2023-02-12,TABLET,,5412.07,0.0,SUDESTE,CARLA MENDES,ONLINE,PENDENTE
PED-06176,2024-03-09,TECLADO,,13183.28,0.16399999999999998,SUDESTE,ELENA SOUZA,REVENDEDOR,CONCLUÍDO
PED-02662,2023-09-21,WEBCAM,,,0.0,SUL,ELENA SOUZA,LOJA FÍSICA,CONCLUÍDO
PED-08038,2024-08-03,MONITOR,334,2653.29,0.0,CENTRO-OESTE,ELENA SOUZA,ONLINE,CONCLUÍDO
PED-08198,2022-01-16,TABLET,310,,0.152,SUL,BRUNO COSTA,TELEVENDAS,CONCLUÍDO
PED-05107,2023-03-13,HEADSET,191,1918.54,1.0,NORTE,ELENA SOUZA,TELEVENDAS,EM ANÁLISE
PED-09883,2023-12-06,WEBCAM,,2853.18,0.281,NORDESTE,DIEGO LIMA,TELEVENDAS,EM ANÁLISE
PED-07470,2022-05-18,TECLADO,446,,0.0,NORDESTE,DIEGO LIMA,REVENDEDOR,CANCELADO
PED-01381,2023-08-18,HD EXTERNO,,7941.33,0.0,CENTRO-OESTE,DIEGO LIMA,ONLINE,CONCLUÍDO
PED-01831,2024-03-13,WEBCAM,426,12101.0,0.0,SUL,CARLA MENDES,LOJA FÍSICA,PENDENTE
PED-02948,2024-04-04,NOTEBOOK,409,9494.85,0.102,SUL,CARLA MENDES,ONLINE,EM ANÁLISE
PED-00753,2022-05-13,HEADSET,213,6871.37,0.16,SUL,ANA SILVA,LOJA FÍSICA,EM ANÁLISE
PED-01391,,MOUSE,434,,0.258,NORTE,CARLA MENDES,LOJA FÍSICA,CANCELADO
PED-05685,2023-03-11,MOUSE,,13289.35,0.136,SUDESTE,ELENA SOUZA,ONLINE,CONCLUÍDO
PED-02088,2022-12-19,HD EXTERNO,387,,0.46299999999999997,CENTRO-OESTE,CARLA MENDES,TELEVENDAS,CONCLUÍDO
PED-04585,2023-12-10,IMPRESSORA,254,,0.0,SUDESTE,CARLA MENDES,ONLINE,CONCLUÍDO
PED-09571,2023-04-27,MOUSE,93,11178.69,0.37,SUL,BRUNO COSTA,ONLINE,CONCLUÍDO
PED-03150,2024-02-15,HEADSET,,,0.0,SUL,ANA SILVA,ONLINE,PENDENTE
PED-07289,2024-10-28,NAN,125,,1.0,NORDESTE,CARLA MENDES,ONLINE,CANCELADO
PED-03288,2024-05-01,IMPRESSORA,256,,0.0,SUL,CARLA MENDES,LOJA FÍSICA,CONCLUÍDO
PED-02922,,NOTEBOOK,999999,5074.58,0.0,NORTE,DIEGO LIMA,TELEVENDAS,CONCLUÍDO
PED-06778,2024-02-22,MOUSE,,2455.9,1.0,NORTE,DIEGO LIMA,LOJA FÍSICA,CANCELADO
PED-05539,,NAN,,6862.66,0.0,NORDESTE,DIEGO LIMA,LOJA FÍSICA,CANCELADO
PED-02008,,TECLADO,106,,0.037000000000000005,NORTE,ELENA SOUZA,REVENDEDOR,PENDENTE
PED-09592,,TABLET,11,6686.0,1.0,NORTE,CARLA MENDES,ONLINE,EM ANÁLISE
PED-08144,,MOUSE,88,12771.06,1.0,CENTRO-OESTE,ELENA SOUZA,LOJA FÍSICA,CONCLUÍDO
PED-06704,2022-04-11,SMARTPHONE,,7697.81,0.379,NORTE,DIEGO LIMA,LOJA FÍSICA,CONCLUÍDO
PED-08657,2024-02-02,MOUSE,,219.19,0.0,NORDESTE,CARLA MENDES,ONLINE,CONCLUÍDO
PED-05622,2023-02-06,HD EXTERNO,112,1053.31,0.179,NORTE,ANA SILVA,REVENDEDOR,CANCELADO
PED-28330,,WEBCAM,123,10360.84,0.33,NORTE,DIEGO LIMA,ONLINE,EM ANÁLISE
PED-09306,2024-04-19,IMPRESSORA,26,,0.012,CENTRO-OESTE,BRUNO COSTA,ONLINE,CONCLUÍDO
PED-03351,2023-12-19,MONITOR,,7559.0,0.315,SUL,DIEGO LIMA,ONLINE,CONCLUÍDO
PED-03335,2022-04-08,HD EXTERNO,,,0.413,NORTE,DIEGO LIMA,TELEVENDAS,PENDENTE
PED-00084,,TABLET,,13196.15,0.387,SUL,BRUNO COSTA,REVENDEDOR,CONCLUÍDO
PED-06822,,SMARTPHONE,,,0.0,SUL,CARLA MENDES,ONLINE,CONCLUÍDO
PED-06185,2024-04-22,TECLADO,,,0.42100000000000004,SUL,ELENA SOUZA,ONLINE,PENDENTE
PED-04923,2024-02-10,HD EXTERNO,,1465.15,0.389,CENTRO-OESTE,DIEGO LIMA,TELEVENDAS,PENDENTE
PED-07087,2024-09-26,MONITOR,,,0.038,NORTE,DIEGO LIMA,REVENDEDOR,CANCELADO
PED-03414,2022-02-12,IMPRESSORA,,,0.268,NORDESTE,DIEGO LIMA,LOJA FÍSICA,CONCLUÍDO
PED-05136,2023-08-20,HEADSET,,,0.16699999999999998,NORTE,ANA SILVA,ONLINE,CONCLUÍDO
PED-06720,,MOUSE,485,2474.05,0.0,SUL,CARLA MENDES,TELEVENDAS,CANCELADO
PED-03795,2022-02-13,MOUSE,,,0.0,SUL,ELENA SOUZA,TELEVENDAS,PENDENTE
PED-08301,2023-10-21,MOUSE,,,0.0,NORDESTE,ELENA SOUZA,REVENDEDOR,CANCELADO
PED-05340,2024-11-03,IMPRESSORA,127,7587.0,0.361,NORTE,ELENA SOUZA,LOJA FÍSICA,EM ANÁLISE
PED-09265,2022-05-21,HD EXTERNO,24,,0.267,SUDESTE,ANA SILVA,TELEVENDAS,CONCLUÍDO
PED-01846,,HD EXTERNO,999999,,0.0,SUL,ELENA SOUZA,LOJA FÍSICA,CANCELADO
PED-06163,,SMARTPHONE,,5731.59,0.035,NORTE,ELENA SOUZA,TELEVENDAS,CANCELADO
PED-03615,2024-01-24,MOUSE,234,11810.81,0.253,SUL,BRUNO COSTA,TELEVENDAS,PENDENTE
PED-06000,2024-10-02,SMARTPHONE,144,7664.55,0.49200000000000005,SUDESTE,DIEGO LIMA,ONLINE,CANCELADO
PED-03664,2023-03-04,TECLADO,,5925.76,0.0,NORTE,CARLA MENDES,LOJA FÍSICA,EM ANÁLISE
PED-08507,2023-09-24,TABLET,109,7350.06,0.0,SUDESTE,ELENA SOUZA,LOJA FÍSICA,CONCLUÍDO
PED-01054,2023-09-09,IMPRESSORA,,12765.0,0.0,NORTE,BRUNO COSTA,LOJA FÍSICA,CANCELADO
PED-08959,2022-04-11,IMPRESSORA,300,,0.0,SUL,CARLA MENDES,REVENDEDOR,PENDENTE
PED-01991,,TABLET,,6416.22,0.137,SUL,BRUNO COSTA,TELEVENDAS,PENDENTE
PED-03399,,NAN,354,,0.0,NORTE,BRUNO COSTA,TELEVENDAS,PENDENTE
PED-04135,,TECLADO,201,6135.87,1.0,SUL,BRUNO COSTA,LOJA FÍSICA,PENDENTE
PED-06999,2023-01-03,WEBCAM,244,,0.0,NORTE,DIEGO LIMA,ONLINE,CANCELADO
PED-06444,2023-02-28,HEADSET,,,0.03,CENTRO-OESTE,CARLA MENDES,LOJA FÍSICA,PENDENTE
PED-06650,2023-02-07,TABLET,480,826.64,0.105,SUL,ANA SILVA,LOJA FÍSICA,PENDENTE
PED-60405,2024-02-19,TABLET,187,,0.0,NORTE,DIEGO LIMA,LOJA FÍSICA,CONCLUÍDO
PED-03975,,IMPRESSORA,318,,0.279,NORDESTE,BRUNO COSTA,LOJA FÍSICA,PENDENTE
PED-86755,,TECLADO,999999,9930.54,0.052000000000000005,CENTRO-OESTE,ANA SILVA,TELEVENDAS,PENDENTE
PED-03547,2024-11-03,MOUSE,999999,,0.077,CENTRO-OESTE,ELENA SOUZA,TELEVENDAS,CANCELADO
PED-09945,,HEADSET,200,11557.28,0.0,NORTE,CARLA MENDES,LOJA FÍSICA,CONCLUÍDO
PED-07820,2023-11-10,IMPRESSORA,410,,1.0,SUL,BRUNO COSTA,LOJA FÍSICA,CANCELADO
PED-02646,2022-08-23,SMARTPHONE,,,0.401,SUL,ELENA SOUZA,TELEVENDAS,PENDENTE
PED-09416,,MONITOR,150,6746.51,0.277,NORDESTE,CARLA MENDES,REVENDEDOR,PENDENTE
PED-09826,,MONITOR,361,7683.89,0.091,CENTRO-OESTE,ANA SILVA,REVENDEDOR,EM ANÁLISE
PED-01706,2023-07-07,TABLET,214,14133.47,0.221,SUL,ANA SILVA,ONLINE,CONCLUÍDO
PED-09540,2022-04-18,SMARTPHONE,,3226.0,0.0,NORTE,ANA SILVA,ONLINE,CANCELADO
PED-08375,2022-11-16,SMARTPHONE,999999,,0.17800000000000002,NORDESTE,DIEGO LIMA,LOJA FÍSICA,CANCELADO
PED-04803,,MONITOR,,,0.42,SUDESTE,BRUNO COSTA,ONLINE,EM ANÁLISE
PED-07347,2022-10-10,WEBCAM,,6538.12,0.0,NORDESTE,CARLA MENDES,REVENDEDOR,PENDENTE
PED-50138,2022-05-11,SMARTPHONE,,,0.388,NORTE,ELENA SOUZA,LOJA FÍSICA,PENDENTE
PED-04911,,SMARTPHONE,457,,0.18,SUL,BRUNO COSTA,REVENDEDOR,PENDENTE
PED-06604,2024-04-03,SMARTPHONE,,,0.045,NORDESTE,BRUNO COSTA,TELEVENDAS,PENDENTE
PED-01466,,IMPRESSORA,,,0.102,NORTE,DIEGO LIMA,REVENDEDOR,CANCELADO
PED-02531,2024-11-14,HD EXTERNO,32,,0.273,NORTE,ELENA SOUZA,TELEVENDAS,CANCELADO
PED-04815,,NOTEBOOK,,14890.95,0.0,CENTRO-OESTE,DIEGO LIMA,ONLINE,CONCLUÍDO
PED-07572,2023-06-11,TECLADO,,,0.0,NORTE,BRUNO COSTA,LOJA FÍSICA,EM ANÁLISE
PED-02798,,TECLADO,,,0.0,NORTE,DIEGO LIMA,TELEVENDAS,CANCELADO
PED-07739,2024-05-03,TECLADO,,,0.216,SUL,CARLA MENDES,ONLINE,CANCELADO
PED-06376,2022-11-12,TABLET,113,1333.0,0.0,CENTRO-OESTE,DIEGO LIMA,REVENDEDOR,CONCLUÍDO
PED-04949,2023-12-26,SMARTPHONE,406,14091.7,0.071,CENTRO-OESTE,CARLA MENDES,ONLINE,PENDENTE
PED-08276,,MONITOR,62,,0.0,NORTE,CARLA MENDES,REVENDEDOR,PENDENTE
PED-02330,2024-12-20,TECLADO,,10127.92,0.348,NORTE,ANA SILVA,TELEVENDAS,CANCELADO
PED-01035,,WEBCAM,,5174.62,0.14,SUDESTE,BRUNO COSTA,ONLINE,CONCLUÍDO
PED-34889,,MONITOR,,257.91,0.18100000000000002,NORTE,DIEGO LIMA,ONLINE,EM ANÁLISE
PED-08663,2024-10-08,TABLET,,,0.0,CENTRO-OESTE,BRUNO COSTA,REVENDEDOR,CONCLUÍDO
PED-07444,2022-06-04,TECLADO,142,11436.26,0.0,SUL,BRUNO COSTA,REVENDEDOR,EM ANÁLISE
PED-02510,2024-12-24,NOTEBOOK,35,13578.0,0.0,SUDESTE,DIEGO LIMA,ONLINE,EM ANÁLISE
PED-01026,,MOUSE,,,0.0,CENTRO-OESTE,DIEGO LIMA,TELEVENDAS,CANCELADO
PED-04017,,SMARTPHONE,246,,0.2,NORTE,CARLA MENDES,LOJA FÍSICA,CONCLUÍDO
PED-03839,2023-03-28,TABLET,92,1182.31,0.223,NORTE,BRUNO COSTA,TELEVENDAS,CONCLUÍDO
PED-05723,2023-11-24,NOTEBOOK,394,,1.0,SUL,ELENA SOUZA,LOJA FÍSICA,PENDENTE
PED-03614,,SMARTPHONE,175,,0.259,NORDESTE,ELENA SOUZA,ONLINE,CONCLUÍDO
PED-00569,,NOTEBOOK,457,,0.43700000000000006,NORTE,BRUNO COSTA,REVENDEDOR,EM ANÁLISE
PED-04099,,HEADSET,,834.0,0.34,NORDESTE,DIEGO LIMA,LOJA FÍSICA,CONCLUÍDO
PED-06214,2022-08-01,TABLET,375,11132.68,0.397,CENTRO-OESTE,BRUNO COSTA,LOJA FÍSICA,CONCLUÍDO
PED-06863,2022-05-28,MONITOR,,,0.0,SUL,ANA SILVA,ONLINE,PENDENTE
PED-03228,,WEBCAM,,9200.76,0.0,NORDESTE,CARLA MENDES,ONLINE,PENDENTE
PED-02012,2024-11-14,SMARTPHONE,307,5680.0,0.5,SUDESTE,ANA SILVA,LOJA FÍSICA,CANCELADO
PED-05996,,MOUSE,,,0.0,NORDESTE,ANA SILVA,REVENDEDOR,PENDENTE
PED-09934,2023-02-01,HD EXTERNO,,,0.0,CENTRO-OESTE,ELENA SOUZA,LOJA FÍSICA,CONCLUÍDO
PED-24259,,WEBCAM,205,,0.349,NORDESTE,CARLA MENDES,REVENDEDOR,EM ANÁLISE
PED-04673,2024-01-22,IMPRESSORA,999999,,0.018000000000000002,CENTRO-OESTE,CARLA MENDES,REVENDEDOR,CANCELADO
PED-08014,,MOUSE,140,3746.0,0.17,SUL,ELENA SOUZA,REVENDEDOR,PENDENTE
PED-09632,,WEBCAM,,316.39,0.0,SUDESTE,ANA SILVA,TELEVENDAS,CANCELADO
PED-06131,2022-04-17,WEBCAM,338,8587.01,0.0,SUDESTE,BRUNO COSTA,ONLINE,PENDENTE
PED-02506,2022-06-28,IMPRESSORA,,,0.24100000000000002,NORTE,BRUNO COSTA,ONLINE,CANCELADO
PED-00198,,NAN,114,11805.0,0.273,NORTE,ELENA SOUZA,ONLINE,CONCLUÍDO
PED-09426,,TABLET,,,0.217,NORDESTE,ANA SILVA,ONLINE,PENDENTE
PED-09496,,WEBCAM,,,0.0,SUL,ANA SILVA,REVENDEDOR,CONCLUÍDO
PED-03164,2023-08-11,IMPRESSORA,486,,0.0,SUDESTE,ANA SILVA,REVENDEDOR,PENDENTE
PED-09208,2024-04-12,SMARTPHONE,107,9073.57,0.0,SUL,ANA SILVA,LOJA FÍSICA,CANCELADO
PED-03908,2024-10-10,HEADSET,,6991.06,0.0,NORDESTE,CARLA MENDES,REVENDEDOR,EM ANÁLISE
PED-62207,2022-05-03,TABLET,999999,,0.44,SUL,ELENA SOUZA,ONLINE,EM ANÁLISE
PED-08535,,TABLET,,2304.97,0.0,NORDESTE,ANA SILVA,LOJA FÍSICA,CONCLUÍDO
PED-34582,2024-02-08,WEBCAM,298,,0.451,NORDESTE,ELENA SOUZA,TELEVENDAS,CONCLUÍDO
PED-09744,2022-12-04,SMARTPHONE,,,0.0,CENTRO-OESTE,DIEGO LIMA,TELEVENDAS,CONCLUÍDO
PED-00122,2023-11-01,MOUSE,252,12532.05,0.10800000000000001,NORDESTE,CARLA MENDES,LOJA FÍSICA,CANCELADO
PED-09493,,MONITOR,,5774.28,0.0,NORDESTE,BRUNO COSTA,REVENDEDOR,EM ANÁLISE
PED-46157,,MOUSE,,,0.226,SUDESTE,DIEGO LIMA,TELEVENDAS,CANCELADO
PED-05845,2024-03-27,IMPRESSORA,,1117.14,0.38,NORTE,ANA SILVA,TELEVENDAS,CANCELADO
PED-08779,2023-05-04,TABLET,,,0.419,CENTRO-OESTE,DIEGO LIMA,LOJA FÍSICA,EM ANÁLISE
PED-05091,2023-09-02,WEBCAM,95,,0.0,CENTRO-OESTE,DIEGO LIMA,ONLINE,CANCELADO
PED-03910,2023-09-08,MOUSE,,6863.8,0.48,SUL,ANA SILVA,LOJA FÍSICA,PENDENTE
PED-05405,2022-01-09,HEADSET,,6273.85,0.33799999999999997,CENTRO-OESTE,ELENA SOUZA,LOJA FÍSICA,CANCELADO
PED-07571,2022-05-04,MONITOR,284,7947.96,0.0,SUL,CARLA MENDES,LOJA FÍSICA,PENDENTE
PED-00884,2023-12-11,HEADSET,53,7042.94,0.0,SUL,ELENA SOUZA,REVENDEDOR,CONCLUÍDO
PED-03332,2023-02-20,MOUSE,197,,0.0,SUL,CARLA MENDES,ONLINE,PENDENTE
PED-00992,2022-09-25,TECLADO,,5961.72,0.19,SUDESTE,BRUNO COSTA,ONLINE,EM ANÁLISE
PED-03952,,NOTEBOOK,999999,4940.0,0.225,SUL,DIEGO LIMA,LOJA FÍSICA,CONCLUÍDO
PED-08950,,MONITOR,,2332.42,0.408,NORDESTE,BRUNO COSTA,TELEVENDAS,EM ANÁLISE
PED-06046,2023-12-21,TABLET,,6448.0,0.0,NORDESTE,ELENA SOUZA,TELEVENDAS,PENDENTE
PED-08906,2024-06-01,TECLADO,,4976.08,0.494,NORDESTE,ANA SILVA,ONLINE,PENDENTE
PED-09907,,HD EXTERNO,,,0.08,SUL,DIEGO LIMA,ONLINE,CONCLUÍDO
PED-09378,,HEADSET,60,,0.0,CENTRO-OESTE,DIEGO LIMA,TELEVENDAS,CANCELADO
PED-09791,,SMARTPHONE,999999,4497.4,0.0,NORTE,ELENA SOUZA,LOJA FÍSICA,CONCLUÍDO
PED-08306,2024-12-01,HEADSET,352,9513.82,0.0,NORDESTE,BRUNO COSTA,LOJA FÍSICA,CANCELADO
PED-04364,2023-09-19,TABLET,,6993.0,0.309,NORDESTE,DIEGO LIMA,LOJA FÍSICA,PENDENTE
PED-06676,2024-03-04,SMARTPHONE,,,0.098,NORTE,DIEGO LIMA,ONLINE,CONCLUÍDO
PED-00430,,TECLADO,109,5219.72,1.0,SUDESTE,ANA SILVA,LOJA FÍSICA,EM ANÁLISE
PED-00257,,TABLET,154,11888.26,0.0,NORDESTE,CARLA MENDES,ONLINE,CONCLUÍDO
PED-46220,2024-10-01,TECLADO,,8341.79,0.28300000000000003,SUDESTE,CARLA MENDES,TELEVENDAS,PENDENTE
PED-08223,2023-09-11,WEBCAM,,,0.24100000000000002,SUL,CARLA MENDES,TELEVENDAS,CONCLUÍDO
PED-02122,2023-06-19,TECLADO,413,11161.02,0.0,SUL,DIEGO LIMA,ONLINE,EM ANÁLISE
PED-06332,2023-12-25,NOTEBOOK,,554.0,0.0,SUDESTE,CARLA MENDES,LOJA FÍSICA,EM ANÁLISE
PED-09784,2024-05-06,SMARTPHONE,,,0.14400000000000002,NORTE,CARLA MENDES,LOJA FÍSICA,EM ANÁLISE
PED-01755,,SMARTPHONE,,,1.0,NORTE,BRUNO COSTA,TELEVENDAS,CONCLUÍDO
PED-07827,2024-07-19,TABLET,,,0.0,SUDESTE,DIEGO LIMA,LOJA FÍSICA,CONCLUÍDO
PED-02868,2024-05-12,TECLADO,,9174.92,0.408,NORTE,ANA SILVA,LOJA FÍSICA,CANCELADO
PED-08976,,HD EXTERNO,999999,2741.01,1.0,SUDESTE,CARLA MENDES,ONLINE,CANCELADO
PED-08451,2023-01-13,WEBCAM,304,8611.78,0.0,SUL,BRUNO COSTA,ONLINE,CONCLUÍDO
PED-09290,2024-01-13,MOUSE,300,,0.0,SUL,DIEGO LIMA,REVENDEDOR,EM ANÁLISE
PED-04783,2023-08-08,SMARTPHONE,,6186.05,0.156,SUL,CARLA MENDES,REVENDEDOR,CONCLUÍDO
PED-00624,,MOUSE,205,,0.0,SUL,CARLA MENDES,ONLINE,PENDENTE
PED-08559,2022-02-13,TECLADO,999999,,1.0,SUDESTE,BRUNO COSTA,TELEVENDAS,CONCLUÍDO
PED-08720,2022-08-14,IMPRESSORA,334,12837.39,0.194,SUL,DIEGO LIMA,LOJA FÍSICA,EM ANÁLISE
PED-00701,,MOUSE,999999,,0.0,NORTE,BRUNO COSTA,LOJA FÍSICA,CONCLUÍDO
PED-75706,,NOTEBOOK,999999,,0.0,SUL,ELENA SOUZA,REVENDEDOR,CANCELADO
PED-01072,2022-03-12,HD EXTERNO,79,5340.05,0.0,SUDESTE,DIEGO LIMA,ONLINE,PENDENTE
PED-01224,2024-01-17,TABLET,,5226.67,1.0,SUL,DIEGO LIMA,TELEVENDAS,CONCLUÍDO
PED-00906,,NOTEBOOK,484,,0.0,SUDESTE,BRUNO COSTA,ONLINE,CONCLUÍDO
PED-09204,2024-10-06,IMPRESSORA,,5581.04,0.253,NORDESTE,DIEGO LIMA,TELEVENDAS,EM ANÁLISE
PED-03276,2023-05-09,MOUSE,294,,0.0,NORDESTE,CARLA MENDES,REVENDEDOR,PENDENTE
PED-07881,2023-08-28,TABLET,,10178.67,0.04,SUDESTE,CARLA MENDES,LOJA FÍSICA,PENDENTE
PED-06077,2023-01-18,WEBCAM,,14373.2,0.0,SUL,ANA SILVA,LOJA FÍSICA,EM ANÁLISE
PED-07504,2024-03-08,TABLET,,,0.37200000000000005,SUDESTE,BRUNO COSTA,TELEVENDAS,PENDENTE
PED-08405,2023-03-07,MONITOR,,6028.29,0.0,NORDESTE,ANA SILVA,TELEVENDAS,CANCELADO
PED-04435,2024-01-25,HD EXTERNO,375,5364.67,0.33,NORDESTE,ANA SILVA,REVENDEDOR,CANCELADO
PED-09827,2023-02-15,TABLET,,,0.325,SUDESTE,CARLA MENDES,REVENDEDOR,CONCLUÍDO
PED-07440,2023-02-24,HD EXTERNO,,7226.79,0.0,SUL,ANA SILVA,ONLINE,CANCELADO
PED-01677,,SMARTPHONE,,2827.55,0.141,NORDESTE,ANA SILVA,ONLINE,CANCELADO
PED-03212,,SMARTPHONE,,,0.02,SUL,DIEGO LIMA,LOJA FÍSICA,CONCLUÍDO
PED-06219,2023-06-15,HD EXTERNO,999999,,0.35100000000000003,NORTE,CARLA MENDES,REVENDEDOR,PENDENTE
PED-00944,2024-01-13,SMARTPHONE,191,,0.17,NORDESTE,BRUNO COSTA,LOJA FÍSICA,EM ANÁLISE
PED-07523,,HEADSET,244,10820.11,0.0,SUL,ANA SILVA,LOJA FÍSICA,PENDENTE
PED-00234,2022-03-09,TABLET,207,8122.11,0.38,NORDESTE,ELENA SOUZA,LOJA FÍSICA,CONCLUÍDO
PED-09040,2023-08-02,NOTEBOOK,10,,0.227,NORDESTE,ELENA SOUZA,TELEVENDAS,PENDENTE
PED-01971,2022-04-22,WEBCAM,,,0.0,SUL,CARLA MENDES,LOJA FÍSICA,PENDENTE
PED-06594,2024-06-22,SMARTPHONE,,9153.13,0.05,NORDESTE,ELENA SOUZA,LOJA FÍSICA,EM ANÁLISE
PED-68168,2023-06-06,HD EXTERNO,6,7435.94,0.37,NORDESTE,CARLA MENDES,TELEVENDAS,EM ANÁLISE
PED-01460,,MOUSE,,11689.09,0.0,NORDESTE,BRUNO COSTA,TELEVENDAS,CONCLUÍDO
PED-07585,2022-09-13,HEADSET,287,,0.023,NORTE,ANA SILVA,REVENDEDOR,PENDENTE
PED-02623,2022-05-01,TECLADO,59,14260.77,0.192,SUDESTE,DIEGO LIMA,TELEVENDAS,CANCELADO
PED-08789,2024-07-13,MOUSE,,,0.442,SUL,ELENA SOUZA,LOJA FÍSICA,PENDENTE
PED-01703,2024-10-20,IMPRESSORA,119,,0.0,NORTE,BRUNO COSTA,ONLINE,EM ANÁLISE
PED-08264,,MONITOR,,,0.36700000000000005,SUL,BRUNO COSTA,LOJA FÍSICA,PENDENTE
PED-01257,2023-03-20,MONITOR,27,2574.86,0.0,SUL,ANA SILVA,ONLINE,EM ANÁLISE
PED-08339,2022-10-01,TECLADO,,8668.13,0.228,NORTE,BRUNO COSTA,REVENDEDOR,EM ANÁLISE
PED-89854,2023-08-18,TABLET,163,5781.9,0.37799999999999995,SUL,CARLA MENDES,ONLINE,PENDENTE
PED-00386,2022-06-22,TECLADO,,149.19,0.152,SUL,CARLA MENDES,TELEVENDAS,EM ANÁLISE
PED-05135,,MOUSE,331,11408.61,0.0,SUL,NAN,ONLINE,CONCLUÍDO
PED-09902,2024-04-16,MONITOR,3,6509.05,0.245,SUL,DIEGO LIMA,LOJA FÍSICA,CONCLUÍDO
PED-05558,2023-04-05,MOUSE,,6313.92,0.0,SUL,BRUNO COSTA,ONLINE,EM ANÁLISE
PED-09200,2022-04-04,TABLET,,,0.02,NORTE,DIEGO LIMA,TELEVENDAS,PENDENTE
PED-05799,2024-03-17,TABLET,,,1.0,NORDESTE,BRUNO COSTA,REVENDEDOR,CONCLUÍDO
PED-00210,2023-09-25,MOUSE,999999,,0.077,SUDESTE,BRUNO COSTA,ONLINE,CANCELADO
PED-08447,2022-03-05,HD EXTERNO,,13350.33,0.2,SUDESTE,ANA SILVA,ONLINE,PENDENTE
PED-05542,2023-02-22,TECLADO,,354.9,0.032,NORTE,ELENA SOUZA,ONLINE,CONCLUÍDO
PED-05395,2022-02-19,IMPRESSORA,372,,0.0,NORTE,ANA SILVA,ONLINE,CONCLUÍDO
PED-04339,2024-04-07,NOTEBOOK,,,0.0,NORTE,ANA SILVA,TELEVENDAS,CONCLUÍDO
PED-08113,2024-04-16,IMPRESSORA,206,13596.04,0.32299999999999995,SUDESTE,BRUNO COSTA,TELEVENDAS,PENDENTE
PED-08468,2023-02-20,SMARTPHONE,,197.9,1.0,NORTE,ELENA SOUZA,LOJA FÍSICA,EM ANÁLISE
PED-00577,2022-01-21,NOTEBOOK,,,0.311,CENTRO-OESTE,DIEGO LIMA,TELEVENDAS,CONCLUÍDO
PED-46171,2022-12-19,MOUSE,213,,0.0,SUDESTE,BRUNO COSTA,ONLINE,CANCELADO
PED-08019,2023-02-13,TECLADO,,262.31,0.0,SUL,ANA SILVA,LOJA FÍSICA,EM ANÁLISE
PED-32956,2022-06-13,HD EXTERNO,219,,0.0,SUDESTE,ANA SILVA,LOJA FÍSICA,EM ANÁLISE
PED-06904,,MOUSE,21,,0.12,CENTRO-OESTE,DIEGO LIMA,TELEVENDAS,CONCLUÍDO
PED-09508,2024-06-12,SMARTPHONE,,226.71,0.366,NORTE,ANA SILVA,ONLINE,CONCLUÍDO
PED-02320,,SMARTPHONE,2,9804.32,0.022000000000000002,NORTE,ELENA SOUZA,ONLINE,CONCLUÍDO
PED-08661,2024-10-26,HD EXTERNO,,8861.59,0.106,CENTRO-OESTE,ELENA SOUZA,REVENDEDOR,CONCLUÍDO
PED-08406,2022-01-10,MONITOR,14,3989.47,0.173,SUL,ELENA SOUZA,ONLINE,CONCLUÍDO
PED-00197,2024-04-05,IMPRESSORA,88,,0.0,SUL,DIEGO LIMA,LOJA FÍSICA,CONCLUÍDO
PED-08885,,TECLADO,348,9974.59,0.261,SUL,ANA SILVA,LOJA FÍSICA,PENDENTE
PED-01410,2023-09-25,SMARTPHONE,999999,3069.72,0.293,SUDESTE,ELENA SOUZA,REVENDEDOR,PENDENTE
PED-03268,2023-06-13,HD EXTERNO,,3902.33,0.055,CENTRO-OESTE,BRUNO COSTA,LOJA FÍSICA,EM ANÁLISE
PED-09993,2023-12-10,HD EXTERNO,43,10310.06,0.054000000000000006,NORTE,CARLA MENDES,ONLINE,CANCELADO
PED-05892,2023-01-26,TECLADO,,2653.22,0.39299999999999996,NORTE,DIEGO LIMA,LOJA FÍSICA,PENDENTE
PED-04996,2024-05-25,WEBCAM,,1302.27,0.266,NORTE,BRUNO COSTA,REVENDEDOR,CONCLUÍDO
PED-09684,2022-11-20,SMARTPHONE,999999,10173.2,0.337,SUDESTE,BRUNO COSTA,TELEVENDAS,CANCELADO
PED-46483,,TABLET,,11940.31,0.0,SUL,CARLA MENDES,REVENDEDOR,PENDENTE
PED-09436,,IMPRESSORA,,4999.18,0.137,NORTE,ANA SILVA,LOJA FÍSICA,PENDENTE
PED-02899,2023-01-12,WEBCAM,210,9561.52,1.0,SUDESTE,DIEGO LIMA,ONLINE,CANCELADO
PED-03558,,MOUSE,,3729.94,0.0,SUDESTE,CARLA MENDES,REVENDEDOR,CONCLUÍDO
PED-04964,2022-03-01,TABLET,,3309.72,0.016,SUDESTE,ELENA SOUZA,REVENDEDOR,CONCLUÍDO
PED-02099,2022-09-03,HD EXTERNO,417,1141.39,0.0,SUL,ANA SILVA,REVENDEDOR,PENDENTE
PED-09712,,TABLET,153,,1.0,CENTRO-OESTE,ANA SILVA,TELEVENDAS,EM ANÁLISE
PED-06926,2024-02-26,SMARTPHONE,279,,0.18100000000000002,NORTE,CARLA MENDES,TELEVENDAS,CONCLUÍDO
PED-07421,2022-03-05,HEADSET,272,8715.0,0.395,SUDESTE,ELENA SOUZA,ONLINE,EM ANÁLISE
PED-06644,,HD EXTERNO,101,12341.88,0.087,SUL,BRUNO COSTA,TELEVENDAS,CONCLUÍDO
PED-05335,,HEADSET,293,10487.95,0.329,SUL,CARLA MENDES,REVENDEDOR,CONCLUÍDO
PED-01911,,HD EXTERNO,,,1.0,SUDESTE,CARLA MENDES,ONLINE,PENDENTE
PED-06394,2024-07-07,MOUSE,,13510.63,0.273,SUDESTE,DIEGO LIMA,ONLINE,CONCLUÍDO
PED-04525,2022-03-05,WEBCAM,136,228.76,0.121,NORTE,ANA SILVA,TELEVENDAS,PENDENTE
PED-02649,,TABLET,,10828.61,0.0,SUL,ELENA SOUZA,TELEVENDAS,CONCLUÍDO
PED-08718,2023-05-10,MONITOR,365,1859.16,0.26,NORTE,ANA SILVA,ONLINE,PENDENTE
PED-03739,,MONITOR,96,,0.125,SUDESTE,DIEGO LIMA,LOJA FÍSICA,EM ANÁLISE
PED-03974,,SMARTPHONE,,,0.326,NORTE,ELENA SOUZA,ONLINE,CONCLUÍDO
PED-07888,,MONITOR,,8366.32,0.01,CENTRO-OESTE,ANA SILVA,TELEVENDAS,CONCLUÍDO
PED-04064,2022-02-10,SMARTPHONE,208,,0.0,SUL,ANA SILVA,LOJA FÍSICA,PENDENTE
PED-03701,2024-05-07,TABLET,,,0.0,SUL,ELENA SOUZA,TELEVENDAS,CONCLUÍDO
PED-06056,2022-01-24,NOTEBOOK,,7233.0,0.0,NORDESTE,ELENA SOUZA,LOJA FÍSICA,CONCLUÍDO
PED-03540,2023-06-25,WEBCAM,,5126.18,0.281,SUL,CARLA MENDES,ONLINE,CANCELADO
PED-02289,2024-09-19,IMPRESSORA,500,,0.1,SUDESTE,ELENA SOUZA,ONLINE,CANCELADO
PED-03002,2022-12-23,HD EXTERNO,,2908.21,0.0,SUDESTE,DIEGO LIMA,ONLINE,CANCELADO
PED-01927,,SMARTPHONE,999999,5292.16,0.27,SUDESTE,DIEGO LIMA,TELEVENDAS,PENDENTE
PED-02179,,MOUSE,,6926.0,0.0,SUDESTE,DIEGO LIMA,TELEVENDAS,CANCELADO
PED-02024,2023-07-20,TABLET,284,3325.61,0.0,SUDESTE,CARLA MENDES,ONLINE,PENDENTE
PED-08844,,MONITOR,488,11726.56,0.0,SUDESTE,DIEGO LIMA,LOJA FÍSICA,CONCLUÍDO
PED-00109,,NOTEBOOK,,1149.54,0.2,CENTRO-OESTE,CARLA MENDES,ONLINE,CONCLUÍDO
PED-00335,,IMPRESSORA,,14238.31,0.33899999999999997,NORTE,BRUNO COSTA,LOJA FÍSICA,CONCLUÍDO
PED-04032,2023-06-19,MOUSE,14,,0.273,NORDESTE,BRUNO COSTA,REVENDEDOR,CANCELADO
PED-04209,2023-04-17,IMPRESSORA,,14750.96,0.24600000000000002,CENTRO-OESTE,ANA SILVA,TELEVENDAS,CONCLUÍDO
PED-06758,2022-02-04,NOTEBOOK,,3108.88,0.0,NORTE,CARLA MENDES,LOJA FÍSICA,EM ANÁLISE
PED-01799,,TABLET,80,,0.0,NORDESTE,ELENA SOUZA,ONLINE,PENDENTE
PED-06296,,SMARTPHONE,,409.49,0.473,NORTE,ANA SILVA,LOJA FÍSICA,CONCLUÍDO
PED-55171,,NOTEBOOK,,4727.25,0.0,SUL,BRUNO COSTA,LOJA FÍSICA,PENDENTE
PED-00300,2023-04-28,IMPRESSORA,999999,,0.07,NORTE,DIEGO LIMA,REVENDEDOR,PENDENTE
PED-08804,2022-03-16,HEADSET,,13943.72,0.486,SUDESTE,BRUNO COSTA,REVENDEDOR,EM ANÁLISE
PED-01192,2023-06-12,TECLADO,,13480.26,0.211,NORTE,DIEGO LIMA,TELEVENDAS,CONCLUÍDO
PED-08408,2022-08-27,HD EXTERNO,413,,0.26899999999999996,SUL,BRUNO COSTA,REVENDEDOR,PENDENTE
PED-07085,,SMARTPHONE,,,0.091,SUDESTE,ELENA SOUZA,TELEVENDAS,CANCELADO
PED-05649,2024-08-14,HEADSET,236,,0.106,NORTE,ANA SILVA,LOJA FÍSICA,PENDENTE
PED-02993,2024-08-17,MONITOR,999999,8367.0,0.43799999999999994,CENTRO-OESTE,CARLA MENDES,ONLINE,PENDENTE
PED-09722,2024-07-06,WEBCAM,,,0.125,NORTE,DIEGO LIMA,LOJA FÍSICA,CONCLUÍDO
PED-08849,2023-10-10,NOTEBOOK,,,0.41600000000000004,SUDESTE,ELENA SOUZA,REVENDEDOR,PENDENTE
PED-03850,,HEADSET,999999,9396.45,0.0,NORDESTE,BRUNO COSTA,REVENDEDOR,CONCLUÍDO
PED-06547,2024-03-11,HEADSET,480,6216.94,0.0,SUL,ELENA SOUZA,REVENDEDOR,CONCLUÍDO
PED-06224,2023-10-05,WEBCAM,,5300.32,0.0,CENTRO-OESTE,DIEGO LIMA,LOJA FÍSICA,EM ANÁLISE
PED-07396,,NOTEBOOK,,241.0,0.469,NORDESTE,ELENA SOUZA,ONLINE,CONCLUÍDO
PED-01422,2023-02-05,HEADSET,,9948.66,0.0,SUDESTE,ELENA SOUZA,ONLINE,PENDENTE
PED-02098,,SMARTPHONE,119,12113.9,0.492,NORDESTE,CARLA MENDES,REVENDEDOR,PENDENTE
PED-06331,2023-12-16,SMARTPHONE,59,13007.56,0.28300000000000003,SUDESTE,ANA SILVA,REVENDEDOR,CONCLUÍDO
PED-07595,2024-04-24,HEADSET,484,6635.34,1.0,SUL,BRUNO COSTA,ONLINE,EM ANÁLISE
PED-06098,,WEBCAM,15,2838.91,0.335,SUL,CARLA MENDES,REVENDEDOR,CONCLUÍDO
PED-02250,2024-04-09,MONITOR,,,0.128,SUDESTE,CARLA MENDES,LOJA FÍSICA,EM ANÁLISE
PED-09246,2022-02-05,IMPRESSORA,,,0.11,SUDESTE,ANA SILVA,REVENDEDOR,CONCLUÍDO
PED-05663,2022-05-14,NOTEBOOK,,,0.0,CENTRO-OESTE,ANA SILVA,LOJA FÍSICA,CANCELADO
PED-04094,2022-03-05,IMPRESSORA,,6986.61,0.078,NORTE,DIEGO LIMA,LOJA FÍSICA,EM ANÁLISE
PED-04551,,WEBCAM,24,2807.0,0.36,SUL,BRUNO COSTA,TELEVENDAS,PENDENTE
PED-04140,2024-12-22,TECLADO,92,11188.12,1.0,SUL,DIEGO LIMA,ONLINE,PENDENTE
PED-06841,2023-06-16,SMARTPHONE,8,,0.0,CENTRO-OESTE,NAN,REVENDEDOR,CANCELADO
PED-08004,2023-12-03,HD EXTERNO,332,4987.9,0.4,CENTRO-OESTE,ELENA SOUZA,REVENDEDOR,CANCELADO
PED-06405,2024-05-23,TECLADO,353,105.15,0.0,SUL,ANA SILVA,TELEVENDAS,EM ANÁLISE
PED-05366,2023-01-07,IMPRESSORA,221,,0.0,NORTE,BRUNO COSTA,LOJA FÍSICA,CONCLUÍDO
PED-02454,2024-10-17,IMPRESSORA,396,,0.0,SUL,CARLA MENDES,LOJA FÍSICA,CANCELADO
PED-06174,,MOUSE,,4004.17,0.218,CENTRO-OESTE,DIEGO LIMA,LOJA FÍSICA,PENDENTE
PED-02277,2024-03-25,IMPRESSORA,86,8642.73,0.317,NORTE,ANA SILVA,LOJA FÍSICA,CANCELADO
PED-02425,2022-08-21,TECLADO,,,0.40299999999999997,NORTE,DIEGO LIMA,LOJA FÍSICA,CANCELADO
PED-00502,2024-01-19,SMARTPHONE,164,,0.0,NORDESTE,CARLA MENDES,ONLINE,EM ANÁLISE
PED-08983,,HD EXTERNO,73,,0.0,SUL,ELENA SOUZA,TELEVENDAS,CONCLUÍDO
PED-05700,,MOUSE,309,9492.0,0.141,CENTRO-OESTE,ELENA SOUZA,REVENDEDOR,PENDENTE
PED-02555,,IMPRESSORA,52,,0.452,SUL,ELENA SOUZA,REVENDEDOR,CONCLUÍDO
PED-01008,2024-04-22,SMARTPHONE,,9115.16,0.0,SUL,CARLA MENDES,REVENDEDOR,CANCELADO
PED-00368,2024-07-07,HD EXTERNO,336,14165.16,0.461,NORDESTE,ELENA SOUZA,TELEVENDAS,CANCELADO
PED-07336,2022-02-05,HEADSET,206,,0.106,SUL,DIEGO LIMA,REVENDEDOR,CANCELADO
PED-09024,,TABLET,,1007.6,1.0,SUDESTE,ELENA SOUZA,LOJA FÍSICA,CANCELADO
PED-08709,2023-09-09,HEADSET,56,,1.0,NORTE,CARLA MENDES,LOJA FÍSICA,CANCELADO
PED-04393,,MOUSE,380,,0.43,NORDESTE,DIEGO LIMA,LOJA FÍSICA,EM ANÁLISE
PED-05603,2022-04-25,MOUSE,,4412.82,0.24,SUDESTE,ANA SILVA,LOJA FÍSICA,PENDENTE
PED-06125,2023-08-22,NOTEBOOK,999999,10815.54,0.091,NORDESTE,ELENA SOUZA,REVENDEDOR,PENDENTE
PED-02906,,TABLET,999999,3219.0,0.0,SUL,CARLA MENDES,TELEVENDAS,CONCLUÍDO
PED-08839,2022-12-18,HEADSET,,11059.53,0.266,NORTE,BRUNO COSTA,TELEVENDAS,CONCLUÍDO
PED-02787,2023-08-24,IMPRESSORA,130,1960.53,0.0,NORTE,CARLA MENDES,ONLINE,CONCLUÍDO
PED-09249,2024-04-13,IMPRESSORA,41,3680.92,1.0,NORTE,CARLA MENDES,LOJA FÍSICA,PENDENTE
PED-09510,2023-11-22,MOUSE,292,11489.46,0.0,SUDESTE,BRUNO COSTA,ONLINE,PENDENTE
PED-05930,2024-05-14,HEADSET,,9715.0,0.019,NORTE,ANA SILVA,REVENDEDOR,PENDENTE
PED-66297,2022-01-18,NOTEBOOK,,10993.23,0.048,NORTE,CARLA MENDES,LOJA FÍSICA,CONCLUÍDO
PED-09337,2023-05-19,SMARTPHONE,,,0.0,SUL,ELENA SOUZA,LOJA FÍSICA,PENDENTE
PED-09221,2022-04-05,TECLADO,,71.85,0.0,CENTRO-OESTE,ELENA SOUZA,LOJA FÍSICA,PENDENTE
PED-04432,2024-06-25,HEADSET,,,0.175,NORDESTE,BRUNO COSTA,REVENDEDOR,EM ANÁLISE
PED-04430,2024-04-12,MONITOR,,3021.43,0.0,SUL,ANA SILVA,TELEVENDAS,EM ANÁLISE
PED-08138,2024-03-01,MOUSE,,,0.179,NORTE,ELENA SOUZA,ONLINE,CONCLUÍDO
PED-08037,2023-05-13,MOUSE,,7381.01,0.325,SUL,CARLA MENDES,TELEVENDAS,CONCLUÍDO
PED-06116,,NOTEBOOK,287,444.53,0.0,NORDESTE,CARLA MENDES,LOJA FÍSICA,CONCLUÍDO
PED-01012,2024-12-23,WEBCAM,216,,0.0,SUDESTE,ANA SILVA,ONLINE,CONCLUÍDO
PED-09231,,SMARTPHONE,,2340.28,0.217,NORTE,ELENA SOUZA,LOJA FÍSICA,CONCLUÍDO
PED-06839,2024-09-19,HEADSET,,12584.94,0.344,SUL,ANA SILVA,TELEVENDAS,CONCLUÍDO
PED-08007,2023-05-21,MONITOR,999999,,0.0,SUDESTE,BRUNO COSTA,TELEVENDAS,EM ANÁLISE
PED-06613,2022-05-02,NOTEBOOK,,8930.3,0.0,NORTE,CARLA MENDES,LOJA FÍSICA,PENDENTE
PED-06660,,HEADSET,449,,0.106,NORDESTE,ELENA SOUZA,ONLINE,CANCELADO
PED-06825,2023-11-09,NOTEBOOK,209,,0.9,SUL,CARLA MENDES,ONLINE,CONCLUÍDO
PED-04249,2024-04-27,WEBCAM,,2473.53,0.0,SUDESTE,ANA SILVA,ONLINE,EM ANÁLISE
PED-02727,2022-09-21,TABLET,,11831.0,0.493,SUDESTE,ELENA SOUZA,ONLINE,PENDENTE
PED-01135,2023-09-21,TECLADO,,,1.0,SUDESTE,ELENA SOUZA,REVENDEDOR,CANCELADO
PED-07380,2023-05-15,HEADSET,,4258.3,0.0,NORTE,ELENA SOUZA,LOJA FÍSICA,CANCELADO
PED-07213,2023-09-02,HD EXTERNO,79,7427.0,0.2,NORTE,ANA SILVA,ONLINE,PENDENTE
PED-04755,2022-10-21,IMPRESSORA,496,154.57,0.268,NORTE,DIEGO LIMA,TELEVENDAS,EM ANÁLISE
PED-05104,2022-07-17,SMARTPHONE,340,,0.045,SUL,ANA SILVA,REVENDEDOR,PENDENTE
PED-00409,2023-05-15,MONITOR,99,,0.45299999999999996,CENTRO-OESTE,CARLA MENDES,REVENDEDOR,PENDENTE
PED-00281,2023-08-18,MONITOR,461,6233.96,0.247,SUL,DIEGO LIMA,ONLINE,CANCELADO
PED-01874,2022-02-20,HD EXTERNO,147,,0.354,NORTE,ANA SILVA,LOJA FÍSICA,CONCLUÍDO
PED-01547,2022-08-26,WEBCAM,999999,,0.027000000000000003,SUDESTE,ANA SILVA,ONLINE,CANCELADO
PED-03642,,MOUSE,,5760.2,0.019,NORTE,ANA SILVA,LOJA FÍSICA,CONCLUÍDO
PED-05609,,HD EXTERNO,52,13957.65,1.0,SUL,ELENA SOUZA,REVENDEDOR,CANCELADO
PED-06558,2024-02-14,MONITOR,122,2837.81,0.48100000000000004,SUL,ELENA SOUZA,LOJA FÍSICA,CONCLUÍDO
PED-02406,,MOUSE,,6895.61,0.0,SUL,ELENA SOUZA,LOJA FÍSICA,CONCLUÍDO
PED-00359,2023-09-14,TABLET,,,0.0,NORTE,CARLA MENDES,LOJA FÍSICA,PENDENTE
PED-05348,,IMPRESSORA,,7312.43,0.0,NORTE,ELENA SOUZA,TELEVENDAS,PENDENTE
PED-59911,2023-08-12,HD EXTERNO,,,0.0,NORDESTE,BRUNO COSTA,LOJA FÍSICA,CONCLUÍDO
PED-04377,2024-12-17,IMPRESSORA,,,0.0,SUL,ELENA SOUZA,REVENDEDOR,CONCLUÍDO
PED-07723,,TECLADO,,1464.46,0.153,SUDESTE,BRUNO COSTA,REVENDEDOR,EM ANÁLISE
PED-09479,2022-08-28,NAN,,13101.49,0.061,CENTRO-OESTE,ANA SILVA,LOJA FÍSICA,CONCLUÍDO
PED-85253,2024-06-28,NOTEBOOK,417,,0.0,SUL,BRUNO COSTA,LOJA FÍSICA,PENDENTE
PED-02895,2023-09-07,MOUSE,,,0.0,SUL,CARLA MENDES,REVENDEDOR,PENDENTE
PED-03498,,HEADSET,295,14184.08,0.0,SUDESTE,ANA SILVA,ONLINE,EM ANÁLISE
PED-46495,,TECLADO,,11938.56,0.0,SUL,BRUNO COSTA,TELEVENDAS,CANCELADO
PED-01210,2023-08-23,MONITOR,,,1.0,NORTE,ELENA SOUZA,TELEVENDAS,EM ANÁLISE
PED-01967,2024-06-08,NOTEBOOK,290,483.85,0.291,SUL,ELENA SOUZA,TELEVENDAS,EM ANÁLISE
PED-08887,2022-04-19,NOTEBOOK,115,,0.0,SUDESTE,DIEGO LIMA,LOJA FÍSICA,PENDENTE
PED-03354,2024-03-10,TECLADO,,,0.307,SUL,DIEGO LIMA,ONLINE,CONCLUÍDO
PED-02636,2023-07-22,HD EXTERNO,37,,0.0,SUL,CARLA MENDES,LOJA FÍSICA,CANCELADO
PED-08674,,SMARTPHONE,133,,1.0,NORDESTE,ANA SILVA,LOJA FÍSICA,CANCELADO
PED-09569,2023-02-09,HD EXTERNO,297,,0.239,NORTE,DIEGO LIMA,LOJA FÍSICA,CONCLUÍDO
PED-06612,,TABLET,254,13803.26,1.0,NORDESTE,BRUNO COSTA,LOJA FÍSICA,EM ANÁLISE
PED-03569,,HEADSET,337,,0.091,NORTE,ANA SILVA,TELEVENDAS,PENDENTE
PED-07035,2024-04-01,NOTEBOOK,,3871.09,0.0,NORTE,ANA SILVA,REVENDEDOR,CONCLUÍDO
PED-00295,,TABLET,217,2851.0,0.0,NORTE,CARLA MENDES,REVENDEDOR,PENDENTE
PED-04219,,WEBCAM,,,1.0,CENTRO-OESTE,ANA SILVA,TELEVENDAS,EM ANÁLISE
PED-02471,,MOUSE,,,0.094,NORDESTE,BRUNO COSTA,ONLINE,CONCLUÍDO
PED-01203,2023-10-18,SMARTPHONE,,,0.0,SUDESTE,ELENA SOUZA,LOJA FÍSICA,CONCLUÍDO
PED-06196,2023-06-03,TECLADO,,5534.01,0.304,NORTE,BRUNO COSTA,TELEVENDAS,CONCLUÍDO
PED-07105,2024-12-02,SMARTPHONE,,3365.06,0.179,SUL,ANA SILVA,ONLINE,PENDENTE
PED-05671,,SMARTPHONE,,,1.0,NORDESTE,ANA SILVA,REVENDEDOR,PENDENTE
PED-01836,2023-05-14,HEADSET,,11679.85,0.0,SUL,CARLA MENDES,LOJA FÍSICA,CONCLUÍDO
PED-01493,,MOUSE,476,1081.75,0.43,CENTRO-OESTE,DIEGO LIMA,LOJA FÍSICA,CONCLUÍDO
PED-00869,,SMARTPHONE,,813.0,0.0,SUL,DIEGO LIMA,LOJA FÍSICA,CONCLUÍDO
PED-05526,2024-08-05,IMPRESSORA,52,,0.0,NORDESTE,CARLA MENDES,LOJA FÍSICA,EM ANÁLISE
PED-08785,2024-08-25,WEBCAM,330,,0.0,NORTE,BRUNO COSTA,LOJA FÍSICA,PENDENTE
PED-02260,2024-12-28,TABLET,236,,0.0,NORDESTE,BRUNO COSTA,REVENDEDOR,CONCLUÍDO
PED-05974,,TABLET,,5426.91,0.0,SUL,DIEGO LIMA,REVENDEDOR,CONCLUÍDO
PED-00336,,WEBCAM,317,,0.322,NORTE,CARLA MENDES,TELEVENDAS,EM ANÁLISE
PED-00592,2023-03-11,NOTEBOOK,,,0.069,SUDESTE,DIEGO LIMA,TELEVENDAS,CONCLUÍDO
PED-00907,,TABLET,,,0.23,SUL,ANA SILVA,TELEVENDAS,CONCLUÍDO
PED-02057,2023-04-01,HD EXTERNO,278,12420.08,1.0,CENTRO-OESTE,ELENA SOUZA,ONLINE,CONCLUÍDO
PED-05231,2022-01-15,HD EXTERNO,,13054.19,0.0,CENTRO-OESTE,BRUNO COSTA,LOJA FÍSICA,PENDENTE
PED-01519,2022-02-02,MONITOR,39,,0.0,NORTE,CARLA MENDES,TELEVENDAS,PENDENTE
PED-03060,2024-05-05,IMPRESSORA,,6975.11,0.0,NORTE,ELENA SOUZA,REVENDEDOR,PENDENTE
PED-04586,,MONITOR,999999,,0.031,SUL,ELENA SOUZA,LOJA FÍSICA,CONCLUÍDO
PED-07121,2022-11-02,HD EXTERNO,,661.07,0.49,NORDESTE,BRUNO COSTA,REVENDEDOR,CANCELADO
PED-03623,,MOUSE,109,,0.199,CENTRO-OESTE,BRUNO COSTA,ONLINE,CONCLUÍDO
PED-03329,2023-02-25,MOUSE,390,8235.0,0.0,SUDESTE,ELENA SOUZA,LOJA FÍSICA,PENDENTE
PED-04526,2024-07-04,IMPRESSORA,492,2511.65,0.083,NORDESTE,ELENA SOUZA,LOJA FÍSICA,PENDENTE
PED-07796,2024-11-16,HD EXTERNO,,,1.0,NORTE,BRUNO COSTA,ONLINE,PENDENTE
PED-96060,2023-06-23,TABLET,,9284.46,0.212,NORTE,CARLA MENDES,ONLINE,PENDENTE
PED-08873,,SMARTPHONE,488,2071.23,0.304,NORDESTE,BRUNO COSTA,TELEVENDAS,CONCLUÍDO
PED-07051,2023-08-14,HEADSET,,,0.0,NORTE,CARLA MENDES,ONLINE,CONCLUÍDO
PED-05684,,MONITOR,,8132.81,0.217,CENTRO-OESTE,ELENA SOUZA,TELEVENDAS,CONCLUÍDO
PED-06356,2024-04-07,MOUSE,375,,0.0,SUDESTE,CARLA MENDES,LOJA FÍSICA,CONCLUÍDO
PED-03833,2023-01-01,NOTEBOOK,,,0.429,SUDESTE,ANA SILVA,LOJA FÍSICA,CONCLUÍDO
PED-07625,2024-06-05,HEADSET,104,9435.99,0.098,SUL,DIEGO LIMA,LOJA FÍSICA,PENDENTE
PED-03605,,NOTEBOOK,,,0.49200000000000005,NORTE,DIEGO LIMA,TELEVENDAS,CONCLUÍDO
PED-02461,2024-12-12,TABLET,999999,12915.25,0.0,NORDESTE,ANA SILVA,LOJA FÍSICA,CONCLUÍDO
PED-05517,2023-10-07,IMPRESSORA,16,4091.0,0.47,SUL,ELENA SOUZA,LOJA FÍSICA,EM ANÁLISE
PED-00876,2022-02-19,WEBCAM,464,6519.34,0.184,NORDESTE,BRUNO COSTA,ONLINE,CONCLUÍDO
PED-02765,2023-04-20,TECLADO,,,0.0,SUL,DIEGO LIMA,LOJA FÍSICA,CANCELADO
PED-04149,2023-01-12,HEADSET,999999,5488.7,0.0,SUDESTE,ELENA SOUZA,ONLINE,CONCLUÍDO
PED-00303,,IMPRESSORA,100,,0.0,NORTE,ELENA SOUZA,ONLINE,EM ANÁLISE
PED-08920,,IMPRESSORA,335,9869.2,0.0,SUDESTE,CARLA MENDES,ONLINE,CONCLUÍDO
PED-05985,2024-04-10,SMARTPHONE,,12313.58,0.198,SUDESTE,BRUNO COSTA,ONLINE,CANCELADO
PED-02488,2023-01-24,TABLET,,,0.27699999999999997,NORTE,CARLA MENDES,TELEVENDAS,CANCELADO
PED-04597,2022-02-13,TABLET,,,0.0,NORDESTE,ANA SILVA,LOJA FÍSICA,PENDENTE
PED-00115,,TECLADO,455,2024.0,0.0,CENTRO-OESTE,DIEGO LIMA,LOJA FÍSICA,EM ANÁLISE
PED-01933,2022-03-13,TABLET,326,,0.241,NORTE,ANA SILVA,TELEVENDAS,CANCELADO
PED-04678,2024-10-23,HEADSET,64,,0.266,CENTRO-OESTE,ELENA SOUZA,REVENDEDOR,CONCLUÍDO
PED-03661,,SMARTPHONE,999999,,0.24100000000000002,SUL,CARLA MENDES,REVENDEDOR,EM ANÁLISE
PED-02912,,WEBCAM,136,,1.0,SUL,DIEGO LIMA,TELEVENDAS,PENDENTE
PED-00651,2022-04-11,MOUSE,69,8707.0,0.20199999999999999,SUL,BRUNO COSTA,ONLINE,CONCLUÍDO
PED-02724,2024-09-23,NOTEBOOK,417,13867.0,0.46399999999999997,NORDESTE,BRUNO COSTA,REVENDEDOR,CONCLUÍDO
PED-02969,2023-08-03,HD EXTERNO,478,,0.07200000000000001,SUDESTE,BRUNO COSTA,LOJA FÍSICA,CANCELADO
PED-09884,,TECLADO,18,3394.46,0.0,SUL,DIEGO LIMA,TELEVENDAS,CONCLUÍDO
PED-08292,2023-08-19,MONITOR,,,0.0,NORDESTE,ELENA SOUZA,LOJA FÍSICA,CANCELADO
PED-09542,,HEADSET,,10610.0,0.0,SUL,CARLA MENDES,LOJA FÍSICA,CONCLUÍDO
PED-09328,2023-11-13,IMPRESSORA,,,1.0,CENTRO-OESTE,CARLA MENDES,TELEVENDAS,PENDENTE
PED-05832,2024-04-26,MONITOR,193,11020.26,0.0,SUL,DIEGO LIMA,TELEVENDAS,CONCLUÍDO
PED-08039,,TECLADO,357,,0.08199999999999999,NORTE,ANA SILVA,TELEVENDAS,CONCLUÍDO
PED-08389,,IMPRESSORA,98,7365.02,0.185,CENTRO-OESTE,CARLA MENDES,REVENDEDOR,CANCELADO
PED-00913,,SMARTPHONE,,,1.0,NORDESTE,DIEGO LIMA,LOJA FÍSICA,PENDENTE
PED-02754,,WEBCAM,,,1.0,NORTE,BRUNO COSTA,TELEVENDAS,EM ANÁLISE
PED-02747,2023-05-28,TECLADO,,497.03,0.17300000000000001,SUDESTE,ANA SILVA,LOJA FÍSICA,PENDENTE
PED-06053,2022-12-16,MOUSE,118,7633.43,0.41100000000000003,SUL,DIEGO LIMA,LOJA FÍSICA,CONCLUÍDO
PED-06035,2023-01-02,WEBCAM,440,,0.172,CENTRO-OESTE,ELENA SOUZA,REVENDEDOR,PENDENTE
PED-07082,2024-12-22,MOUSE,460,,0.0,SUDESTE,BRUNO COSTA,TELEVENDAS,PENDENTE
PED-09926,2022-09-13,HEADSET,33,11364.49,0.44799999999999995,CENTRO-OESTE,BRUNO COSTA,ONLINE,CANCELADO
PED-07948,,MONITOR,,436.0,0.426,CENTRO-OESTE,ANA SILVA,REVENDEDOR,PENDENTE
PED-05498,2022-06-03,MONITOR,,7654.7,0.0,SUDESTE,ELENA SOUZA,REVENDEDOR,PENDENTE
PED-09594,2022-09-25,IMPRESSORA,,2214.92,1.0,SUL,CARLA MENDES,ONLINE,EM ANÁLISE
PED-02123,2023-04-27,TECLADO,,,0.273,NORTE,ANA SILVA,TELEVENDAS,CONCLUÍDO
PED-00379,2023-02-13,TECLADO,113,,0.013000000000000001,NORTE,CARLA MENDES,REVENDEDOR,CONCLUÍDO
PED-01464,2024-01-21,SMARTPHONE,,,0.136,NORTE,DIEGO LIMA,LOJA FÍSICA,EM ANÁLISE
PED-05486,2022-06-14,HD EXTERNO,44,,0.087,SUL,ELENA SOUZA,REVENDEDOR,PENDENTE
PED-00903,2023-10-23,MOUSE,322,14058.23,0.374,NORTE,BRUNO COSTA,ONLINE,CANCELADO
PED-08592,2022-02-02,MOUSE,,,0.409,NORDESTE,BRUNO COSTA,LOJA FÍSICA,EM ANÁLISE
PED-05238,2024-01-19,HD EXTERNO,,14028.42,0.027000000000000003,NORTE,ANA SILVA,ONLINE,CONCLUÍDO
PED-02864,2024-10-19,MONITOR,,4305.0,0.069,SUDESTE,DIEGO LIMA,REVENDEDOR,CANCELADO
PED-06064,,SMARTPHONE,476,,0.223,NORTE,BRUNO COSTA,TELEVENDAS,CANCELADO
PED-07417,2022-12-01,TABLET,443,4696.96,1.0,SUL,ANA SILVA,LOJA FÍSICA,CANCELADO
PED-04813,,SMARTPHONE,91,,0.401,SUDESTE,BRUNO COSTA,ONLINE,EM ANÁLISE
PED-01962,2024-04-11,NOTEBOOK,116,,0.0,SUDESTE,CARLA MENDES,TELEVENDAS,PENDENTE
PED-03688,2022-06-18,TABLET,60,1068.0,0.0,NORDESTE,ELENA SOUZA,REVENDEDOR,CONCLUÍDO
PED-03023,2022-10-22,HD EXTERNO,,14929.77,0.0,SUL,CARLA MENDES,ONLINE,CONCLUÍDO
PED-09390,2024-12-08,TECLADO,294,,0.0,NORDESTE,CARLA MENDES,ONLINE,CONCLUÍDO
PED-07411,,MOUSE,,6197.0,0.081,SUL,BRUNO COSTA,LOJA FÍSICA,CONCLUÍDO
PED-03202,2023-07-03,HD EXTERNO,415,,0.0,NORDESTE,BRUNO COSTA,LOJA FÍSICA,CANCELADO
PED-02136,,SMARTPHONE,,1281.0,0.0,SUDESTE,DIEGO LIMA,LOJA FÍSICA,CONCLUÍDO
PED-05966,2024-01-17,NOTEBOOK,,8366.12,0.0,NORDESTE,BRUNO COSTA,LOJA FÍSICA,CANCELADO
PED-04421,,HD EXTERNO,141,,0.0,NORTE,CARLA MENDES,LOJA FÍSICA,PENDENTE
PED-00885,,TECLADO,,,0.195,NORDESTE,BRUNO COSTA,LOJA FÍSICA,CONCLUÍDO
PED-05798,2023-08-23,SMARTPHONE,326,,0.0,SUL,ANA SILVA,LOJA FÍSICA,CANCELADO
PED-07818,2023-01-28,TABLET,105,,0.0,SUL,DIEGO LIMA,REVENDEDOR,CANCELADO
PED-09364,2024-03-04,HEADSET,20,,0.17,SUDESTE,CARLA MENDES,REVENDEDOR,EM ANÁLISE
PED-03266,,HEADSET,,,0.0,NORTE,DIEGO LIMA,ONLINE,EM ANÁLISE
PED-09274,2022-11-25,TECLADO,,12758.14,0.391,SUDESTE,CARLA MENDES,LOJA FÍSICA,CONCLUÍDO
PED-08684,,SMARTPHONE,267,11986.86,0.20800000000000002,CENTRO-OESTE,BRUNO COSTA,LOJA FÍSICA,EM ANÁLISE
PED-03062,2022-10-15,TABLET,999999,,0.0,NORDESTE,DIEGO LIMA,REVENDEDOR,PENDENTE
PED-00498,2024-05-05,TABLET,230,,0.0,SUL,DIEGO LIMA,ONLINE,EM ANÁLISE
PED-09136,2024-10-04,TABLET,251,,0.2,NORTE,BRUNO COSTA,REVENDEDOR,CONCLUÍDO
PED-00666,2022-11-14,WEBCAM,139,5594.0,0.47,SUL,BRUNO COSTA,REVENDEDOR,PENDENTE
PED-01837,2022-08-14,NOTEBOOK,,,0.461,SUL,BRUNO COSTA,ONLINE,CONCLUÍDO
PED-07524,2024-01-25,TABLET,,,0.297,NORDESTE,DIEGO LIMA,LOJA FÍSICA,EM ANÁLISE
PED-07460,,MONITOR,,8377.47,0.28300000000000003,SUL,NAN,TELEVENDAS,PENDENTE
PED-01409,,NOTEBOOK,135,,1.0,NORTE,DIEGO LIMA,REVENDEDOR,PENDENTE
PED-08441,2023-07-28,HEADSET,117,,0.213,SUL,ANA SILVA,REVENDEDOR,PENDENTE
PED-03168,2024-09-18,NOTEBOOK,,6697.57,0.0,SUDESTE,BRUNO COSTA,REVENDEDOR,CANCELADO
PED-04796,,WEBCAM,100,13391.24,0.0,NORTE,ANA SILVA,ONLINE,CANCELADO
PED-03884,2024-11-22,TECLADO,364,,0.04,SUDESTE,BRUNO COSTA,ONLINE,CONCLUÍDO
PED-07577,,SMARTPHONE,999999,,0.336,NORDESTE,BRUNO COSTA,ONLINE,CONCLUÍDO
PED-07332,,NOTEBOOK,,,1.0,NORTE,DIEGO LIMA,TELEVENDAS,CONCLUÍDO
PED-09472,2022-10-06,MOUSE,479,7804.53,0.12,SUL,CARLA MENDES,REVENDEDOR,EM ANÁLISE
PED-04896,,SMARTPHONE,412,,0.07,NORDESTE,CARLA MENDES,REVENDEDOR,PENDENTE
PED-02832,2024-12-17,NOTEBOOK,,,1.0,NORTE,BRUNO COSTA,REVENDEDOR,CONCLUÍDO
PED-07012,2024-12-23,MONITOR,476,,0.0,SUDESTE,ANA SILVA,LOJA FÍSICA,PENDENTE
PED-03088,2023-11-13,NOTEBOOK,,,0.091,SUDESTE,ELENA SOUZA,REVENDEDOR,EM ANÁLISE
PED-09810,2023-06-06,TECLADO,,,0.277,NORTE,ANA SILVA,TELEVENDAS,CONCLUÍDO
PED-03984,,TECLADO,,,0.0,NORTE,ELENA SOUZA,REVENDEDOR,CANCELADO
PED-00629,2024-01-15,TECLADO,68,,1.0,SUL,CARLA MENDES,ONLINE,EM ANÁLISE
PED-44309,2024-10-08,MONITOR,,10834.22,0.156,SUDESTE,DIEGO LIMA,LOJA FÍSICA,EM ANÁLISE
PED-04552,2024-09-04,MOUSE,104,,0.121,NORTE,CARLA MENDES,LOJA FÍSICA,CONCLUÍDO
PED-01169,,TABLET,303,7807.49,0.397,NORDESTE,BRUNO COSTA,REVENDEDOR,CANCELADO
PED-00659,,WEBCAM,75,,1.0,CENTRO-OESTE,ANA SILVA,ONLINE,PENDENTE
PED-03393,,HEADSET,392,,0.466,SUL,ANA SILVA,ONLINE,CONCLUÍDO
PED-06443,,HD EXTERNO,,,0.472,SUL,BRUNO COSTA,REVENDEDOR,EM ANÁLISE
PED-05619,,SMARTPHONE,16,,0.0,SUL,BRUNO COSTA,LOJA FÍSICA,CONCLUÍDO
PED-04366,2022-01-06,NOTEBOOK,,10395.5,0.027000000000000003,SUDESTE,CARLA MENDES,ONLINE,PENDENTE
PED-03271,,MONITOR,404,736.64,0.40700000000000003,SUDESTE,ANA SILVA,TELEVENDAS,CANCELADO
PED-00194,,SMARTPHONE,22,12381.49,0.0,CENTRO-OESTE,DIEGO LIMA,ONLINE,CONCLUÍDO
PED-04873,2024-10-07,MONITOR,,,1.0,NORTE,ANA SILVA,ONLINE,CONCLUÍDO
PED-05179,2022-03-19,TABLET,210,481.0,1.0,NORTE,ANA SILVA,LOJA FÍSICA,EM ANÁLISE
PED-09351,2023-06-26,WEBCAM,255,,0.249,CENTRO-OESTE,ANA SILVA,ONLINE,CANCELADO
PED-03802,2024-09-15,TABLET,318,,0.463,NORTE,DIEGO LIMA,LOJA FÍSICA,EM ANÁLISE
PED-01065,2024-02-27,TABLET,100,,0.388,SUL,CARLA MENDES,LOJA FÍSICA,PENDENTE
PED-06890,2024-07-02,IMPRESSORA,211,2765.0,0.0,NORTE,BRUNO COSTA,ONLINE,CONCLUÍDO
PED-01256,2024-06-25,HEADSET,,1382.07,0.0,SUL,DIEGO LIMA,REVENDEDOR,EM ANÁLISE
PED-07359,2022-12-20,IMPRESSORA,97,13825.81,0.47100000000000003,NORTE,BRUNO COSTA,REVENDEDOR,EM ANÁLISE
PED-09431,2023-05-20,IMPRESSORA,,,0.266,SUL,ELENA SOUZA,REVENDEDOR,CANCELADO
PED-07288,,MONITOR,64,13815.23,0.0,CENTRO-OESTE,CARLA MENDES,LOJA FÍSICA,CONCLUÍDO
PED-07657,2023-11-15,NOTEBOOK,,10896.62,0.0,NORTE,ELENA SOUZA,REVENDEDOR,PENDENTE
PED-05114,2024-04-21,TABLET,424,10177.66,0.0,NORTE,ELENA SOUZA,TELEVENDAS,PENDENTE
PED-09179,2022-10-07,TECLADO,,4319.16,0.159,SUDESTE,BRUNO COSTA,TELEVENDAS,CANCELADO
PED-02779,2022-02-24,MONITOR,,1305.06,0.119,NORTE,CARLA MENDES,TELEVENDAS,EM ANÁLISE
PED-09271,2023-01-11,HD EXTERNO,,,0.29100000000000004,SUDESTE,ANA SILVA,REVENDEDOR,CONCLUÍDO
PED-07062,2024-09-13,HEADSET,,,0.0,CENTRO-OESTE,BRUNO COSTA,ONLINE,PENDENTE
PED-09909,2023-05-06,MOUSE,,12759.0,1.0,CENTRO-OESTE,ANA SILVA,TELEVENDAS,PENDENTE
PED-09491,2022-07-22,TABLET,,,1.0,SUDESTE,DIEGO LIMA,ONLINE,CONCLUÍDO
PED-00258,2023-03-06,SMARTPHONE,320,11052.06,0.479,NORTE,CARLA MENDES,REVENDEDOR,EM ANÁLISE
PED-00775,2022-04-14,MONITOR,124,12060.0,0.27399999999999997,SUDESTE,BRUNO COSTA,TELEVENDAS,PENDENTE
PED-08354,,HD EXTERNO,999999,3325.71,0.242,SUDESTE,ANA SILVA,REVENDEDOR,PENDENTE
PED-08744,2022-07-06,HD EXTERNO,,8150.95,0.325,SUDESTE,NAN,ONLINE,PENDENTE
PED-06915,2022-08-21,HD EXTERNO,484,5212.42,0.48,SUL,DIEGO LIMA,ONLINE,CANCELADO
PED-04857,2022-03-26,TABLET,,,0.303,CENTRO-OESTE,ELENA SOUZA,TELEVENDAS,CONCLUÍDO
PED-03588,,TABLET,218,5764.85,0.361,NORDESTE,DIEGO LIMA,TELEVENDAS,CONCLUÍDO
PED-25713,2022-05-23,MONITOR,497,9082.06,0.004,CENTRO-OESTE,ANA SILVA,LOJA FÍSICA,PENDENTE
PED-00541,,WEBCAM,368,8841.22,0.0,SUL,ANA SILVA,LOJA FÍSICA,CONCLUÍDO
PED-04765,2024-11-10,MOUSE,,5262.29,0.112,SUDESTE,ELENA SOUZA,LOJA FÍSICA,EM ANÁLISE
PED-09683,2024-06-16,WEBCAM,,,0.0,SUL,ANA SILVA,ONLINE,CANCELADO
PED-09519,,TECLADO,,,0.489,CENTRO-OESTE,ELENA SOUZA,REVENDEDOR,CONCLUÍDO
PED-03028,,TECLADO,,8903.38,0.367,CENTRO-OESTE,CARLA MENDES,TELEVENDAS,CONCLUÍDO
PED-00837,2024-08-09,SMARTPHONE,469,14996.88,0.043,SUDESTE,ELENA SOUZA,LOJA FÍSICA,EM ANÁLISE
PED-03954,,MONITOR,49,11835.76,0.0,SUL,DIEGO LIMA,LOJA FÍSICA,PENDENTE
PED-06453,2022-06-21,IMPRESSORA,999999,,0.278,NORDESTE,DIEGO LIMA,ONLINE,CANCELADO
PED-03764,2023-06-08,TABLET,,,0.06,NORTE,ELENA SOUZA,TELEVENDAS,CANCELADO
PED-08115,2023-12-03,IMPRESSORA,999999,,0.18,NORDESTE,ELENA SOUZA,LOJA FÍSICA,PENDENTE
PED-03871,,TECLADO,,3741.38,1.0,SUDESTE,BRUNO COSTA,LOJA FÍSICA,CONCLUÍDO
PED-04937,,IMPRESSORA,,,0.0,SUL,CARLA MENDES,TELEVENDAS,CONCLUÍDO
PED-03211,2023-09-07,NOTEBOOK,402,,0.334,SUL,DIEGO LIMA,TELEVENDAS,CONCLUÍDO
PED-00316,2024-04-26,HEADSET,81,9722.91,0.0,NORTE,DIEGO LIMA,ONLINE,EM ANÁLISE
PED-02785,2024-12-28,TABLET,54,,0.0,CENTRO-OESTE,DIEGO LIMA,LOJA FÍSICA,CONCLUÍDO
PED-03320,,MONITOR,999999,,0.459,NORTE,BRUNO COSTA,TELEVENDAS,CONCLUÍDO
PED-06236,,MONITOR,306,4407.31,0.26,NORTE,DIEGO LIMA,LOJA FÍSICA,CONCLUÍDO
PED-00329,,TECLADO,170,,0.29,NORDESTE,ANA SILVA,ONLINE,PENDENTE
PED-00358,2023-09-11,TECLADO,,1647.01,0.07,NORDESTE,ANA SILVA,LOJA FÍSICA,PENDENTE
PED-03602,,MONITOR,439,745.74,0.08300000000000002,CENTRO-OESTE,ANA SILVA,TELEVENDAS,CANCELADO
PED-09888,,TABLET,,13066.0,0.0,SUDESTE,DIEGO LIMA,LOJA FÍSICA,CONCLUÍDO
PED-00269,2022-09-20,MOUSE,,2639.6,0.143,SUDESTE,CARLA MENDES,REVENDEDOR,CANCELADO
PED-04850,,NOTEBOOK,242,,0.0,NORDESTE,BRUNO COSTA,TELEVENDAS,PENDENTE
PED-07865,2024-09-07,TECLADO,,,0.0,SUL,ELENA SOUZA,ONLINE,PENDENTE
PED-04748,,NOTEBOOK,,,0.006,SUL,ELENA SOUZA,REVENDEDOR,CANCELADO
PED-07420,,IMPRESSORA,228,14708.88,0.33,NORDESTE,BRUNO COSTA,LOJA FÍSICA,PENDENTE
PED-94350,2022-06-01,HD EXTERNO,54,,1.0,SUL,ELENA SOUZA,LOJA FÍSICA,PENDENTE
PED-03885,2023-01-12,HD EXTERNO,138,1242.62,0.0,NORTE,ELENA SOUZA,TELEVENDAS,CANCELADO
PED-04712,2024-03-18,TABLET,999999,1623.37,0.08800000000000001,NORDESTE,CARLA MENDES,ONLINE,EM ANÁLISE
PED-05378,2023-08-06,NOTEBOOK,,588.54,0.0,NORTE,BRUNO COSTA,LOJA FÍSICA,PENDENTE
PED-03905,2022-08-07,NOTEBOOK,,,0.361,NORDESTE,ANA SILVA,ONLINE,CANCELADO
PED-01415,2022-10-25,SMARTPHONE,,,0.43200000000000005,NORTE,DIEGO LIMA,TELEVENDAS,EM ANÁLISE
PED-08757,,MOUSE,,409.33,0.24,CENTRO-OESTE,NAN,ONLINE,PENDENTE
PED-08565,,IMPRESSORA,35,11303.51,0.0,SUDESTE,BRUNO COSTA,ONLINE,PENDENTE
PED-07415,2022-10-11,MOUSE,139,7246.87,0.0,NORTE,ELENA SOUZA,TELEVENDAS,PENDENTE
PED-05666,2024-06-22,TABLET,436,,0.0,CENTRO-OESTE,DIEGO LIMA,LOJA FÍSICA,PENDENTE
PED-04697,2022-01-09,HEADSET,,4361.52,0.094,CENTRO-OESTE,ELENA SOUZA,REVENDEDOR,CONCLUÍDO
PED-02063,,TECLADO,,2388.54,1.0,NORTE,BRUNO COSTA,ONLINE,CANCELADO
PED-01096,2023-02-12,NOTEBOOK,321,,0.0,NORTE,CARLA MENDES,TELEVENDAS,PENDENTE
PED-01445,2024-03-23,IMPRESSORA,,4102.42,0.0,NORTE,ELENA SOUZA,REVENDEDOR,PENDENTE
PED-09715,2023-06-01,HEADSET,,5302.72,0.312,NORTE,BRUNO COSTA,TELEVENDAS,EM ANÁLISE
PED-03570,2024-02-10,SMARTPHONE,164,1433.08,0.0,SUDESTE,ELENA SOUZA,REVENDEDOR,EM ANÁLISE
PED-05455,2023-04-03,NOTEBOOK,,9138.1,0.306,NORTE,DIEGO LIMA,REVENDEDOR,PENDENTE
PED-08853,2023-10-09,TECLADO,,,0.28,NORTE,NAN,LOJA FÍSICA,EM ANÁLISE
PED-09393,2022-08-20,SMARTPHONE,23,,0.26,SUDESTE,BRUNO COSTA,LOJA FÍSICA,CONCLUÍDO
PED-03339,2022-02-26,HD EXTERNO,,,0.08,NORDESTE,DIEGO LIMA,TELEVENDAS,CANCELADO
PED-05620,2022-03-08,NOTEBOOK,166,2786.73,0.244,SUDESTE,ELENA SOUZA,LOJA FÍSICA,EM ANÁLISE
PED-05497,2024-01-09,NOTEBOOK,,,0.136,SUL,DIEGO LIMA,LOJA FÍSICA,CANCELADO
PED-05557,,MOUSE,,,0.08,NORTE,BRUNO COSTA,ONLINE,CANCELADO
PED-09471,,HD EXTERNO,,,0.0,NORDESTE,ANA SILVA,REVENDEDOR,CONCLUÍDO
PED-05816,2024-07-06,TECLADO,999999,,0.0,SUDESTE,ANA SILVA,LOJA FÍSICA,PENDENTE
PED-05436,,IMPRESSORA,,4126.56,0.0,SUDESTE,BRUNO COSTA,LOJA FÍSICA,EM ANÁLISE
PED-06850,,TECLADO,397,5818.76,0.0,NORTE,DIEGO LIMA,LOJA FÍSICA,CONCLUÍDO
PED-00168,2022-09-23,MONITOR,440,5104.28,0.35100000000000003,CENTRO-OESTE,ELENA SOUZA,LOJA FÍSICA,CONCLUÍDO
PED-02273,2023-11-05,HEADSET,,,0.0,SUL,CARLA MENDES,ONLINE,CANCELADO
PED-06448,,WEBCAM,26,,0.307,NORTE,ANA SILVA,TELEVENDAS,PENDENTE
PED-01569,2022-10-27,SMARTPHONE,,,0.0,SUL,ANA SILVA,LOJA FÍSICA,CONCLUÍDO
PED-03587,2024-11-04,MOUSE,,6249.32,0.147,NORTE,ELENA SOUZA,LOJA FÍSICA,CONCLUÍDO
PED-03526,2022-08-22,WEBCAM,,7791.35,0.0,NORDESTE,BRUNO COSTA,TELEVENDAS,PENDENTE
PED-01491,2023-06-11,MONITOR,,5823.21,0.424,SUL,ELENA SOUZA,TELEVENDAS,PENDENTE
PED-08213,2024-08-23,TECLADO,,,0.0,NORTE,BRUNO COSTA,REVENDEDOR,EM ANÁLISE
PED-07052,2023-03-16,NOTEBOOK,,7342.0,0.0,NORTE,ELENA SOUZA,ONLINE,CONCLUÍDO
PED-07267,,HD EXTERNO,,,0.04,NORTE,ANA SILVA,LOJA FÍSICA,CONCLUÍDO
PED-08500,2022-04-15,HEADSET,999999,9458.38,0.033,SUDESTE,ELENA SOUZA,ONLINE,PENDENTE
PED-04068,2023-02-27,TECLADO,999999,,0.0,SUL,ANA SILVA,TELEVENDAS,CANCELADO
PED-05572,,MOUSE,456,14469.17,0.475,NORTE,BRUNO COSTA,LOJA FÍSICA,CONCLUÍDO
PED-01745,2023-07-24,MONITOR,393,,0.24,SUDESTE,CARLA MENDES,LOJA FÍSICA,PENDENTE
PED-07346,2023-05-04,HEADSET,433,,0.0,NORTE,CARLA MENDES,LOJA FÍSICA,PENDENTE
PED-08682,2023-01-17,TECLADO,203,,0.419,NORDESTE,ELENA SOUZA,REVENDEDOR,CONCLUÍDO
PED-04443,,NOTEBOOK,75,11565.5,0.0,NORTE,ANA SILVA,ONLINE,CANCELADO
PED-30816,2023-03-01,TECLADO,,14577.31,0.41,NORDESTE,BRUNO COSTA,ONLINE,CANCELADO
PED-01577,2024-01-14,NOTEBOOK,388,3692.27,0.342,SUL,ELENA SOUZA,TELEVENDAS,EM ANÁLISE
PED-06264,,TABLET,,1427.96,0.189,NORTE,ELENA SOUZA,LOJA FÍSICA,CONCLUÍDO
PED-05977,2022-01-26,TABLET,,,0.19699999999999998,SUL,CARLA MENDES,TELEVENDAS,CONCLUÍDO
PED-05698,2024-11-10,HEADSET,158,,0.445,CENTRO-OESTE,CARLA MENDES,TELEVENDAS,CANCELADO
PED-01518,2023-12-16,HD EXTERNO,,10824.0,0.042,SUL,CARLA MENDES,LOJA FÍSICA,CONCLUÍDO
PED-36434,2023-06-02,TECLADO,330,,0.0,CENTRO-OESTE,CARLA MENDES,REVENDEDOR,EM ANÁLISE
PED-07926,2024-10-27,NOTEBOOK,,,0.0,SUL,NAN,REVENDEDOR,CONCLUÍDO
PED-03542,2024-03-27,WEBCAM,,11849.78,0.0,NORTE,ELENA SOUZA,LOJA FÍSICA,CANCELADO
PED-06846,,MONITOR,317,,0.0,CENTRO-OESTE,ELENA SOUZA,ONLINE,CONCLUÍDO
PED-02290,2023-04-22,HEADSET,96,,0.0,SUDESTE,ELENA SOUZA,LOJA FÍSICA,CONCLUÍDO
PED-03711,2022-04-09,MONITOR,408,12585.0,0.106,NORTE,ANA SILVA,ONLINE,PENDENTE
PED-08548,2024-09-17,TECLADO,,,0.03,NORTE,BRUNO COSTA,LOJA FÍSICA,CANCELADO
PED-50147,2023-12-09,MONITOR,256,9125.89,0.0,SUL,BRUNO COSTA,LOJA FÍSICA,CANCELADO
PED-03595,2024-05-21,TECLADO,,320.66,1.0,NORTE,BRUNO COSTA,LOJA FÍSICA,PENDENTE
PED-26966,2022-03-12,IMPRESSORA,,10984.4,0.0,NORTE,ELENA SOUZA,ONLINE,PENDENTE
PED-06409,2022-07-10,HD EXTERNO,451,,0.0,CENTRO-OESTE,DIEGO LIMA,REVENDEDOR,CONCLUÍDO
PED-07409,,HEADSET,169,,0.0,NORTE,BRUNO COSTA,REVENDEDOR,CANCELADO
PED-02364,2022-08-12,MOUSE,11,,0.478,NORTE,DIEGO LIMA,TELEVENDAS,CANCELADO
PED-06914,,MOUSE,,5056.71,0.0,SUL,DIEGO LIMA,ONLINE,CONCLUÍDO
PED-45588,,HEADSET,113,,1.0,SUDESTE,DIEGO LIMA,LOJA FÍSICA,CONCLUÍDO
PED-06711,2023-03-20,MOUSE,,6011.35,0.0,SUDESTE,ELENA SOUZA,LOJA FÍSICA,CONCLUÍDO
PED-06823,2022-02-23,WEBCAM,,11717.0,0.0,SUL,DIEGO LIMA,ONLINE,CONCLUÍDO
PED-07442,2023-10-01,NOTEBOOK,230,4274.61,0.29,SUL,BRUNO COSTA,LOJA FÍSICA,EM ANÁLISE
PED-03300,2024-07-05,MOUSE,177,8982.92,0.0,NORTE,CARLA MENDES,REVENDEDOR,PENDENTE
PED-06697,2024-12-07,HEADSET,,495.15,0.45,NORTE,ELENA SOUZA,ONLINE,CONCLUÍDO
PED-06921,2022-07-20,HD EXTERNO,297,,0.039,NORDESTE,DIEGO LIMA,LOJA FÍSICA,CANCELADO
PED-02029,2022-02-02,SMARTPHONE,181,,0.0,SUDESTE,BRUNO COSTA,LOJA FÍSICA,PENDENTE
PED-08361,,SMARTPHONE,277,9746.0,0.0,SUDESTE,ANA SILVA,REVENDEDOR,EM ANÁLISE
PED-95131,2022-11-21,HD EXTERNO,52,,0.441,SUL,CARLA MENDES,ONLINE,CONCLUÍDO
PED-01964,2023-01-14,HD EXTERNO,399,8808.77,0.24100000000000002,NORDESTE,CARLA MENDES,LOJA FÍSICA,CONCLUÍDO
PED-06040,,MONITOR,999999,5907.33,0.0,NORTE,ANA SILVA,LOJA FÍSICA,EM ANÁLISE
PED-05697,2024-03-13,WEBCAM,,5196.35,0.02,SUL,ANA SILVA,LOJA FÍSICA,CONCLUÍDO
PED-07340,2022-08-07,SMARTPHONE,,8391.35,0.31,SUDESTE,CARLA MENDES,LOJA FÍSICA,CONCLUÍDO
PED-04347,,IMPRESSORA,54,,0.257,NORTE,DIEGO LIMA,LOJA FÍSICA,PENDENTE
PED-02066,2022-11-20,TABLET,115,,0.134,SUL,DIEGO LIMA,TELEVENDAS,CANCELADO
PED-08575,,MONITOR,192,7578.53,0.385,SUDESTE,ANA SILVA,TELEVENDAS,EM ANÁLISE
PED-05584,2023-04-27,TABLET,472,,0.0,NORDESTE,CARLA MENDES,ONLINE,CONCLUÍDO
PED-07381,2022-03-04,TECLADO,72,4642.0,0.474,CENTRO-OESTE,CARLA MENDES,ONLINE,CONCLUÍDO
PED-07412,2024-04-13,MONITOR,,4386.79,0.359,CENTRO-OESTE,BRUNO COSTA,REVENDEDOR,CONCLUÍDO
PED-06598,2022-06-15,MOUSE,,3690.36,0.0,NORDESTE,DIEGO LIMA,LOJA FÍSICA,PENDENTE
PED-06132,,IMPRESSORA,261,,0.106,SUDESTE,CARLA MENDES,REVENDEDOR,CANCELADO
PED-07317,2022-01-12,TABLET,134,,0.4,NORDESTE,ELENA SOUZA,ONLINE,CANCELADO
PED-03808,,SMARTPHONE,331,8137.54,0.0,NORTE,BRUNO COSTA,REVENDEDOR,CONCLUÍDO
PED-05613,2023-01-15,MOUSE,354,10795.47,0.0,CENTRO-OESTE,ANA SILVA,REVENDEDOR,CONCLUÍDO
PED-01016,2023-10-24,HD EXTERNO,156,,0.0,NORTE,DIEGO LIMA,LOJA FÍSICA,CANCELADO
PED-04666,2024-02-12,MONITOR,,2212.2,0.0,NORTE,BRUNO COSTA,REVENDEDOR,CONCLUÍDO
PED-09660,2022-05-09,HD EXTERNO,,6924.33,1.0,SUL,ELENA SOUZA,ONLINE,PENDENTE
PED-04948,2022-01-26,HD EXTERNO,141,8053.51,0.433,CENTRO-OESTE,BRUNO COSTA,ONLINE,CONCLUÍDO
PED-05534,,HD EXTERNO,71,,1.0,NORTE,ELENA SOUZA,REVENDEDOR,CONCLUÍDO
PED-07598,,TABLET,,,0.0,NORTE,ELENA SOUZA,TELEVENDAS,CANCELADO
PED-89470,2023-09-20,SMARTPHONE,424,,1.0,NORTE,ELENA SOUZA,LOJA FÍSICA,EM ANÁLISE
PED-06241,2022-12-10,IMPRESSORA,46,7711.46,0.0,SUDESTE,CARLA MENDES,TELEVENDAS,EM ANÁLISE
PED-07467,2022-03-20,MOUSE,431,4272.41,0.053,SUDESTE,ANA SILVA,LOJA FÍSICA,CONCLUÍDO
PED-02138,,MONITOR,,,0.0,NORTE,ELENA SOUZA,TELEVENDAS,PENDENTE
PED-01687,2022-04-21,MONITOR,,1342.31,0.071,SUL,DIEGO LIMA,TELEVENDAS,EM ANÁLISE
PED-00355,2023-01-20,HD EXTERNO,140,204.2,0.0,NORTE,BRUNO COSTA,LOJA FÍSICA,CONCLUÍDO
PED-00941,,HD EXTERNO,,,0.43200000000000005,SUL,CARLA MENDES,LOJA FÍSICA,CONCLUÍDO
PED-06939,2024-10-06,NOTEBOOK,,14150.51,0.465,NORTE,CARLA MENDES,TELEVENDAS,PENDENTE
PED-04329,2024-12-24,IMPRESSORA,8,11075.04,0.48,NORDESTE,ELENA SOUZA,LOJA FÍSICA,PENDENTE
PED-08257,,NOTEBOOK,347,,0.0,NORTE,CARLA MENDES,ONLINE,EM ANÁLISE
PED-09127,2022-01-03,HEADSET,,11742.45,0.0,SUL,CARLA MENDES,TELEVENDAS,EM ANÁLISE
PED-04970,,IMPRESSORA,358,3865.8,0.0,CENTRO-OESTE,ANA SILVA,LOJA FÍSICA,CONCLUÍDO
PED-03209,2022-02-02,HD EXTERNO,,,0.015,NORDESTE,CARLA MENDES,LOJA FÍSICA,CANCELADO
PED-09134,2022-04-08,MONITOR,354,7615.4,1.0,SUL,ANA SILVA,ONLINE,CONCLUÍDO
PED-03299,,SMARTPHONE,999999,,1.0,SUDESTE,CARLA MENDES,LOJA FÍSICA,CONCLUÍDO
PED-04008,2023-03-05,TECLADO,274,,0.2,CENTRO-OESTE,DIEGO LIMA,ONLINE,CANCELADO
PED-08275,,TECLADO,451,14098.11,1.0,NORDESTE,ANA SILVA,REVENDEDOR,PENDENTE
PED-00560,2022-06-26,MONITOR,254,14914.82,0.45299999999999996,NORTE,ANA SILVA,REVENDEDOR,PENDENTE
PED-05473,,WEBCAM,,8367.66,0.0,SUL,ELENA SOUZA,ONLINE,PENDENTE
PED-00245,2024-04-22,TECLADO,,,0.0,SUL,BRUNO COSTA,REVENDEDOR,PENDENTE
PED-00132,2024-07-17,MONITOR,999999,2766.92,0.0,NORTE,CARLA MENDES,ONLINE,CONCLUÍDO
PED-06802,2024-11-14,SMARTPHONE,,9336.67,0.461,SUDESTE,CARLA MENDES,LOJA FÍSICA,CONCLUÍDO
PED-06332,,HEADSET,119,,0.24,NORDESTE,ELENA SOUZA,REVENDEDOR,PENDENTE
PED-03537,2024-11-22,IMPRESSORA,,7908.14,0.385,SUL,BRUNO COSTA,LOJA FÍSICA,PENDENTE
PED-09801,2024-12-16,MOUSE,,,0.428,SUL,BRUNO COSTA,LOJA FÍSICA,EM ANÁLISE
PED-07266,2024-07-20,TECLADO,172,8343.86,0.0,SUDESTE,CARLA MENDES,TELEVENDAS,CONCLUÍDO
PED-00796,2023-12-17,HEADSET,362,,0.086,NORDESTE,DIEGO LIMA,TELEVENDAS,EM ANÁLISE
PED-06209,,IMPRESSORA,325,12608.0,0.254,NORTE,ANA SILVA,REVENDEDOR,CONCLUÍDO
PED-04982,2023-08-06,HEADSET,202,6969.33,0.0,CENTRO-OESTE,ELENA SOUZA,ONLINE,CONCLUÍDO
PED-01530,2022-01-12,MOUSE,229,9228.06,0.0,SUDESTE,ELENA SOUZA,ONLINE,CANCELADO
PED-09427,2022-05-23,HEADSET,,,0.354,SUDESTE,CARLA MENDES,LOJA FÍSICA,PENDENTE
PED-05312,,TECLADO,89,13758.0,0.003,NORTE,ELENA SOUZA,LOJA FÍSICA,CONCLUÍDO
PED-06527,2022-07-08,HEADSET,158,,0.12,SUDESTE,CARLA MENDES,LOJA FÍSICA,PENDENTE
PED-07970,2024-06-28,TECLADO,,,0.0,NORDESTE,BRUNO COSTA,LOJA FÍSICA,CANCELADO
PED-00594,2024-11-18,MOUSE,,9533.39,0.0,NORTE,BRUNO COSTA,LOJA FÍSICA,PENDENTE
PED-08973,2023-02-06,TECLADO,404,9217.36,0.07,CENTRO-OESTE,ANA SILVA,ONLINE,PENDENTE
PED-05166,2023-01-17,TABLET,5,3352.71,0.0,NORTE,DIEGO LIMA,LOJA FÍSICA,CANCELADO
PED-09422,2022-02-25,MONITOR,156,7821.38,0.371,NORTE,DIEGO LIMA,REVENDEDOR,PENDENTE
PED-05196,2022-10-09,NOTEBOOK,53,13799.67,0.0,SUDESTE,CARLA MENDES,LOJA FÍSICA,CANCELADO
PED-15001,,IMPRESSORA,,2257.15,0.0,CENTRO-OESTE,ELENA SOUZA,ONLINE,CANCELADO
PED-02414,2024-08-05,WEBCAM,,,0.21,NORDESTE,CARLA MENDES,LOJA FÍSICA,EM ANÁLISE
PED-04206,,HD EXTERNO,,2528.9,0.0,NORDESTE,BRUNO COSTA,LOJA FÍSICA,CONCLUÍDO
PED-04827,,NAN,493,,0.24,CENTRO-OESTE,BRUNO COSTA,LOJA FÍSICA,PENDENTE
PED-01690,2023-08-03,MOUSE,999999,4786.38,0.336,NORTE,DIEGO LIMA,LOJA FÍSICA,PENDENTE
PED-07581,2023-08-24,HD EXTERNO,,7477.2,0.0,SUDESTE,DIEGO LIMA,REVENDEDOR,CANCELADO
PED-07167,,HD EXTERNO,388,7003.02,0.12,SUDESTE,ELENA SOUZA,REVENDEDOR,EM ANÁLISE
PED-09092,,HD EXTERNO,,5031.29,0.36200000000000004,NORTE,CARLA MENDES,LOJA FÍSICA,CONCLUÍDO
PED-02311,,MONITOR,36,,0.311,NORTE,CARLA MENDES,LOJA FÍSICA,CANCELADO
PED-00452,,HD EXTERNO,,470.62,0.0,SUL,ELENA SOUZA,LOJA FÍSICA,EM ANÁLISE
PED-06864,2023-08-18,NOTEBOOK,422,14243.08,0.0,SUDESTE,DIEGO LIMA,LOJA FÍSICA,PENDENTE
PED-46313,,IMPRESSORA,44,,0.0,SUDESTE,ELENA SOUZA,REVENDEDOR,CANCELADO
PED-08417,2022-08-04,SMARTPHONE,308,,0.083,SUDESTE,DIEGO LIMA,ONLINE,PENDENTE
PED-30763,2024-09-16,HEADSET,129,,0.102,SUDESTE,CARLA MENDES,REVENDEDOR,EM ANÁLISE
PED-08545,2022-03-24,NOTEBOOK,43,12988.92,0.0,NORTE,CARLA MENDES,ONLINE,PENDENTE
PED-05511,2022-11-21,NOTEBOOK,,,0.0,CENTRO-OESTE,CARLA MENDES,REVENDEDOR,EM ANÁLISE
PED-02807,2024-07-03,TECLADO,999999,,0.132,NORTE,BRUNO COSTA,LOJA FÍSICA,PENDENTE
PED-02905,2023-07-13,MONITOR,,,0.42,NORDESTE,ANA SILVA,REVENDEDOR,PENDENTE
PED-02638,2023-07-07,HD EXTERNO,,8224.21,0.0,SUDESTE,ANA SILVA,LOJA FÍSICA,CONCLUÍDO
PED-02110,2022-05-22,WEBCAM,,7590.82,0.457,NORTE,DIEGO LIMA,ONLINE,PENDENTE
PED-03618,2022-08-14,TABLET,,2886.0,0.0,SUL,BRUNO COSTA,LOJA FÍSICA,PENDENTE
PED-09581,2024-06-05,MONITOR,,7710.0,0.0,SUL,DIEGO LIMA,LOJA FÍSICA,CONCLUÍDO
PED-03524,,NOTEBOOK,496,,0.255,SUL,DIEGO LIMA,LOJA FÍSICA,PENDENTE
PED-00721,,IMPRESSORA,,,0.127,NORDESTE,ANA SILVA,LOJA FÍSICA,EM ANÁLISE
PED-07129,2024-12-14,HD EXTERNO,,2009.47,0.04,CENTRO-OESTE,DIEGO LIMA,LOJA FÍSICA,CONCLUÍDO
PED-00215,2023-05-16,SMARTPHONE,,,0.0,NORTE,CARLA MENDES,ONLINE,PENDENTE
PED-00428,,HEADSET,124,,0.0,SUDESTE,BRUNO COSTA,TELEVENDAS,CANCELADO
PED-00178,,WEBCAM,391,,0.45299999999999996,SUDESTE,BRUNO COSTA,LOJA FÍSICA,CANCELADO
PED-02927,2024-08-01,WEBCAM,,,0.0,CENTRO-OESTE,ANA SILVA,LOJA FÍSICA,CONCLUÍDO
PED-09985,2023-09-18,MOUSE,,5339.0,1.0,NORDESTE,BRUNO COSTA,TELEVENDAS,PENDENTE
PED-08426,,HEADSET,381,7545.62,0.0,NORDESTE,ELENA SOUZA,LOJA FÍSICA,CONCLUÍDO
PED-08327,2022-08-22,TECLADO,,8811.74,0.158,SUL,ANA SILVA,REVENDEDOR,EM ANÁLISE
PED-09425,2024-04-13,WEBCAM,,,0.258,SUDESTE,ANA SILVA,TELEVENDAS,CANCELADO
PED-01168,2024-02-25,HD EXTERNO,98,7006.89,0.488,SUDESTE,ANA SILVA,ONLINE,CONCLUÍDO
PED-09602,2024-03-24,NOTEBOOK,,,0.0,NORTE,ELENA SOUZA,TELEVENDAS,EM ANÁLISE
PED-19670,2024-10-04,WEBCAM,,,1.0,SUL,ANA SILVA,LOJA FÍSICA,CANCELADO
PED-00177,2023-01-13,HEADSET,,,0.099,CENTRO-OESTE,BRUNO COSTA,LOJA FÍSICA,CONCLUÍDO
PED-79828,2024-09-04,SMARTPHONE,1,13773.51,0.36200000000000004,NORTE,ANA SILVA,LOJA FÍSICA,CONCLUÍDO
PED-04868,,TABLET,,,1.0,SUL,BRUNO COSTA,TELEVENDAS,PENDENTE
PED-09465,2024-11-05,MONITOR,999999,,0.0,CENTRO-OESTE,CARLA MENDES,ONLINE,CONCLUÍDO
PED-04043,,HEADSET,18,13227.21,0.446,SUDESTE,ANA SILVA,LOJA FÍSICA,CONCLUÍDO
PED-02888,2022-03-17,MOUSE,388,886.86,0.488,SUDESTE,ELENA SOUZA,ONLINE,CONCLUÍDO
PED-08454,,TECLADO,195,,0.0,NORDESTE,CARLA MENDES,ONLINE,PENDENTE
PED-08183,,HEADSET,,,0.0,SUL,DIEGO LIMA,TELEVENDAS,CONCLUÍDO
PED-02814,2022-08-23,HD EXTERNO,241,12764.59,0.09,NORTE,DIEGO LIMA,ONLINE,PENDENTE
PED-02554,,NAN,,5329.84,0.18899999999999997,NORTE,ELENA SOUZA,LOJA FÍSICA,PENDENTE
PED-07134,,SMARTPHONE,362,,0.309,CENTRO-OESTE,ANA SILVA,TELEVENDAS,EM ANÁLISE
PED-07423,,MOUSE,244,10419.5,0.0,SUL,DIEGO LIMA,LOJA FÍSICA,CONCLUÍDO
PED-06177,2024-05-27,SMARTPHONE,421,5594.34,0.2,SUL,BRUNO COSTA,ONLINE,EM ANÁLISE
PED-04571,2023-05-19,HD EXTERNO,,,0.265,CENTRO-OESTE,ELENA SOUZA,LOJA FÍSICA,CANCELADO
PED-02211,2023-10-20,HD EXTERNO,67,,0.0,SUL,ANA SILVA,LOJA FÍSICA,CANCELADO
PED-01483,2023-03-28,TECLADO,,4435.3,0.384,NORTE,ELENA SOUZA,REVENDEDOR,PENDENTE
PED-00392,2022-04-08,NOTEBOOK,,,0.0,CENTRO-OESTE,DIEGO LIMA,TELEVENDAS,CANCELADO
PED-06971,,WEBCAM,400,1078.27,0.456,SUDESTE,ELENA SOUZA,LOJA FÍSICA,EM ANÁLISE
PED-07707,,HD EXTERNO,46,,0.0,NORDESTE,DIEGO LIMA,LOJA FÍSICA,EM ANÁLISE
PED-05093,2024-02-18,WEBCAM,497,14199.0,0.065,SUL,BRUNO COSTA,ONLINE,PENDENTE
PED-05043,2024-11-04,NOTEBOOK,,3317.21,0.05,SUDESTE,ANA SILVA,REVENDEDOR,PENDENTE
PED-06733,2023-02-16,MONITOR,144,6796.28,0.421,SUL,DIEGO LIMA,LOJA FÍSICA,PENDENTE
PED-09117,2024-11-28,HEADSET,171,,0.0,NORTE,ELENA SOUZA,REVENDEDOR,CONCLUÍDO
PED-09033,,NAN,,11179.84,0.498,SUL,ELENA SOUZA,ONLINE,EM ANÁLISE
PED-05438,2022-02-06,TECLADO,,,0.0,NORTE,BRUNO COSTA,LOJA FÍSICA,PENDENTE
PED-06231,2023-06-27,TABLET,376,,0.0,SUL,CARLA MENDES,LOJA FÍSICA,CONCLUÍDO
PED-06481,,TABLET,122,7696.85,0.0,SUDESTE,ANA SILVA,LOJA FÍSICA,CONCLUÍDO
PED-04229,2022-07-20,HD EXTERNO,397,,0.0,CENTRO-OESTE,BRUNO COSTA,REVENDEDOR,CONCLUÍDO
PED-05307,,TABLET,324,,0.044000000000000004,NORDESTE,BRUNO COSTA,TELEVENDAS,CANCELADO
PED-02511,2024-03-09,SMARTPHONE,,10022.02,1.0,SUL,ELENA SOUZA,REVENDEDOR,PENDENTE
PED-00715,2024-04-17,TECLADO,,,0.062,CENTRO-OESTE,BRUNO COSTA,LOJA FÍSICA,PENDENTE
PED-00980,2024-10-19,MOUSE,999999,2284.18,0.0,CENTRO-OESTE,ANA SILVA,ONLINE,CONCLUÍDO
PED-01688,2023-09-06,NOTEBOOK,321,10905.36,0.0,SUDESTE,DIEGO LIMA,LOJA FÍSICA,PENDENTE
PED-09342,2022-04-21,MONITOR,157,12411.09,0.0,NORTE,DIEGO LIMA,REVENDEDOR,EM ANÁLISE
PED-01591,,HD EXTERNO,,,0.226,SUL,ELENA SOUZA,LOJA FÍSICA,CONCLUÍDO
PED-07039,2023-04-26,TABLET,999999,823.59,0.39,NORDESTE,BRUNO COSTA,ONLINE,CONCLUÍDO
PED-03051,2022-07-08,MONITOR,252,,0.205,SUDESTE,BRUNO COSTA,LOJA FÍSICA,CONCLUÍDO
PED-03381,2023-02-26,TABLET,486,,0.0,NORDESTE,CARLA MENDES,LOJA FÍSICA,CONCLUÍDO
PED-02681,,SMARTPHONE,,,0.0,NORDESTE,CARLA MENDES,ONLINE,CONCLUÍDO
PED-03843,2023-05-19,HEADSET,81,12049.85,0.022000000000000002,NORDESTE,BRUNO COSTA,LOJA FÍSICA,PENDENTE
PED-01705,2022-05-23,MONITOR,,10673.12,0.0,NORTE,ELENA SOUZA,TELEVENDAS,CONCLUÍDO
PED-01163,2022-04-16,TABLET,366,9235.0,0.0,SUL,BRUNO COSTA,ONLINE,CANCELADO
PED-08896,2024-06-24,TECLADO,,13821.74,0.11,NORDESTE,ANA SILVA,LOJA FÍSICA,EM ANÁLISE
PED-07090,2023-09-25,HEADSET,,4725.57,0.0,SUL,CARLA MENDES,REVENDEDOR,PENDENTE
PED-00030,,TABLET,45,,0.182,SUL,DIEGO LIMA,LOJA FÍSICA,EM ANÁLISE
PED-04780,2022-11-20,SMARTPHONE,119,,0.0,NORDESTE,CARLA MENDES,TELEVENDAS,CANCELADO
PED-06140,,WEBCAM,157,7658.0,0.242,NORTE,BRUNO COSTA,REVENDEDOR,CANCELADO
PED-01995,,HD EXTERNO,,3575.88,0.0,CENTRO-OESTE,ELENA SOUZA,LOJA FÍSICA,CONCLUÍDO
PED-07348,2024-03-05,IMPRESSORA,,4227.0,0.051,SUL,CARLA MENDES,ONLINE,EM ANÁLISE
PED-08722,2023-02-15,MOUSE,,,0.0,SUL,ELENA SOUZA,TELEVENDAS,CONCLUÍDO
PED-04699,2022-10-23,WEBCAM,,7469.0,0.21,NORTE,CARLA MENDES,ONLINE,CANCELADO
PED-09999,2023-09-03,TABLET,,12410.0,0.0,SUL,ANA SILVA,TELEVENDAS,CONCLUÍDO
PED-08935,2023-06-07,MONITOR,,,0.346,SUDESTE,ANA SILVA,LOJA FÍSICA,CONCLUÍDO
PED-09658,2024-03-23,SMARTPHONE,,8883.77,0.156,NORDESTE,ELENA SOUZA,ONLINE,CANCELADO
PED-05770,,WEBCAM,417,1178.15,0.0,CENTRO-OESTE,DIEGO LIMA,ONLINE,CANCELADO
PED-00998,2023-04-19,TECLADO,,8376.44,0.28800000000000003,NORTE,DIEGO LIMA,ONLINE,PENDENTE
PED-09887,2023-09-06,TABLET,,8761.54,0.0,NORTE,BRUNO COSTA,TELEVENDAS,CONCLUÍDO
PED-06386,,NOTEBOOK,,,0.042,NORTE,DIEGO LIMA,ONLINE,EM ANÁLISE
PED-06370,2023-08-06,SMARTPHONE,370,,0.0,SUL,CARLA MENDES,ONLINE,CONCLUÍDO
PED-01516,2023-07-07,IMPRESSORA,,10905.89,0.206,CENTRO-OESTE,CARLA MENDES,REVENDEDOR,EM ANÁLISE
PED-06104,,TABLET,,7543.54,0.0,NORTE,BRUNO COSTA,REVENDEDOR,CONCLUÍDO
PED-04475,2024-07-17,TABLET,269,,0.414,CENTRO-OESTE,ELENA SOUZA,REVENDEDOR,CONCLUÍDO
PED-06735,2024-01-21,HEADSET,196,,0.004,NORTE,BRUNO COSTA,REVENDEDOR,PENDENTE
PED-03501,2023-12-22,HD EXTERNO,999999,,0.37799999999999995,SUL,ELENA SOUZA,LOJA FÍSICA,CANCELADO
PED-05499,,TECLADO,,2077.49,0.046,SUDESTE,BRUNO COSTA,LOJA FÍSICA,CONCLUÍDO
PED-05815,2022-11-09,SMARTPHONE,,,0.136,SUL,ELENA SOUZA,LOJA FÍSICA,PENDENTE
PED-08476,2024-12-20,NOTEBOOK,49,,1.0,NORTE,BRUNO COSTA,TELEVENDAS,CANCELADO
PED-02794,,SMARTPHONE,142,8968.48,0.0,NORTE,ELENA SOUZA,ONLINE,CONCLUÍDO
PED-08108,2023-11-25,TECLADO,322,,0.0,SUDESTE,CARLA MENDES,ONLINE,CONCLUÍDO
PED-06648,2023-11-25,HD EXTERNO,,,0.0,CENTRO-OESTE,BRUNO COSTA,LOJA FÍSICA,CONCLUÍDO
PED-09159,2023-07-17,TECLADO,386,,0.0,CENTRO-OESTE,ELENA SOUZA,REVENDEDOR,CONCLUÍDO
PED-02771,2022-04-07,MONITOR,80,390.46,0.035,NORTE,DIEGO LIMA,REVENDEDOR,CANCELADO
PED-07787,,SMARTPHONE,,4597.78,0.04,NORTE,BRUNO COSTA,TELEVENDAS,CONCLUÍDO
PED-03724,2022-08-23,NAN,477,12836.6,0.203,NORTE,ANA SILVA,LOJA FÍSICA,CONCLUÍDO
PED-00495,2022-08-22,SMARTPHONE,,3929.8,1.0,CENTRO-OESTE,CARLA MENDES,LOJA FÍSICA,PENDENTE
PED-01329,2024-05-01,HD EXTERNO,,2270.69,0.49,NORDESTE,CARLA MENDES,REVENDEDOR,CANCELADO
PED-09003,2023-03-21,WEBCAM,87,3181.0,0.0,NORDESTE,CARLA MENDES,LOJA FÍSICA,CONCLUÍDO
PED-04811,2024-03-24,TABLET,,,0.0,SUDESTE,BRUNO COSTA,REVENDEDOR,CONCLUÍDO
PED-21881,,SMARTPHONE,,,0.0,NORDESTE,CARLA MENDES,LOJA FÍSICA,CANCELADO
PED-09366,2024-04-26,NOTEBOOK,224,,0.16,NORTE,CARLA MENDES,ONLINE,CONCLUÍDO
PED-04240,2023-11-08,IMPRESSORA,154,,0.06,SUL,BRUNO COSTA,LOJA FÍSICA,CONCLUÍDO
PED-00904,2024-04-14,IMPRESSORA,153,13519.67,0.0,SUDESTE,DIEGO LIMA,LOJA FÍSICA,CONCLUÍDO
PED-07871,,HD EXTERNO,153,8930.31,1.0,CENTRO-OESTE,ELENA SOUZA,TELEVENDAS,CONCLUÍDO
PED-06861,2022-11-26,WEBCAM,137,9103.0,0.064,CENTRO-OESTE,CARLA MENDES,ONLINE,PENDENTE
PED-02962,2023-05-06,NOTEBOOK,148,,0.0,NORTE,BRUNO COSTA,ONLINE,CANCELADO
PED-00262,2024-05-05,SMARTPHONE,,,0.5,SUL,ELENA SOUZA,TELEVENDAS,EM ANÁLISE
PED-02918,2022-12-09,TECLADO,,5356.32,0.0,SUDESTE,ANA SILVA,REVENDEDOR,CANCELADO
PED-07140,2023-01-23,TECLADO,193,,0.013000000000000001,SUL,ELENA SOUZA,ONLINE,PENDENTE
PED-05431,2023-08-14,MOUSE,217,,1.0,SUDESTE,BRUNO COSTA,TELEVENDAS,EM ANÁLISE
PED-09933,,WEBCAM,,,0.361,NORTE,BRUNO COSTA,LOJA FÍSICA,EM ANÁLISE
PED-00205,2023-11-03,TECLADO,29,9195.0,0.0,SUL,DIEGO LIMA,LOJA FÍSICA,CONCLUÍDO
PED-00706,2023-05-01,NOTEBOOK,207,11397.71,1.0,CENTRO-OESTE,ELENA SOUZA,LOJA FÍSICA,EM ANÁLISE
PED-06812,2024-05-04,TABLET,127,12464.39,1.0,NORTE,DIEGO LIMA,REVENDEDOR,EM ANÁLISE
PED-05128,2023-06-07,NOTEBOOK,450,4787.53,0.0,SUDESTE,CARLA MENDES,LOJA FÍSICA,PENDENTE
PED-96830,2024-10-23,TABLET,,,0.0,SUL,CARLA MENDES,LOJA FÍSICA,CONCLUÍDO
PED-00188,2022-08-02,IMPRESSORA,83,14208.99,0.0,CENTRO-OESTE,CARLA MENDES,ONLINE,PENDENTE
PED-05755,2023-11-05,HD EXTERNO,,,0.13699999999999998,NORDESTE,ELENA SOUZA,REVENDEDOR,CONCLUÍDO
PED-03622,2023-02-22,TECLADO,,,0.0,NORTE,DIEGO LIMA,TELEVENDAS,EM ANÁLISE
PED-06357,2022-09-27,TECLADO,498,14651.82,0.177,CENTRO-OESTE,ANA SILVA,ONLINE,PENDENTE
PED-06484,2023-02-22,MONITOR,,7095.09,0.0,SUL,ELENA SOUZA,TELEVENDAS,CONCLUÍDO
PED-08241,2022-11-07,HEADSET,397,,0.43,NORTE,ELENA SOUZA,REVENDEDOR,CONCLUÍDO
PED-07635,2023-06-20,WEBCAM,112,9293.48,0.35600000000000004,NORTE,BRUNO COSTA,TELEVENDAS,CANCELADO
PED-08260,2022-12-19,NOTEBOOK,431,7578.91,0.158,NORTE,BRUNO COSTA,LOJA FÍSICA,PENDENTE
PED-02374,2022-01-21,HEADSET,316,3091.71,0.0,SUDESTE,BRUNO COSTA,LOJA FÍSICA,CONCLUÍDO
PED-09285,,MOUSE,247,5863.5,0.0,SUDESTE,DIEGO LIMA,ONLINE,PENDENTE
PED-08791,,TABLET,271,1488.14,0.0,SUL,ELENA SOUZA,ONLINE,CANCELADO
PED-06699,2024-03-25,HEADSET,237,,1.0,SUL,ANA SILVA,ONLINE,PENDENTE
PED-07383,2024-06-08,MOUSE,,,0.0,SUDESTE,BRUNO COSTA,LOJA FÍSICA,PENDENTE
PED-03665,2024-07-03,TABLET,195,,0.31,SUDESTE,CARLA MENDES,REVENDEDOR,PENDENTE
PED-77733,2023-02-27,TECLADO,,11897.54,0.0,NORTE,CARLA MENDES,REVENDEDOR,PENDENTE
PED-06167,2024-09-26,MONITOR,401,1887.0,0.114,CENTRO-OESTE,ELENA SOUZA,LOJA FÍSICA,CANCELADO
PED-00176,2024-11-01,WEBCAM,,,0.226,SUL,BRUNO COSTA,ONLINE,EM ANÁLISE
PED-01384,2022-05-05,MONITOR,,8032.2,0.475,NORDESTE,BRUNO COSTA,TELEVENDAS,CANCELADO
PED-06253,2024-11-28,TABLET,467,,0.0,CENTRO-OESTE,ANA SILVA,ONLINE,PENDENTE
PED-03098,,HD EXTERNO,95,1556.0,0.0,NORTE,ANA SILVA,ONLINE,CONCLUÍDO
PED-00152,2024-03-17,WEBCAM,396,,0.0,NORTE,BRUNO COSTA,LOJA FÍSICA,CANCELADO
PED-08439,2023-07-07,TABLET,91,388.31,0.166,CENTRO-OESTE,ELENA SOUZA,ONLINE,CANCELADO
PED-03344,,SMARTPHONE,,,0.0,SUL,ELENA SOUZA,REVENDEDOR,PENDENTE
PED-06793,2024-04-08,TECLADO,262,,0.0,CENTRO-OESTE,ELENA SOUZA,ONLINE,PENDENTE
PED-06120,2022-12-08,NOTEBOOK,401,,0.0,NORTE,CARLA MENDES,TELEVENDAS,CANCELADO
PED-05368,,WEBCAM,37,13012.79,1.0,SUL,BRUNO COSTA,REVENDEDOR,CONCLUÍDO
PED-02529,2024-05-24,HD EXTERNO,,14644.68,0.0,SUDESTE,ANA SILVA,TELEVENDAS,PENDENTE
PED-07999,2024-07-25,HEADSET,,382.25,0.27,NORTE,ANA SILVA,REVENDEDOR,CANCELADO
PED-08880,2023-03-10,MOUSE,,12984.46,0.0,NORTE,DIEGO LIMA,LOJA FÍSICA,CONCLUÍDO
PED-06989,,TABLET,395,,1.0,NORTE,ANA SILVA,TELEVENDAS,EM ANÁLISE
PED-00977,2024-03-18,IMPRESSORA,55,11407.21,0.436,SUL,BRUNO COSTA,ONLINE,EM ANÁLISE
PED-04941,2023-01-15,MONITOR,387,,0.0,NORTE,ANA SILVA,LOJA FÍSICA,PENDENTE
PED-04945,2022-06-27,IMPRESSORA,259,4557.15,0.018000000000000002,NORTE,BRUNO COSTA,TELEVENDAS,PENDENTE
PED-06105,,MOUSE,219,5513.6,0.23800000000000002,SUDESTE,ELENA SOUZA,TELEVENDAS,PENDENTE
PED-04514,2024-09-26,MONITOR,82,3054.88,1.0,CENTRO-OESTE,DIEGO LIMA,ONLINE,CANCELADO
PED-00574,,NAN,428,3828.73,0.142,NORTE,CARLA MENDES,LOJA FÍSICA,EM ANÁLISE
PED-04747,,TECLADO,,52.56,0.345,NORTE,CARLA MENDES,TELEVENDAS,CONCLUÍDO
PED-01794,,IMPRESSORA,999999,6292.15,0.427,NORTE,BRUNO COSTA,LOJA FÍSICA,CONCLUÍDO
PED-00348,2023-06-07,WEBCAM,,12565.55,0.0,CENTRO-OESTE,ANA SILVA,TELEVENDAS,PENDENTE
PED-09081,,NOTEBOOK,,,0.0,SUDESTE,BRUNO COSTA,ONLINE,PENDENTE
PED-06155,2023-06-02,TABLET,,5449.08,0.22,SUL,ELENA SOUZA,REVENDEDOR,EM ANÁLISE
PED-03497,,IMPRESSORA,433,,0.0,NORTE,BRUNO COSTA,LOJA FÍSICA,CANCELADO
PED-09123,2024-04-01,TABLET,999999,,0.25,SUDESTE,ELENA SOUZA,LOJA FÍSICA,CANCELADO
PED-01225,2024-10-11,MONITOR,,13412.83,0.0,SUL,ELENA SOUZA,REVENDEDOR,EM ANÁLISE
PED-07316,,HD EXTERNO,,3009.93,0.0,SUL,BRUNO COSTA,LOJA FÍSICA,CONCLUÍDO
PED-03574,2022-05-10,HEADSET,160,,0.0,SUL,CARLA MENDES,LOJA FÍSICA,CANCELADO
PED-05491,,HEADSET,438,,0.0,CENTRO-OESTE,BRUNO COSTA,ONLINE,PENDENTE
PED-09616,,HEADSET,209,1110.68,0.24,CENTRO-OESTE,DIEGO LIMA,LOJA FÍSICA,CANCELADO
PED-00724,2024-09-20,HEADSET,283,,0.1,NORTE,CARLA MENDES,LOJA FÍSICA,PENDENTE
PED-00832,,TABLET,999999,,0.461,NORDESTE,BRUNO COSTA,TELEVENDAS,CONCLUÍDO
PED-01188,2024-02-15,MONITOR,,,0.494,SUDESTE,ELENA SOUZA,REVENDEDOR,CONCLUÍDO
PED-06666,2023-02-10,MOUSE,206,,1.0,SUDESTE,BRUNO COSTA,LOJA FÍSICA,CANCELADO
PED-08079,2023-10-15,HD EXTERNO,371,3939.52,0.483,SUL,BRUNO COSTA,LOJA FÍSICA,EM ANÁLISE
PED-09454,,TECLADO,151,8480.1,0.317,SUL,ELENA SOUZA,TELEVENDAS,EM ANÁLISE
PED-09211,,WEBCAM,,10028.26,0.331,NORDESTE,ANA SILVA,LOJA FÍSICA,CONCLUÍDO
PED-09951,,HD EXTERNO,999999,14501.78,0.157,NORTE,BRUNO COSTA,REVENDEDOR,CANCELADO
PED-09368,2023-07-14,NOTEBOOK,97,13116.43,0.237,SUDESTE,ANA SILVA,REVENDEDOR,PENDENTE
PED-05210,2022-11-11,HD EXTERNO,166,,0.39,NORDESTE,ELENA SOUZA,TELEVENDAS,EM ANÁLISE
PED-07114,,SMARTPHONE,,14015.92,0.241,NORTE,ANA SILVA,REVENDEDOR,CONCLUÍDO
PED-06475,,SMARTPHONE,258,5326.87,0.426,NORDESTE,ELENA SOUZA,LOJA FÍSICA,PENDENTE
PED-03667,2023-11-10,WEBCAM,267,4781.69,0.0,SUDESTE,BRUNO COSTA,LOJA FÍSICA,CANCELADO
PED-03379,2024-12-22,HD EXTERNO,,1239.88,0.0,NORTE,DIEGO LIMA,TELEVENDAS,CANCELADO
PED-02193,2022-05-23,MOUSE,436,,0.0,SUDESTE,CARLA MENDES,REVENDEDOR,PENDENTE
PED-07432,,IMPRESSORA,,,0.0,CENTRO-OESTE,BRUNO COSTA,REVENDEDOR,CONCLUÍDO
PED-08217,2024-09-11,WEBCAM,,,0.39,SUDESTE,ANA SILVA,ONLINE,CONCLUÍDO
PED-09236,2023-06-25,WEBCAM,,4739.0,0.273,SUL,CARLA MENDES,LOJA FÍSICA,PENDENTE
PED-08082,,IMPRESSORA,316,,0.476,SUL,ANA SILVA,REVENDEDOR,CANCELADO
PED-00014,2023-12-19,HD EXTERNO,999999,,0.142,NORTE,ELENA SOUZA,TELEVENDAS,PENDENTE
PED-07296,2023-06-10,MOUSE,388,,0.0,SUL,CARLA MENDES,TELEVENDAS,CONCLUÍDO
PED-02213,2022-12-24,NOTEBOOK,402,12222.5,0.09,SUL,DIEGO LIMA,REVENDEDOR,CONCLUÍDO
PED-04726,2022-09-14,TECLADO,275,,0.168,SUL,ANA SILVA,ONLINE,PENDENTE
PED-08195,2023-12-18,HEADSET,,,0.289,NORTE,BRUNO COSTA,LOJA FÍSICA,CONCLUÍDO
PED-09682,,IMPRESSORA,36,,1.0,SUL,CARLA MENDES,ONLINE,CANCELADO
PED-09267,2022-05-02,MOUSE,,10300.85,0.147,CENTRO-OESTE,BRUNO COSTA,LOJA FÍSICA,CONCLUÍDO
PED-09343,2023-01-28,MOUSE,135,,0.0,CENTRO-OESTE,ANA SILVA,REVENDEDOR,CONCLUÍDO
PED-09021,,HD EXTERNO,182,,1.0,SUL,BRUNO COSTA,TELEVENDAS,CANCELADO
PED-00016,,NOTEBOOK,,13932.81,0.165,SUL,ANA SILVA,LOJA FÍSICA,PENDENTE
PED-02914,2023-09-26,HD EXTERNO,14,,0.425,SUDESTE,CARLA MENDES,ONLINE,CONCLUÍDO
PED-09214,2024-07-25,TECLADO,,,0.0,SUL,DIEGO LIMA,ONLINE,EM ANÁLISE
PED-05387,2024-11-10,IMPRESSORA,216,,0.33899999999999997,CENTRO-OESTE,BRUNO COSTA,ONLINE,PENDENTE
PED-00621,,WEBCAM,,4657.0,0.242,SUL,DIEGO LIMA,LOJA FÍSICA,CONCLUÍDO
PED-01092,2022-11-13,IMPRESSORA,,,0.0,NORDESTE,ANA SILVA,ONLINE,CONCLUÍDO
PED-01600,2023-09-12,WEBCAM,4,14590.07,0.373,SUL,CARLA MENDES,ONLINE,EM ANÁLISE
PED-03861,2022-12-27,MOUSE,,,0.0,SUDESTE,BRUNO COSTA,LOJA FÍSICA,CONCLUÍDO
PED-02813,2022-02-28,MOUSE,193,,0.038,SUL,ELENA SOUZA,TELEVENDAS,PENDENTE
PED-08156,,HD EXTERNO,471,,0.218,SUL,BRUNO COSTA,TELEVENDAS,PENDENTE
PED-06801,2024-06-03,NOTEBOOK,454,,0.356,CENTRO-OESTE,CARLA MENDES,ONLINE,PENDENTE
PED-07562,2024-04-01,SMARTPHONE,,1963.52,1.0,NORTE,BRUNO COSTA,LOJA FÍSICA,CANCELADO
PED-02583,2024-09-28,HD EXTERNO,123,8685.61,0.0,SUDESTE,CARLA MENDES,TELEVENDAS,PENDENTE
PED-01027,,NOTEBOOK,195,,0.0,SUDESTE,ELENA SOUZA,REVENDEDOR,CONCLUÍDO
PED-06435,,IMPRESSORA,252,3732.75,0.0,NORTE,CARLA MENDES,ONLINE,EM ANÁLISE
PED-03975,2022-04-13,TECLADO,,10976.79,0.0,NORTE,CARLA MENDES,TELEVENDAS,EM ANÁLISE
PED-13165,2023-03-02,MONITOR,394,,0.0,NORTE,BRUNO COSTA,LOJA FÍSICA,CONCLUÍDO
PED-00143,2024-07-07,NOTEBOOK,,8909.46,1.0,SUDESTE,ELENA SOUZA,TELEVENDAS,CANCELADO
PED-09154,2023-11-10,NOTEBOOK,37,2131.46,0.0,CENTRO-OESTE,BRUNO COSTA,ONLINE,EM ANÁLISE
PED-05434,,MONITOR,,,0.0,SUL,ELENA SOUZA,ONLINE,EM ANÁLISE
PED-06186,2024-10-13,HD EXTERNO,,8061.68,1.0,NORDESTE,ANA SILVA,REVENDEDOR,CANCELADO
PED-00436,2022-02-18,IMPRESSORA,,,0.0,CENTRO-OESTE,ANA SILVA,REVENDEDOR,PENDENTE
PED-02515,2024-03-07,HD EXTERNO,354,14297.93,0.0,SUDESTE,ELENA SOUZA,LOJA FÍSICA,CANCELADO
PED-83165,,TABLET,480,4402.0,0.0,SUL,BRUNO COSTA,REVENDEDOR,CONCLUÍDO
PED-05138,2022-08-23,MONITOR,168,4065.93,1.0,NORTE,ELENA SOUZA,TELEVENDAS,EM ANÁLISE
PED-09809,2023-04-27,MONITOR,442,,0.292,NORDESTE,ELENA SOUZA,LOJA FÍSICA,PENDENTE
PED-02777,2023-05-09,MOUSE,,,0.307,NORTE,ELENA SOUZA,ONLINE,CONCLUÍDO
PED-05165,2023-08-14,TECLADO,477,267.0,0.113,NORTE,BRUNO COSTA,REVENDEDOR,CANCELADO
PED-02016,,HEADSET,,,0.2,SUL,CARLA MENDES,TELEVENDAS,CONCLUÍDO
PED-03255,,NOTEBOOK,10,,0.0,SUL,BRUNO COSTA,ONLINE,CANCELADO
PED-01609,,IMPRESSORA,,,0.0,NORTE,CARLA MENDES,TELEVENDAS,CANCELADO
PED-02500,,SMARTPHONE,,,0.43,CENTRO-OESTE,ANA SILVA,REVENDEDOR,CONCLUÍDO
PED-03019,,HEADSET,,,0.0,SUL,BRUNO COSTA,LOJA FÍSICA,CONCLUÍDO
PED-02015,2023-10-09,IMPRESSORA,113,13104.03,0.0,SUL,BRUNO COSTA,TELEVENDAS,CONCLUÍDO
PED-06388,,SMARTPHONE,,6858.0,0.41200000000000003,SUL,DIEGO LIMA,LOJA FÍSICA,CONCLUÍDO
PED-03700,2024-06-05,SMARTPHONE,,3668.69,0.0,SUDESTE,CARLA MENDES,LOJA FÍSICA,CONCLUÍDO
PED-00729,,TECLADO,,,0.0,SUDESTE,ANA SILVA,REVENDEDOR,CANCELADO
PED-09913,2023-01-25,HD EXTERNO,71,,0.0,SUL,BRUNO COSTA,ONLINE,PENDENTE
PED-01058,,WEBCAM,999999,,0.0,NORDESTE,ELENA SOUZA,LOJA FÍSICA,CANCELADO
PED-03643,2024-08-10,TABLET,,5732.0,0.0,SUDESTE,ANA SILVA,ONLINE,PENDENTE
PED-04722,,TABLET,436,4759.0,0.191,NORDESTE,BRUNO COSTA,TELEVENDAS,CANCELADO
PED-08334,2023-12-08,TECLADO,30,13772.77,0.053,SUL,ELENA SOUZA,TELEVENDAS,PENDENTE
PED-08671,2023-10-15,MONITOR,,6182.87,0.0,SUL,ANA SILVA,LOJA FÍSICA,CONCLUÍDO
PED-04856,2022-03-05,HD EXTERNO,404,,0.07400000000000001,SUDESTE,ELENA SOUZA,ONLINE,PENDENTE
PED-90176,2023-08-25,MOUSE,383,,0.0,SUDESTE,ANA SILVA,LOJA FÍSICA,PENDENTE
PED-00304,2024-04-02,HEADSET,486,,0.34,NORDESTE,ELENA SOUZA,ONLINE,EM ANÁLISE
PED-00664,2024-01-26,WEBCAM,,5048.63,0.052000000000000005,CENTRO-OESTE,ANA SILVA,LOJA FÍSICA,CANCELADO
PED-08097,2024-12-02,IMPRESSORA,,12294.22,0.32700000000000007,CENTRO-OESTE,ELENA SOUZA,LOJA FÍSICA,CANCELADO
PED-07959,,NOTEBOOK,,,0.493,NORTE,ELENA SOUZA,TELEVENDAS,CANCELADO
PED-08261,,WEBCAM,,,0.109,NORTE,BRUNO COSTA,REVENDEDOR,CONCLUÍDO
PED-01133,2022-04-24,NOTEBOOK,,2890.85,1.0,SUDESTE,CARLA MENDES,ONLINE,CONCLUÍDO
PED-01858,2024-05-11,SMARTPHONE,,,0.0,CENTRO-OESTE,BRUNO COSTA,TELEVENDAS,CANCELADO
PED-04918,,TECLADO,,3332.67,0.095,NORTE,ANA SILVA,TELEVENDAS,CONCLUÍDO
PED-03031,2023-04-11,SMARTPHONE,,2269.1,1.0,SUL,ELENA SOUZA,ONLINE,EM ANÁLISE
PED-05442,,SMARTPHONE,134,,0.368,SUL,CARLA MENDES,TELEVENDAS,EM ANÁLISE
PED-01038,2023-01-21,HEADSET,,2826.19,0.478,NORDESTE,ELENA SOUZA,ONLINE,CANCELADO
PED-06530,2022-05-15,HD EXTERNO,,249.54,0.022,SUDESTE,CARLA MENDES,ONLINE,PENDENTE
PED-07715,2024-03-12,NOTEBOOK,258,,0.0,SUL,BRUNO COSTA,TELEVENDAS,CANCELADO
PED-03495,2022-12-08,MOUSE,,4274.33,0.0,NORTE,BRUNO COSTA,REVENDEDOR,CONCLUÍDO
PED-07390,,SMARTPHONE,,2467.82,0.288,SUL,CARLA MENDES,LOJA FÍSICA,CONCLUÍDO
PED-05651,2022-02-20,TABLET,127,,0.0,SUL,BRUNO COSTA,ONLINE,CONCLUÍDO
PED-04760,,HEADSET,,,0.284,NORTE,ELENA SOUZA,ONLINE,PENDENTE
PED-04288,,TECLADO,,,0.146,SUDESTE,BRUNO COSTA,REVENDEDOR,EM ANÁLISE
PED-08293,,MOUSE,29,13943.78,0.053,CENTRO-OESTE,ELENA SOUZA,TELEVENDAS,CANCELADO
PED-05320,2022-12-15,HEADSET,57,12610.11,0.414,NORTE,BRUNO COSTA,ONLINE,PENDENTE
PED-00499,2023-07-03,MONITOR,,,0.33,NORDESTE,BRUNO COSTA,LOJA FÍSICA,CONCLUÍDO
PED-07054,,MOUSE,,1333.01,0.0,CENTRO-OESTE,DIEGO LIMA,LOJA FÍSICA,PENDENTE
PED-05893,,SMARTPHONE,,3186.7,0.0,NORDESTE,ELENA SOUZA,LOJA FÍSICA,CONCLUÍDO
PED-02434,2024-08-22,MOUSE,419,,0.0,NORDESTE,CARLA MENDES,TELEVENDAS,CONCLUÍDO
PED-00233,2023-12-15,HD EXTERNO,999999,6222.39,0.0,SUDESTE,BRUNO COSTA,ONLINE,CONCLUÍDO
PED-09467,,SMARTPHONE,,11477.09,0.481,NORTE,DIEGO LIMA,LOJA FÍSICA,CONCLUÍDO
PED-02538,2024-03-23,HEADSET,342,11361.84,0.466,SUL,ELENA SOUZA,ONLINE,PENDENTE
PED-05655,2022-12-12,MOUSE,,1966.65,0.0,NORTE,ANA SILVA,LOJA FÍSICA,PENDENTE
PED-00140,,SMARTPHONE,999999,12849.23,0.178,SUL,CARLA MENDES,ONLINE,EM ANÁLISE
PED-00791,,MONITOR,48,,0.18,NORTE,ELENA SOUZA,ONLINE,CONCLUÍDO
PED-01032,2024-10-03,WEBCAM,,,0.41,NORTE,CARLA MENDES,ONLINE,CONCLUÍDO
PED-02992,2024-03-23,MONITOR,,9331.89,0.124,SUL,ELENA SOUZA,LOJA FÍSICA,PENDENTE
PED-00899,2024-04-01,MONITOR,,9153.96,0.0,SUL,ELENA SOUZA,ONLINE,CONCLUÍDO
PED-09891,,TABLET,,11754.21,0.0,NORTE,BRUNO COSTA,ONLINE,PENDENTE
PED-09533,2023-05-28,TECLADO,,14910.0,0.34700000000000003,NORDESTE,CARLA MENDES,ONLINE,EM ANÁLISE
PED-00426,,SMARTPHONE,,,0.18,NORTE,BRUNO COSTA,REVENDEDOR,EM ANÁLISE
PED-03422,,MONITOR,437,11466.54,0.236,SUDESTE,NAN,ONLINE,PENDENTE
PED-09505,2023-05-03,MOUSE,424,7150.3,0.15,NORTE,BRUNO COSTA,LOJA FÍSICA,CANCELADO
PED-08170,2023-12-01,WEBCAM,,,0.0,NORTE,ANA SILVA,ONLINE,CANCELADO
PED-07551,,HEADSET,57,,0.473,SUL,CARLA MENDES,LOJA FÍSICA,EM ANÁLISE
PED-00279,,SMARTPHONE,,5421.77,0.21100000000000002,SUL,DIEGO LIMA,TELEVENDAS,EM ANÁLISE
PED-06095,2023-08-28,WEBCAM,,7300.0,0.261,NORTE,ANA SILVA,LOJA FÍSICA,PENDENTE
PED-09969,2022-09-19,HEADSET,,2340.54,0.0,NORTE,ELENA SOUZA,ONLINE,CANCELADO
PED-02244,,MONITOR,358,6021.23,0.0,SUL,CARLA MENDES,ONLINE,CANCELADO
PED-01284,,TECLADO,,,0.09,CENTRO-OESTE,ANA SILVA,REVENDEDOR,PENDENTE
PED-04323,2023-05-27,HD EXTERNO,412,,0.223,NORDESTE,BRUNO COSTA,ONLINE,PENDENTE
PED-03929,2022-04-11,IMPRESSORA,380,12273.05,0.455,NORTE,CARLA MENDES,LOJA FÍSICA,EM ANÁLISE
PED-08832,2023-05-04,MOUSE,,13121.64,0.0,NORDESTE,DIEGO LIMA,REVENDEDOR,CONCLUÍDO
PED-05160,2024-11-06,MONITOR,,,0.179,CENTRO-OESTE,BRUNO COSTA,TELEVENDAS,PENDENTE
PED-08927,2024-08-21,NOTEBOOK,113,,0.494,SUDESTE,BRUNO COSTA,ONLINE,CANCELADO
PED-00991,,TABLET,,,0.0,SUDESTE,DIEGO LIMA,LOJA FÍSICA,CANCELADO
PED-03983,,NOTEBOOK,199,,0.437,NORTE,ANA SILVA,LOJA FÍSICA,CONCLUÍDO
PED-01603,2023-05-04,MONITOR,999999,,0.0,SUL,DIEGO LIMA,TELEVENDAS,CANCELADO
PED-06722,2022-12-04,IMPRESSORA,396,7915.53,0.0,NORTE,ANA SILVA,REVENDEDOR,CONCLUÍDO
PED-01046,2024-11-07,HD EXTERNO,,9153.0,0.0,SUL,ANA SILVA,LOJA FÍSICA,CONCLUÍDO
PED-03591,2022-06-17,HD EXTERNO,101,,0.0,SUL,BRUNO COSTA,ONLINE,PENDENTE
PED-05653,2022-05-14,WEBCAM,239,,0.044000000000000004,SUL,DIEGO LIMA,ONLINE,CONCLUÍDO
PED-01108,2024-02-12,WEBCAM,145,,0.26,SUL,ELENA SOUZA,LOJA FÍSICA,CANCELADO
PED-06014,,MOUSE,27,1153.39,0.0,NORTE,DIEGO LIMA,LOJA FÍSICA,PENDENTE
PED-03010,2023-06-11,WEBCAM,,,0.4,NORDESTE,ANA SILVA,TELEVENDAS,PENDENTE
PED-08762,2023-09-20,MOUSE,,,0.304,NORDESTE,ELENA SOUZA,LOJA FÍSICA,PENDENTE
PED-94664,2023-10-26,TABLET,,13098.65,0.0,NORTE,DIEGO LIMA,LOJA FÍSICA,PENDENTE
PED-49701,2022-10-17,TECLADO,281,,0.0,SUL,BRUNO COSTA,ONLINE,PENDENTE
PED-05864,2024-11-26,TABLET,398,,0.0,NORTE,DIEGO LIMA,ONLINE,PENDENTE
PED-08360,2022-09-13,WEBCAM,,9127.76,0.068,NORTE,ANA SILVA,ONLINE,CONCLUÍDO
PED-06830,2023-09-27,NOTEBOOK,,250.27,0.42,SUDESTE,ANA SILVA,LOJA FÍSICA,CONCLUÍDO
PED-09448,2023-08-12,HD EXTERNO,223,8278.53,0.19,NORDESTE,ANA SILVA,TELEVENDAS,PENDENTE
PED-02172,2022-04-18,HEADSET,999999,13105.07,0.29,NORDESTE,CARLA MENDES,ONLINE,CONCLUÍDO
PED-07856,2022-10-08,SMARTPHONE,34,,0.0,NORTE,CARLA MENDES,ONLINE,CONCLUÍDO
PED-01565,,HEADSET,,,0.0,SUL,CARLA MENDES,REVENDEDOR,PENDENTE
PED-01839,2024-01-24,IMPRESSORA,,6954.97,0.127,NORTE,BRUNO COSTA,ONLINE,CANCELADO
PED-05183,2022-09-03,TABLET,,4788.82,0.347,NORTE,BRUNO COSTA,REVENDEDOR,CONCLUÍDO
PED-04897,2023-04-09,SMARTPHONE,331,,0.057,SUL,CARLA MENDES,ONLINE,EM ANÁLISE
PED-02965,2024-10-27,SMARTPHONE,,,1.0,SUDESTE,ANA SILVA,REVENDEDOR,PENDENTE
PED-05896,2023-03-04,IMPRESSORA,472,12012.7,0.0,SUDESTE,ELENA SOUZA,LOJA FÍSICA,CONCLUÍDO
PED-08489,2023-10-15,WEBCAM,,,0.31,SUDESTE,ANA SILVA,LOJA FÍSICA,CONCLUÍDO
PED-06596,2022-10-24,MOUSE,,4239.82,1.0,NORTE,BRUNO COSTA,TELEVENDAS,CONCLUÍDO
PED-03130,2022-02-17,NOTEBOOK,,5362.61,0.0,NORTE,DIEGO LIMA,ONLINE,CANCELADO
PED-02839,2022-08-07,MONITOR,,,0.0,SUL,ANA SILVA,ONLINE,CONCLUÍDO
PED-05513,,MOUSE,999999,,0.0,NORDESTE,ELENA SOUZA,ONLINE,CONCLUÍDO
PED-00958,2022-08-04,MOUSE,,,0.28600000000000003,SUL,DIEGO LIMA,TELEVENDAS,PENDENTE
PED-02182,2023-11-12,HEADSET,15,8682.35,0.175,SUL,ANA SILVA,LOJA FÍSICA,CONCLUÍDO
PED-02626,2022-01-03,HD EXTERNO,396,,0.0,NORTE,ELENA SOUZA,REVENDEDOR,CONCLUÍDO
PED-05587,2022-01-07,MONITOR,498,,0.0,NORDESTE,ANA SILVA,ONLINE,CANCELADO
PED-01951,,IMPRESSORA,,,0.19,NORTE,ANA SILVA,ONLINE,EM ANÁLISE
PED-07588,2023-03-09,HEADSET,,,0.285,CENTRO-OESTE,ANA SILVA,LOJA FÍSICA,CONCLUÍDO
PED-01901,,HEADSET,,14139.92,0.0,NORTE,ANA SILVA,ONLINE,PENDENTE
PED-37106,2023-10-18,MONITOR,999999,13439.58,0.215,SUDESTE,DIEGO LIMA,ONLINE,EM ANÁLISE
PED-08297,,MONITOR,999999,12943.59,1.0,NORTE,ANA SILVA,REVENDEDOR,CANCELADO
PED-06541,,TABLET,439,,1.0,NORTE,ELENA SOUZA,LOJA FÍSICA,EM ANÁLISE
PED-06508,2022-12-26,TECLADO,,,0.0,NORDESTE,CARLA MENDES,LOJA FÍSICA,CANCELADO
PED-02770,,NOTEBOOK,242,11167.94,0.44,SUL,ELENA SOUZA,LOJA FÍSICA,PENDENTE
PED-00223,2024-03-20,HD EXTERNO,,2422.07,0.371,SUL,ELENA SOUZA,TELEVENDAS,CONCLUÍDO
PED-06792,2022-03-14,HD EXTERNO,,68.81,1.0,SUL,ANA SILVA,LOJA FÍSICA,EM ANÁLISE
PED-06754,2024-05-11,TECLADO,369,14842.14,1.0,SUL,ELENA SOUZA,LOJA FÍSICA,CONCLUÍDO
PED-00864,2022-10-07,WEBCAM,,7061.91,0.0,NORDESTE,ANA SILVA,TELEVENDAS,EM ANÁLISE
PED-09622,2024-12-26,MONITOR,,11981.46,0.0,SUDESTE,NAN,LOJA FÍSICA,CONCLUÍDO
PED-06738,,WEBCAM,375,215.0,0.46,CENTRO-OESTE,DIEGO LIMA,ONLINE,CONCLUÍDO
PED-01803,2024-07-23,MOUSE,359,4864.63,0.0,SUDESTE,CARLA MENDES,LOJA FÍSICA,PENDENTE
PED-03292,,WEBCAM,,2694.29,0.223,NORTE,ANA SILVA,REVENDEDOR,CANCELADO
PED-01570,2024-03-06,HD EXTERNO,104,11437.46,0.453,SUL,ANA SILVA,LOJA FÍSICA,EM ANÁLISE
PED-04365,,TECLADO,999999,11390.65,0.14300000000000002,SUL,CARLA MENDES,LOJA FÍSICA,EM ANÁLISE
PED-02032,,MOUSE,,9583.04,0.0,NORTE,ANA SILVA,LOJA FÍSICA,EM ANÁLISE
PED-04489,2022-03-22,MOUSE,,3998.14,1.0,SUL,CARLA MENDES,TELEVENDAS,PENDENTE
PED-71002,,NOTEBOOK,999999,7337.91,0.196,SUDESTE,DIEGO LIMA,ONLINE,CONCLUÍDO
PED-08461,,MONITOR,300,,0.334,SUDESTE,DIEGO LIMA,REVENDEDOR,EM ANÁLISE
PED-05639,,NOTEBOOK,999999,3333.0,0.14,NORTE,CARLA MENDES,ONLINE,CONCLUÍDO
PED-01405,2022-01-17,WEBCAM,191,,0.213,SUL,ANA SILVA,TELEVENDAS,PENDENTE
PED-07471,2024-05-16,TABLET,401,,1.0,SUDESTE,CARLA MENDES,REVENDEDOR,CONCLUÍDO
PED-02161,2024-02-24,TECLADO,79,,0.33399999999999996,NORDESTE,BRUNO COSTA,ONLINE,CONCLUÍDO
PED-02267,2022-06-19,TECLADO,244,223.77,0.0,CENTRO-OESTE,ELENA SOUZA,ONLINE,CANCELADO
PED-07877,2022-11-26,SMARTPHONE,,,0.0,SUL,CARLA MENDES,TELEVENDAS,EM ANÁLISE
PED-06461,2023-03-25,IMPRESSORA,,1695.0,1.0,NORDESTE,CARLA MENDES,ONLINE,PENDENTE
PED-05541,2024-11-15,TECLADO,,8980.54,0.0,CENTRO-OESTE,ELENA SOUZA,ONLINE,PENDENTE
PED-35921,2024-04-06,SMARTPHONE,298,3163.86,0.313,NORTE,ELENA SOUZA,ONLINE,PENDENTE
PED-05790,,SMARTPHONE,,14704.86,1.0,CENTRO-OESTE,ANA SILVA,TELEVENDAS,CONCLUÍDO
PED-06658,2023-09-11,TABLET,137,,0.3,SUDESTE,ANA SILVA,LOJA FÍSICA,EM ANÁLISE
PED-00620,2023-12-05,TABLET,,11103.66,0.388,SUDESTE,ELENA SOUZA,REVENDEDOR,CONCLUÍDO
PED-02424,2022-09-15,HD EXTERNO,,,0.11800000000000001,NORTE,CARLA MENDES,LOJA FÍSICA,CONCLUÍDO
PED-07100,2022-12-10,IMPRESSORA,999999,2266.43,0.0,CENTRO-OESTE,DIEGO LIMA,REVENDEDOR,CANCELADO
PED-07738,2023-06-06,MONITOR,999999,,0.14,NORDESTE,BRUNO COSTA,LOJA FÍSICA,CANCELADO
PED-00457,2023-11-17,TECLADO,116,3062.14,0.0,NORTE,DIEGO LIMA,LOJA FÍSICA,PENDENTE
PED-04596,,WEBCAM,286,5450.16,0.453,SUL,DIEGO LIMA,TELEVENDAS,EM ANÁLISE
PED-09444,,NOTEBOOK,,,0.146,SUDESTE,CARLA MENDES,TELEVENDAS,CONCLUÍDO
PED-07221,2022-05-18,TABLET,,,0.0,SUL,DIEGO LIMA,REVENDEDOR,CONCLUÍDO
PED-05147,2022-03-09,HEADSET,141,10270.58,0.013000000000000001,SUDESTE,DIEGO LIMA,LOJA FÍSICA,EM ANÁLISE
PED-08071,2023-06-28,NOTEBOOK,423,,0.35100000000000003,SUDESTE,BRUNO COSTA,LOJA FÍSICA,CONCLUÍDO
PED-00543,,IMPRESSORA,,5415.48,0.0,NORTE,BRUNO COSTA,LOJA FÍSICA,CANCELADO
PED-01033,2024-10-11,IMPRESSORA,,6105.74,0.342,SUL,DIEGO LIMA,ONLINE,PENDENTE
PED-05310,2024-10-01,HD EXTERNO,,,0.137,SUDESTE,ELENA SOUZA,REVENDEDOR,CONCLUÍDO
PED-00315,2022-11-17,TABLET,486,5680.24,0.093,SUDESTE,ANA SILVA,REVENDEDOR,CONCLUÍDO
PED-08174,,MONITOR,999999,7582.86,0.0,SUDESTE,ANA SILVA,LOJA FÍSICA,EM ANÁLISE
PED-00520,2024-05-07,HD EXTERNO,370,564.44,0.0,NORTE,ANA SILVA,LOJA FÍSICA,CONCLUÍDO
PED-00338,2022-07-11,IMPRESSORA,,,0.38,NORDESTE,ELENA SOUZA,TELEVENDAS,CONCLUÍDO
PED-03610,,WEBCAM,,,0.0,SUL,DIEGO LIMA,LOJA FÍSICA,PENDENTE
PED-30424,,HEADSET,443,11435.0,0.0,NORTE,BRUNO COSTA,ONLINE,PENDENTE
PED-00112,,MONITOR,,2406.78,0.294,SUDESTE,DIEGO LIMA,REVENDEDOR,PENDENTE
PED-02558,2023-07-23,TABLET,218,10136.0,0.0,NORDESTE,ANA SILVA,LOJA FÍSICA,CONCLUÍDO
PED-07060,2024-04-03,TABLET,,,0.306,SUL,CARLA MENDES,ONLINE,CANCELADO
PED-00212,,NOTEBOOK,,,0.0,NORDESTE,BRUNO COSTA,ONLINE,EM ANÁLISE
PED-06518,2024-03-05,TABLET,,5398.23,0.0,SUL,ELENA SOUZA,ONLINE,CONCLUÍDO
PED-00693,2022-02-04,WEBCAM,,5023.06,0.0,NORTE,CARLA MENDES,LOJA FÍSICA,EM ANÁLISE
PED-02369,2024-07-01,NOTEBOOK,,,0.467,NORTE,ELENA SOUZA,LOJA FÍSICA,CONCLUÍDO
PED-01939,,HD EXTERNO,,7825.83,1.0,SUDESTE,BRUNO COSTA,LOJA FÍSICA,EM ANÁLISE
PED-06751,2022-10-20,NOTEBOOK,43,,0.0,SUL,DIEGO LIMA,TELEVENDAS,CONCLUÍDO
PED-08645,2022-09-01,MOUSE,333,1130.16,0.042,NORTE,CARLA MENDES,ONLINE,EM ANÁLISE
PED-01067,2023-02-25,TABLET,65,8234.17,0.0,NORTE,BRUNO COSTA,ONLINE,EM ANÁLISE
PED-02309,2024-10-26,TECLADO,322,2485.62,1.0,NORTE,CARLA MENDES,ONLINE,CANCELADO
PED-09355,2024-04-18,MONITOR,439,152.34,0.465,SUL,ELENA SOUZA,LOJA FÍSICA,CONCLUÍDO
PED-04494,2024-10-10,HEADSET,,,0.0,NORTE,CARLA MENDES,ONLINE,CONCLUÍDO
PED-00145,2022-10-23,SMARTPHONE,,,0.383,NORTE,CARLA MENDES,ONLINE,PENDENTE
PED-06749,2023-08-26,TABLET,,7074.08,0.32,SUL,DIEGO LIMA,ONLINE,PENDENTE
PED-01185,2024-01-12,NOTEBOOK,459,,0.26,SUL,ANA SILVA,TELEVENDAS,CANCELADO
PED-01207,,WEBCAM,202,,0.0,NORTE,ELENA SOUZA,LOJA FÍSICA,EM ANÁLISE
PED-01446,2022-12-10,MONITOR,324,6972.65,0.01,SUL,BRUNO COSTA,ONLINE,EM ANÁLISE
PED-04386,2024-07-16,WEBCAM,318,,0.5,SUL,CARLA MENDES,REVENDEDOR,CONCLUÍDO
PED-01358,2024-01-27,MOUSE,,,0.10099999999999999,CENTRO-OESTE,BRUNO COSTA,TELEVENDAS,CANCELADO
PED-02351,2023-12-08,WEBCAM,256,7805.34,0.31,NORDESTE,DIEGO LIMA,ONLINE,CONCLUÍDO
PED-90309,,SMARTPHONE,498,,0.421,SUL,ANA SILVA,TELEVENDAS,PENDENTE
PED-02100,,MONITOR,,6580.9,0.0,CENTRO-OESTE,CARLA MENDES,LOJA FÍSICA,CANCELADO
PED-05332,,WEBCAM,,,0.02,CENTRO-OESTE,BRUNO COSTA,ONLINE,PENDENTE
PED-90492,2024-07-27,NOTEBOOK,,,0.0,NORTE,DIEGO LIMA,TELEVENDAS,CONCLUÍDO
PED-06740,2023-12-22,MOUSE,349,,0.491,NORTE,ANA SILVA,ONLINE,CONCLUÍDO
PED-05961,,TECLADO,,3910.29,1.0,NORDESTE,BRUNO COSTA,ONLINE,PENDENTE
PED-01408,2024-03-28,HD EXTERNO,,,1.0,SUDESTE,CARLA MENDES,TELEVENDAS,CONCLUÍDO
PED-00217,,TABLET,999999,5431.0,0.0,SUL,CARLA MENDES,TELEVENDAS,CANCELADO
PED-05835,2022-02-17,MONITOR,256,3254.33,0.002,NORTE,ANA SILVA,LOJA FÍSICA,CANCELADO
PED-05186,2022-04-12,SMARTPHONE,274,,0.23,SUL,ANA SILVA,ONLINE,PENDENTE
PED-04889,,TABLET,431,,0.0,NORTE,ELENA SOUZA,LOJA FÍSICA,EM ANÁLISE
PED-02209,2023-07-18,TABLET,,7942.0,0.0,NORDESTE,ANA SILVA,LOJA FÍSICA,EM ANÁLISE
PED-04314,,HEADSET,183,14099.47,1.0,NORTE,ELENA SOUZA,LOJA FÍSICA,CONCLUÍDO
PED-02876,2024-08-17,SMARTPHONE,137,,0.0,SUL,CARLA MENDES,REVENDEDOR,PENDENTE
PED-04971,2024-07-09,TECLADO,,11837.1,0.36,SUL,ANA SILVA,ONLINE,EM ANÁLISE
PED-03401,2024-04-16,WEBCAM,,7610.81,1.0,NORDESTE,DIEGO LIMA,ONLINE,CONCLUÍDO
PED-07729,2024-05-19,HD EXTERNO,,11763.6,1.0,SUDESTE,ELENA SOUZA,REVENDEDOR,CANCELADO
PED-01005,2024-08-11,HEADSET,,,0.05,NORTE,ANA SILVA,LOJA FÍSICA,CONCLUÍDO
PED-06929,2022-04-12,TECLADO,,5308.0,0.184,SUDESTE,BRUNO COSTA,TELEVENDAS,EM ANÁLISE
PED-68150,2022-08-11,TABLET,,,0.0,NORTE,CARLA MENDES,LOJA FÍSICA,CANCELADO
PED-04330,2024-12-11,HD EXTERNO,59,6739.22,0.0,CENTRO-OESTE,ELENA SOUZA,ONLINE,EM ANÁLISE
PED-09433,2024-03-17,HEADSET,,,0.0,SUDESTE,DIEGO LIMA,LOJA FÍSICA,EM ANÁLISE
PED-08772,,HD EXTERNO,,3990.98,0.0,NORTE,BRUNO COSTA,LOJA FÍSICA,EM ANÁLISE
PED-03173,2023-02-22,NOTEBOOK,487,,0.278,CENTRO-OESTE,ANA SILVA,LOJA FÍSICA,EM ANÁLISE
PED-55599,,IMPRESSORA,421,10811.0,0.17600000000000002,NORDESTE,CARLA MENDES,TELEVENDAS,PENDENTE
PED-09244,,HD EXTERNO,999999,,0.0,NORTE,BRUNO COSTA,REVENDEDOR,EM ANÁLISE
PED-06563,2023-06-25,HEADSET,144,1302.84,0.0,SUL,DIEGO LIMA,LOJA FÍSICA,PENDENTE
PED-06037,2024-11-04,NOTEBOOK,212,,0.46799999999999997,SUL,CARLA MENDES,TELEVENDAS,PENDENTE
PED-06293,2024-08-14,NOTEBOOK,79,,0.0,SUDESTE,ELENA SOUZA,ONLINE,PENDENTE
PED-02377,2023-04-09,TECLADO,,2189.0,0.0,NORDESTE,CARLA MENDES,LOJA FÍSICA,CONCLUÍDO
PED-06061,2023-06-26,HD EXTERNO,,,0.0,SUDESTE,ANA SILVA,REVENDEDOR,CONCLUÍDO
PED-15412,,NOTEBOOK,417,,0.0,SUL,DIEGO LIMA,ONLINE,EM ANÁLISE
PED-01980,,TECLADO,444,3807.0,0.243,CENTRO-OESTE,CARLA MENDES,REVENDEDOR,CANCELADO
PED-04278,,MOUSE,,11924.54,0.0,CENTRO-OESTE,ANA SILVA,ONLINE,CANCELADO
PED-07993,2022-12-01,MOUSE,,,0.0,NORTE,CARLA MENDES,LOJA FÍSICA,EM ANÁLISE
PED-07279,,HD EXTERNO,,,0.432,SUDESTE,ANA SILVA,LOJA FÍSICA,CONCLUÍDO
PED-05477,2022-01-27,MONITOR,,,0.382,CENTRO-OESTE,ANA SILVA,REVENDEDOR,CONCLUÍDO
PED-00751,2023-04-27,HD EXTERNO,84,4820.51,0.0,SUL,BRUNO COSTA,ONLINE,CANCELADO
PED-02238,2022-12-11,MONITOR,,11362.0,0.035,SUDESTE,BRUNO COSTA,LOJA FÍSICA,EM ANÁLISE
PED-04594,2023-11-21,SMARTPHONE,,,0.0,SUDESTE,DIEGO LIMA,TELEVENDAS,CONCLUÍDO
PED-06845,2022-05-05,MONITOR,999999,,0.0,SUL,DIEGO LIMA,ONLINE,PENDENTE
PED-06794,,HEADSET,427,11573.71,0.0,NORTE,DIEGO LIMA,LOJA FÍSICA,CANCELADO
PED-04863,2024-04-10,HEADSET,110,6769.93,0.0,SUDESTE,DIEGO LIMA,LOJA FÍSICA,PENDENTE
PED-02041,,MONITOR,415,14384.48,0.294,SUL,BRUNO COSTA,LOJA FÍSICA,PENDENTE
PED-02837,,TABLET,,9005.88,0.21,SUL,BRUNO COSTA,ONLINE,PENDENTE
PED-00031,2023-07-21,WEBCAM,473,1088.29,0.242,NORDESTE,ANA SILVA,LOJA FÍSICA,PENDENTE
PED-05570,,HEADSET,,9119.15,0.0,SUL,CARLA MENDES,REVENDEDOR,CANCELADO
PED-08192,2022-05-01,MOUSE,103,10203.37,0.246,SUDESTE,CARLA MENDES,LOJA FÍSICA,PENDENTE
PED-08697,2022-05-18,SMARTPHONE,,12588.16,0.09300000000000001,SUDESTE,BRUNO COSTA,TELEVENDAS,PENDENTE
PED-07550,2022-06-28,WEBCAM,,,0.29,SUDESTE,BRUNO COSTA,REVENDEDOR,CONCLUÍDO
PED-07163,2023-12-08,WEBCAM,90,,0.14400000000000002,NORTE,ANA SILVA,REVENDEDOR,PENDENTE
PED-02789,,MONITOR,,3854.32,0.179,NORTE,ELENA SOUZA,TELEVENDAS,CANCELADO
PED-03672,2022-06-11,HEADSET,,5239.81,0.337,SUL,DIEGO LIMA,REVENDEDOR,CANCELADO
PED-09232,2023-07-01,SMARTPHONE,485,,0.023,NORTE,ANA SILVA,REVENDEDOR,EM ANÁLISE
PED-01738,,NOTEBOOK,387,,1.0,NORTE,ELENA SOUZA,ONLINE,CONCLUÍDO
PED-54566,,TECLADO,455,10410.21,0.022000000000000002,SUL,ANA SILVA,TELEVENDAS,CONCLUÍDO
PED-01862,,SMARTPHONE,,2402.49,0.02,NORTE,BRUNO COSTA,TELEVENDAS,CONCLUÍDO
PED-09192,,TECLADO,,,0.0,SUL,ANA SILVA,LOJA FÍSICA,CANCELADO
PED-04227,2022-01-21,HEADSET,,3276.94,0.142,SUL,DIEGO LIMA,TELEVENDAS,CANCELADO
PED-91943,2024-04-13,TABLET,230,14186.61,0.182,NORTE,CARLA MENDES,TELEVENDAS,CONCLUÍDO
PED-06477,2024-03-10,TABLET,,,0.0,SUL,BRUNO COSTA,ONLINE,CONCLUÍDO
PED-05661,,SMARTPHONE,,,0.0,NORTE,CARLA MENDES,ONLINE,PENDENTE
PED-07283,2023-07-15,TECLADO,,442.0,0.0,SUL,ANA SILVA,REVENDEDOR,EM ANÁLISE
PED-07071,2024-06-24,SMARTPHONE,300,13816.82,0.0,CENTRO-OESTE,ANA SILVA,ONLINE,CONCLUÍDO
PED-03565,2022-02-12,MOUSE,327,9364.18,0.087,SUDESTE,BRUNO COSTA,ONLINE,CONCLUÍDO
PED-04431,2024-11-27,NOTEBOOK,371,,0.0,SUDESTE,CARLA MENDES,ONLINE,EM ANÁLISE
PED-05466,2024-04-28,NOTEBOOK,240,,0.307,CENTRO-OESTE,DIEGO LIMA,REVENDEDOR,PENDENTE
PED-01789,2024-08-15,TECLADO,496,5573.22,0.0,SUL,ELENA SOUZA,LOJA FÍSICA,EM ANÁLISE
PED-04992,2023-05-09,TABLET,38,14240.79,0.0,SUDESTE,BRUNO COSTA,LOJA FÍSICA,PENDENTE
PED-06943,,MONITOR,999999,,0.42700000000000005,SUL,CARLA MENDES,TELEVENDAS,CONCLUÍDO
PED-00590,2023-04-20,MONITOR,,14339.0,0.0,SUL,DIEGO LIMA,TELEVENDAS,CONCLUÍDO
PED-00065,,SMARTPHONE,,,0.0,CENTRO-OESTE,ELENA SOUZA,REVENDEDOR,CONCLUÍDO
PED-09706,,TABLET,,,0.428,CENTRO-OESTE,BRUNO COSTA,REVENDEDOR,PENDENTE
PED-03730,2022-08-18,IMPRESSORA,384,,0.303,NORTE,DIEGO LIMA,ONLINE,PENDENTE
PED-00048,2022-08-27,SMARTPHONE,,10885.83,0.34,CENTRO-OESTE,BRUNO COSTA,TELEVENDAS,CONCLUÍDO
PED-09703,2022-11-26,NOTEBOOK,183,,0.0,NORDESTE,DIEGO LIMA,ONLINE,CANCELADO
PED-04741,2024-10-04,HEADSET,41,7212.0,0.392,NORTE,BRUNO COSTA,LOJA FÍSICA,EM ANÁLISE
PED-06221,,SMARTPHONE,196,,0.397,NORTE,BRUNO COSTA,LOJA FÍSICA,CANCELADO
PED-07189,2023-06-03,TECLADO,198,3834.6,0.319,NORDESTE,ELENA SOUZA,ONLINE,CONCLUÍDO
PED-07760,2024-11-23,MONITOR,,,0.44,CENTRO-OESTE,CARLA MENDES,ONLINE,EM ANÁLISE
PED-01709,2023-02-26,TABLET,,1907.6,0.42700000000000005,SUDESTE,ELENA SOUZA,REVENDEDOR,CONCLUÍDO
PED-03239,2024-03-11,SMARTPHONE,22,,0.0,NORDESTE,DIEGO LIMA,LOJA FÍSICA,PENDENTE
PED-07944,2024-02-14,MONITOR,,10370.43,1.0,NORTE,DIEGO LIMA,TELEVENDAS,PENDENTE
PED-08272,,HEADSET,,11533.47,0.48,SUDESTE,DIEGO LIMA,ONLINE,PENDENTE
PED-00771,2024-04-17,HD EXTERNO,,,0.0,SUL,CARLA MENDES,REVENDEDOR,CANCELADO
PED-08964,2024-10-16,MONITOR,468,12493.63,0.092,NORDESTE,ELENA SOUZA,LOJA FÍSICA,CONCLUÍDO
PED-06628,2023-08-14,SMARTPHONE,,,0.01,NORTE,ANA SILVA,TELEVENDAS,EM ANÁLISE
PED-06469,2023-06-19,SMARTPHONE,464,4285.76,0.271,SUDESTE,ELENA SOUZA,ONLINE,CONCLUÍDO
PED-07216,2023-01-12,HEADSET,26,9200.07,0.434,NORTE,CARLA MENDES,LOJA FÍSICA,PENDENTE
PED-09138,2023-12-20,TECLADO,,,0.0,NORTE,ANA SILVA,LOJA FÍSICA,PENDENTE
PED-02233,2024-12-07,TABLET,,,0.0,SUDESTE,ANA SILVA,ONLINE,CONCLUÍDO
PED-01783,,IMPRESSORA,,1866.4,0.027,NORDESTE,BRUNO COSTA,ONLINE,PENDENTE
PED-06159,2024-08-04,MOUSE,,7702.64,0.0,NORTE,CARLA MENDES,LOJA FÍSICA,CONCLUÍDO
PED-07979,2023-10-06,IMPRESSORA,999999,13508.11,0.0,NORDESTE,ANA SILVA,ONLINE,CONCLUÍDO
PED-01568,2024-01-27,MONITOR,,7374.0,1.0,NORDESTE,ELENA SOUZA,TELEVENDAS,PENDENTE
PED-01304,2023-10-28,IMPRESSORA,317,,0.035,SUDESTE,BRUNO COSTA,LOJA FÍSICA,CANCELADO
PED-06361,2023-07-23,TABLET,77,,0.0,CENTRO-OESTE,BRUNO COSTA,REVENDEDOR,CONCLUÍDO
PED-03428,2023-02-12,MOUSE,442,9854.8,0.0,CENTRO-OESTE,CARLA MENDES,ONLINE,PENDENTE
PED-07985,,IMPRESSORA,444,,1.0,SUDESTE,ANA SILVA,REVENDEDOR,CONCLUÍDO
PED-08796,2022-01-22,NOTEBOOK,500,4523.79,0.0,SUL,ANA SILVA,LOJA FÍSICA,EM ANÁLISE
PED-00964,2022-02-11,IMPRESSORA,10,5635.83,0.0,SUL,ANA SILVA,REVENDEDOR,PENDENTE
PED-01934,2023-08-28,HEADSET,198,,0.0,CENTRO-OESTE,ANA SILVA,TELEVENDAS,PENDENTE
PED-01156,2023-10-09,IMPRESSORA,178,10936.77,0.0,NORTE,DIEGO LIMA,LOJA FÍSICA,CONCLUÍDO
PED-00450,2024-02-27,MONITOR,,745.07,0.0,SUDESTE,CARLA MENDES,TELEVENDAS,EM ANÁLISE
PED-04332,2024-09-16,HEADSET,,,0.48,NORDESTE,BRUNO COSTA,TELEVENDAS,EM ANÁLISE
PED-02294,,HD EXTERNO,,11531.89,0.33,CENTRO-OESTE,ANA SILVA,ONLINE,PENDENTE
PED-00004,2024-06-13,HEADSET,,,0.0,CENTRO-OESTE,ELENA SOUZA,ONLINE,CONCLUÍDO
PED-03636,2022-04-11,HEADSET,60,10199.71,0.133,NORTE,DIEGO LIMA,ONLINE,PENDENTE
PED-08672,,NOTEBOOK,140,,0.0,NORTE,DIEGO LIMA,TELEVENDAS,PENDENTE
PED-09647,,IMPRESSORA,327,4767.1,0.183,NORTE,CARLA MENDES,LOJA FÍSICA,EM ANÁLISE
PED-08035,,TABLET,,,1.0,NORTE,ELENA SOUZA,LOJA FÍSICA,PENDENTE
PED-08793,2022-10-22,SMARTPHONE,338,,0.0,SUL,DIEGO LIMA,REVENDEDOR,PENDENTE
PED-07935,2022-04-28,NOTEBOOK,108,,0.0,NORTE,CARLA MENDES,ONLINE,EM ANÁLISE
PED-07891,2024-06-12,NOTEBOOK,485,,0.054000000000000006,CENTRO-OESTE,DIEGO LIMA,REVENDEDOR,CANCELADO
PED-02091,2024-01-27,TABLET,1,14229.73,0.328,SUDESTE,CARLA MENDES,TELEVENDAS,CANCELADO
PED-06770,2023-08-24,WEBCAM,194,,0.0,NORTE,CARLA MENDES,ONLINE,CONCLUÍDO
PED-05415,,TECLADO,,14866.84,0.0,SUDESTE,ANA SILVA,ONLINE,CANCELADO
PED-05979,,NOTEBOOK,999999,,0.11,SUL,DIEGO LIMA,TELEVENDAS,CONCLUÍDO
PED-06789,,HEADSET,473,,0.0,NORTE,ANA SILVA,LOJA FÍSICA,CANCELADO
PED-06509,2023-11-21,MOUSE,,,0.0,SUL,ELENA SOUZA,LOJA FÍSICA,CANCELADO
PED-05087,2022-07-06,MONITOR,15,,0.0,NORDESTE,CARLA MENDES,TELEVENDAS,PENDENTE
PED-08840,2022-12-24,TABLET,428,9816.58,0.2,CENTRO-OESTE,ANA SILVA,LOJA FÍSICA,CONCLUÍDO
PED-02784,2023-01-10,HEADSET,,9491.0,0.025,SUDESTE,DIEGO LIMA,TELEVENDAS,CONCLUÍDO
PED-04826,,HEADSET,,4023.48,0.395,NORTE,DIEGO LIMA,LOJA FÍSICA,EM ANÁLISE
PED-07853,2024-08-21,WEBCAM,329,4338.77,0.117,CENTRO-OESTE,ANA SILVA,LOJA FÍSICA,EM ANÁLISE
PED-03197,2023-12-16,MONITOR,,,0.115,NORTE,ANA SILVA,ONLINE,PENDENTE
PED-05972,2023-12-26,IMPRESSORA,412,,0.0,CENTRO-OESTE,ANA SILVA,REVENDEDOR,PENDENTE
PED-07313,2023-02-18,HEADSET,,7691.0,0.49700000000000005,NORDESTE,BRUNO COSTA,TELEVENDAS,CONCLUÍDO
PED-00802,2024-06-19,IMPRESSORA,286,12789.96,0.37,CENTRO-OESTE,ELENA SOUZA,REVENDEDOR,CONCLUÍDO
PED-01832,2022-09-23,TECLADO,,,0.004,SUDESTE,ELENA SOUZA,REVENDEDOR,PENDENTE
PED-09215,,MOUSE,,,0.223,SUDESTE,BRUNO COSTA,REVENDEDOR,CONCLUÍDO
PED-02522,2022-02-15,TABLET,73,4429.08,0.0,NORTE,BRUNO COSTA,LOJA FÍSICA,PENDENTE
PED-01598,,IMPRESSORA,,,0.223,NORTE,BRUNO COSTA,TELEVENDAS,CONCLUÍDO
PED-09501,,MONITOR,248,,1.0,NORTE,CARLA MENDES,REVENDEDOR,CONCLUÍDO
PED-02177,2023-10-22,HEADSET,76,,0.264,NORDESTE,ANA SILVA,ONLINE,PENDENTE
PED-01856,2024-01-25,IMPRESSORA,21,,1.0,SUL,ANA SILVA,LOJA FÍSICA,CONCLUÍDO
PED-03009,,IMPRESSORA,200,14113.57,0.44,NORTE,ELENA SOUZA,LOJA FÍSICA,CONCLUÍDO
PED-47932,2023-10-26,WEBCAM,,,0.37,SUL,ANA SILVA,TELEVENDAS,CONCLUÍDO
PED-05529,,WEBCAM,,,0.132,NORTE,ANA SILVA,ONLINE,CANCELADO
PED-07488,2023-12-20,MONITOR,,12577.55,0.366,SUDESTE,CARLA MENDES,REVENDEDOR,CANCELADO
PED-06004,2024-11-06,HD EXTERNO,,,0.021,NORDESTE,BRUNO COSTA,ONLINE,EM ANÁLISE
PED-02379,2023-05-12,WEBCAM,277,14886.72,0.0,NORDESTE,CARLA MENDES,LOJA FÍSICA,PENDENTE
PED-00570,2024-06-19,MOUSE,383,1374.9,1.0,SUL,BRUNO COSTA,ONLINE,PENDENTE
PED-05118,2024-09-25,HD EXTERNO,,,0.0,SUL,CARLA MENDES,ONLINE,CANCELADO
PED-04467,2023-08-13,TECLADO,370,,0.0,NORTE,NAN,LOJA FÍSICA,EM ANÁLISE
PED-09027,,MONITOR,,,0.0,SUL,DIEGO LIMA,REVENDEDOR,PENDENTE
PED-07074,2023-04-12,MONITOR,,,0.0,SUL,BRUNO COSTA,ONLINE,PENDENTE
PED-00469,,NOTEBOOK,999999,,0.036000000000000004,SUL,BRUNO COSTA,LOJA FÍSICA,PENDENTE
PED-04163,,NOTEBOOK,351,,0.0,NORTE,DIEGO LIMA,ONLINE,PENDENTE
PED-04978,,MONITOR,426,,0.0,SUDESTE,ELENA SOUZA,ONLINE,CANCELADO
PED-03232,2022-05-25,HEADSET,217,,0.0,NORTE,ELENA SOUZA,TELEVENDAS,CONCLUÍDO
PED-03485,2022-04-26,TABLET,209,,0.096,SUDESTE,DIEGO LIMA,TELEVENDAS,CANCELADO
PED-03105,2022-04-20,TECLADO,84,997.0,0.046,SUL,ELENA SOUZA,LOJA FÍSICA,PENDENTE
PED-04843,2022-05-07,SMARTPHONE,390,,0.22,SUL,CARLA MENDES,TELEVENDAS,CANCELADO
PED-02451,2024-08-28,TECLADO,999999,,0.0,SUDESTE,ANA SILVA,TELEVENDAS,CANCELADO
PED-00286,2022-08-21,MONITOR,429,13245.35,0.8,SUL,BRUNO COSTA,LOJA FÍSICA,CANCELADO
PED-01663,,NOTEBOOK,,,0.0,SUDESTE,ANA SILVA,LOJA FÍSICA,CONCLUÍDO
PED-35787,,MONITOR,443,3582.05,0.011,SUL,ELENA SOUZA,REVENDEDOR,CANCELADO
PED-36039,,HEADSET,351,12261.11,0.061,SUDESTE,DIEGO LIMA,REVENDEDOR,CONCLUÍDO
PED-01824,2023-02-23,SMARTPHONE,72,,0.0,SUL,ELENA SOUZA,ONLINE,EM ANÁLISE
PED-00400,2024-01-07,HEADSET,999999,,0.039,SUDESTE,ELENA SOUZA,LOJA FÍSICA,PENDENTE
PED-09369,2024-01-15,MONITOR,11,9597.9,0.0,SUL,ANA SILVA,ONLINE,CONCLUÍDO
PED-09057,2023-11-14,TECLADO,,,0.0,NORTE,BRUNO COSTA,ONLINE,EM ANÁLISE
PED-06201,2024-03-13,NOTEBOOK,999999,2078.99,0.0,SUL,CARLA MENDES,ONLINE,EM ANÁLISE
PED-09283,2024-03-28,TECLADO,,,0.0,NORTE,BRUNO COSTA,REVENDEDOR,EM ANÁLISE
PED-07220,2022-11-14,TECLADO,426,2770.76,0.159,SUL,CARLA MENDES,REVENDEDOR,EM ANÁLISE
PED-94114,2024-08-26,MONITOR,,,0.0,NORTE,CARLA MENDES,LOJA FÍSICA,EM ANÁLISE
PED-01994,2023-12-25,TECLADO,,1805.34,0.0,SUL,DIEGO LIMA,LOJA FÍSICA,EM ANÁLISE
PED-06124,,HD EXTERNO,282,1523.05,0.0,SUL,CARLA MENDES,LOJA FÍSICA,CONCLUÍDO
PED-03972,2023-07-19,HD EXTERNO,458,,0.14,NORTE,DIEGO LIMA,LOJA FÍSICA,CANCELADO
PED-07028,2022-03-22,TABLET,,,0.0,NORTE,ANA SILVA,LOJA FÍSICA,EM ANÁLISE
PED-05484,2022-03-03,NOTEBOOK,37,7547.0,0.437,CENTRO-OESTE,CARLA MENDES,ONLINE,CONCLUÍDO
PED-09831,2024-11-06,TECLADO,,2366.6,0.174,SUDESTE,ANA SILVA,REVENDEDOR,CONCLUÍDO
PED-03582,2022-03-07,HEADSET,4,5237.1,0.07,SUDESTE,ANA SILVA,LOJA FÍSICA,EM ANÁLISE
PED-02844,,HD EXTERNO,345,4708.32,0.192,SUDESTE,CARLA MENDES,REVENDEDOR,CONCLUÍDO
PED-03780,2024-03-27,WEBCAM,286,12036.75,0.01,SUL,DIEGO LIMA,LOJA FÍSICA,EM ANÁLISE
PED-01402,2024-05-13,MOUSE,134,,1.0,CENTRO-OESTE,BRUNO COSTA,REVENDEDOR,CONCLUÍDO
PED-06578,2023-05-21,HEADSET,228,,0.46399999999999997,NORTE,BRUNO COSTA,LOJA FÍSICA,EM ANÁLISE
PED-04071,2023-06-23,MONITOR,8,5643.92,0.0,SUL,BRUNO COSTA,REVENDEDOR,EM ANÁLISE
PED-09694,2022-06-22,TABLET,,,1.0,SUDESTE,ELENA SOUZA,TELEVENDAS,CONCLUÍDO
PED-06892,2023-03-05,MONITOR,999999,2801.84,0.35,CENTRO-OESTE,BRUNO COSTA,TELEVENDAS,CONCLUÍDO
PED-08612,,NOTEBOOK,155,416.71,0.408,CENTRO-OESTE,ANA SILVA,ONLINE,CONCLUÍDO
PED-08268,2024-11-12,TABLET,160,1738.71,0.35,NORTE,CARLA MENDES,TELEVENDAS,EM ANÁLISE
PED-09220,2022-07-15,MOUSE,146,10153.3,0.49200000000000005,SUDESTE,CARLA MENDES,LOJA FÍSICA,CONCLUÍDO
PED-07670,2024-01-22,MOUSE,,,0.057,CENTRO-OESTE,DIEGO LIMA,REVENDEDOR,CONCLUÍDO
PED-08696,,HEADSET,,9165.6,0.0,NORTE,DIEGO LIMA,REVENDEDOR,CONCLUÍDO
PED-06016,2024-11-18,TABLET,,9223.27,0.288,CENTRO-OESTE,DIEGO LIMA,ONLINE,CANCELADO
PED-09705,,HEADSET,,,0.049,CENTRO-OESTE,ANA SILVA,TELEVENDAS,CONCLUÍDO
PED-07162,2024-07-17,TABLET,,4290.77,0.0,NORDESTE,BRUNO COSTA,ONLINE,CONCLUÍDO
PED-07918,2022-09-25,NAN,999999,11695.89,0.134,NORTE,ELENA SOUZA,ONLINE,PENDENTE
PED-08186,,TECLADO,,,0.0,SUDESTE,BRUNO COSTA,LOJA FÍSICA,PENDENTE
PED-05013,2024-03-06,HD EXTERNO,204,2952.97,0.39,SUDESTE,ELENA SOUZA,LOJA FÍSICA,EM ANÁLISE
PED-03986,,IMPRESSORA,45,12607.02,0.0,NORTE,DIEGO LIMA,ONLINE,PENDENTE
PED-07353,2022-04-08,WEBCAM,88,,0.119,SUL,DIEGO LIMA,LOJA FÍSICA,CANCELADO
PED-01642,2023-04-01,MONITOR,299,9468.3,0.0,SUDESTE,DIEGO LIMA,ONLINE,CANCELADO
PED-01889,,WEBCAM,,,0.066,NORDESTE,CARLA MENDES,LOJA FÍSICA,PENDENTE
PED-02183,2022-07-01,NAN,6,,0.339,NORTE,CARLA MENDES,ONLINE,CANCELADO
PED-07299,,TECLADO,,3257.08,0.0,SUL,BRUNO COSTA,TELEVENDAS,CANCELADO
PED-07456,2023-08-16,MOUSE,999999,9844.0,0.495,SUDESTE,ELENA SOUZA,TELEVENDAS,CANCELADO
PED-09383,,MONITOR,,,0.331,SUDESTE,DIEGO LIMA,LOJA FÍSICA,CONCLUÍDO
PED-87097,,MOUSE,,4361.71,0.363,NORTE,BRUNO COSTA,REVENDEDOR,PENDENTE
PED-05596,,SMARTPHONE,43,,0.0,SUL,ELENA SOUZA,LOJA FÍSICA,CONCLUÍDO
PED-05904,2023-03-24,NOTEBOOK,392,7857.18,0.0,CENTRO-OESTE,DIEGO LIMA,LOJA FÍSICA,CANCELADO
PED-04440,,HD EXTERNO,69,,0.32,NORTE,ANA SILVA,LOJA FÍSICA,EM ANÁLISE
PED-00422,2024-08-23,WEBCAM,,6562.7,0.048,NORTE,ANA SILVA,LOJA FÍSICA,EM ANÁLISE
PED-02081,2024-06-07,MOUSE,999999,,0.0,NORTE,ANA SILVA,ONLINE,CONCLUÍDO
PED-00522,2023-03-02,MONITOR,,11302.71,0.336,SUL,CARLA MENDES,TELEVENDAS,CONCLUÍDO
PED-09129,,SMARTPHONE,362,11922.0,0.251,SUL,ELENA SOUZA,LOJA FÍSICA,CANCELADO
PED-08629,2023-09-02,TABLET,,,0.0,NORTE,DIEGO LIMA,LOJA FÍSICA,CONCLUÍDO
PED-08031,2022-09-13,TABLET,236,13673.53,0.20600000000000002,SUL,CARLA MENDES,LOJA FÍSICA,CONCLUÍDO
PED-01157,2022-01-08,HEADSET,,12819.23,0.0,SUL,ELENA SOUZA,LOJA FÍSICA,CANCELADO
PED-07249,2023-05-21,TECLADO,,4389.0,0.0,SUDESTE,CARLA MENDES,REVENDEDOR,PENDENTE
PED-07367,,NOTEBOOK,999999,,0.0,SUDESTE,BRUNO COSTA,LOJA FÍSICA,EM ANÁLISE
PED-06661,2023-05-04,MONITOR,,14419.0,0.42200000000000004,NORTE,CARLA MENDES,ONLINE,PENDENTE
PED-04793,2024-02-13,MONITOR,338,,0.03,NORTE,DIEGO LIMA,REVENDEDOR,CONCLUÍDO
PED-07517,2023-12-22,NOTEBOOK,374,,0.0,SUDESTE,ANA SILVA,LOJA FÍSICA,EM ANÁLISE
PED-35883,,MONITOR,318,3177.21,1.0,NORDESTE,BRUNO COSTA,TELEVENDAS,PENDENTE
PED-06721,2023-10-02,TABLET,,,0.026,NORTE,CARLA MENDES,ONLINE,EM ANÁLISE
PED-04981,,HEADSET,275,,0.32299999999999995,SUDESTE,BRUNO COSTA,ONLINE,PENDENTE
PED-05045,2024-01-08,HD EXTERNO,,,0.0,SUL,CARLA MENDES,LOJA FÍSICA,PENDENTE
PED-01857,2022-06-27,MONITOR,,,0.109,SUDESTE,CARLA MENDES,ONLINE,EM ANÁLISE
PED-03441,2024-10-15,TECLADO,10,2924.0,0.0,NORDESTE,DIEGO LIMA,TELEVENDAS,CONCLUÍDO
PED-08568,2022-09-03,MOUSE,,8874.91,0.0,SUL,DIEGO LIMA,LOJA FÍSICA,EM ANÁLISE
PED-03939,2024-10-04,MOUSE,262,,0.0,NORTE,BRUNO COSTA,REVENDEDOR,PENDENTE
PED-05605,2023-09-05,MONITOR,,11043.0,0.0,SUDESTE,ELENA SOUZA,REVENDEDOR,CONCLUÍDO
PED-00752,,NOTEBOOK,,,0.0,SUL,CARLA MENDES,REVENDEDOR,PENDENTE
PED-09232,2023-03-04,IMPRESSORA,429,,0.201,NORTE,DIEGO LIMA,TELEVENDAS,PENDENTE
PED-01489,2022-02-20,WEBCAM,999999,,0.0,NORTE,CARLA MENDES,TELEVENDAS,CANCELADO
PED-07497,2024-07-24,HEADSET,,2354.01,0.146,CENTRO-OESTE,CARLA MENDES,LOJA FÍSICA,CONCLUÍDO
PED-22196,2023-03-13,MONITOR,483,9332.17,0.266,NORTE,DIEGO LIMA,ONLINE,PENDENTE
PED-09011,,MOUSE,6,,0.0,NORTE,ANA SILVA,LOJA FÍSICA,CANCELADO
PED-09919,2024-12-25,WEBCAM,67,11189.32,0.0,CENTRO-OESTE,DIEGO LIMA,REVENDEDOR,PENDENTE
PED-05288,,TABLET,17,4490.07,0.0,SUDESTE,DIEGO LIMA,LOJA FÍSICA,CONCLUÍDO
PED-01928,2023-05-17,HEADSET,,14227.27,0.0,SUL,DIEGO LIMA,ONLINE,PENDENTE
PED-07272,2022-10-08,HD EXTERNO,,,0.17,SUL,BRUNO COSTA,LOJA FÍSICA,PENDENTE
PED-09662,,MONITOR,32,13849.12,0.0,SUDESTE,BRUNO COSTA,REVENDEDOR,CONCLUÍDO
PED-06368,2023-04-22,WEBCAM,180,,0.382,NORTE,ELENA SOUZA,LOJA FÍSICA,PENDENTE
PED-09929,,NOTEBOOK,245,,0.43,CENTRO-OESTE,CARLA MENDES,REVENDEDOR,PENDENTE
PED-03758,,NOTEBOOK,57,3577.36,0.0,NORTE,ANA SILVA,LOJA FÍSICA,CONCLUÍDO
PED-01867,2022-08-10,HEADSET,,,0.054,CENTRO-OESTE,ANA SILVA,LOJA FÍSICA,PENDENTE
PED-05367,2023-07-19,HEADSET,,,0.0,NORDESTE,DIEGO LIMA,TELEVENDAS,CONCLUÍDO
PED-06531,2024-12-12,HD EXTERNO,999999,5186.0,0.0,SUDESTE,CARLA MENDES,REVENDEDOR,PENDENTE
PED-02862,2022-03-24,TABLET,,13294.98,0.428,SUDESTE,ELENA SOUZA,LOJA FÍSICA,CONCLUÍDO
PED-06818,2023-01-26,NOTEBOOK,473,,0.0,SUDESTE,DIEGO LIMA,REVENDEDOR,CANCELADO
PED-03545,2022-09-08,MOUSE,96,4421.75,0.23199999999999998,NORDESTE,ELENA SOUZA,TELEVENDAS,PENDENTE
PED-02326,2022-10-11,HD EXTERNO,56,,1.0,SUDESTE,CARLA MENDES,LOJA FÍSICA,PENDENTE
PED-04193,,IMPRESSORA,,14570.92,1.0,SUL,DIEGO LIMA,TELEVENDAS,EM ANÁLISE
PED-03817,2024-10-01,MONITOR,,,0.009000000000000001,NORTE,ANA SILVA,LOJA FÍSICA,EM ANÁLISE
PED-08394,2023-10-15,HEADSET,373,803.34,1.0,SUDESTE,DIEGO LIMA,REVENDEDOR,PENDENTE
PED-02748,,TECLADO,359,11614.97,0.138,SUL,DIEGO LIMA,ONLINE,PENDENTE
PED-02921,2024-01-07,NOTEBOOK,999999,9083.0,0.0,SUL,ELENA SOUZA,ONLINE,CONCLUÍDO
PED-05300,,TECLADO,265,9474.66,0.244,SUL,ELENA SOUZA,REVENDEDOR,PENDENTE
PED-01362,2022-10-10,HD EXTERNO,64,4813.55,0.318,NORTE,ANA SILVA,TELEVENDAS,PENDENTE
PED-03026,,HD EXTERNO,,10992.06,0.463,SUL,BRUNO COSTA,ONLINE,CONCLUÍDO
PED-06408,,MONITOR,,9776.61,0.492,NORTE,DIEGO LIMA,LOJA FÍSICA,EM ANÁLISE
PED-08731,2023-09-26,NOTEBOOK,,,0.0,SUDESTE,DIEGO LIMA,REVENDEDOR,CONCLUÍDO
PED-08689,2024-11-18,HD EXTERNO,,5501.0,0.413,SUDESTE,CARLA MENDES,ONLINE,PENDENTE
PED-02865,,IMPRESSORA,365,11809.85,0.16899999999999998,SUL,BRUNO COSTA,ONLINE,PENDENTE
PED-04000,2023-09-09,WEBCAM,82,,0.389,NORTE,ANA SILVA,REVENDEDOR,CONCLUÍDO
PED-08707,,TECLADO,,,0.0,CENTRO-OESTE,DIEGO LIMA,ONLINE,PENDENTE
PED-02428,,MONITOR,92,,0.0,SUL,DIEGO LIMA,ONLINE,CONCLUÍDO
PED-76707,2022-01-13,HEADSET,449,10070.0,0.11,NORDESTE,CARLA MENDES,TELEVENDAS,CONCLUÍDO
PED-02887,2022-05-11,MOUSE,131,,0.0,SUL,DIEGO LIMA,REVENDEDOR,EM ANÁLISE
PED-05080,2024-08-22,HEADSET,439,13620.67,0.0,SUDESTE,DIEGO LIMA,LOJA FÍSICA,PENDENTE
PED-01606,,HD EXTERNO,15,,0.299,SUDESTE,ELENA SOUZA,TELEVENDAS,CANCELADO
PED-09806,2022-01-08,WEBCAM,,,0.8,SUDESTE,ELENA SOUZA,REVENDEDOR,CANCELADO
PED-00353,,MOUSE,222,9343.75,0.0,NORDESTE,BRUNO COSTA,LOJA FÍSICA,CONCLUÍDO
PED-06987,,MONITOR,,,0.401,SUL,DIEGO LIMA,LOJA FÍSICA,PENDENTE
PED-01572,2023-08-09,TECLADO,,14061.13,0.14,SUL,ELENA SOUZA,LOJA FÍSICA,CANCELADO
PED-00434,,NOTEBOOK,91,7038.71,0.44299999999999995,CENTRO-OESTE,DIEGO LIMA,ONLINE,CONCLUÍDO
PED-04841,2023-09-28,NOTEBOOK,66,1896.85,0.3670000000000001,NORTE,ELENA SOUZA,REVENDEDOR,CONCLUÍDO
PED-07376,,HEADSET,,3581.38,0.215,CENTRO-OESTE,ANA SILVA,REVENDEDOR,CANCELADO
PED-03245,2024-04-27,WEBCAM,999999,,0.081,NORTE,CARLA MENDES,ONLINE,CONCLUÍDO
PED-00119,,MOUSE,198,9174.53,0.118,SUL,CARLA MENDES,REVENDEDOR,PENDENTE
PED-00533,2022-06-28,MOUSE,346,,0.245,CENTRO-OESTE,BRUNO COSTA,LOJA FÍSICA,CANCELADO
PED-05064,,IMPRESSORA,,11032.27,0.040999999999999995,SUDESTE,ELENA SOUZA,REVENDEDOR,CANCELADO
PED-08251,2024-10-12,SMARTPHONE,198,13392.6,0.086,SUDESTE,ELENA SOUZA,REVENDEDOR,EM ANÁLISE
PED-02215,,SMARTPHONE,283,13524.44,0.05,NORDESTE,CARLA MENDES,LOJA FÍSICA,CONCLUÍDO
PED-15113,2023-04-02,SMARTPHONE,,,0.392,CENTRO-OESTE,BRUNO COSTA,ONLINE,PENDENTE
PED-03387,,HEADSET,,,0.371,CENTRO-OESTE,ANA SILVA,TELEVENDAS,EM ANÁLISE
PED-04251,2023-05-15,TABLET,,,0.423,NORDESTE,DIEGO LIMA,LOJA FÍSICA,PENDENTE
PED-00292,2023-11-24,NOTEBOOK,,880.0,0.3970000000000001,SUL,BRUNO COSTA,LOJA FÍSICA,CONCLUÍDO
PED-00702,2023-06-15,TABLET,61,10785.11,0.0,SUDESTE,ELENA SOUZA,REVENDEDOR,EM ANÁLISE
PED-08291,,HEADSET,113,1165.82,0.309,NORTE,DIEGO LIMA,TELEVENDAS,CONCLUÍDO
PED-07609,2022-03-13,HD EXTERNO,413,11746.22,0.195,NORTE,ANA SILVA,REVENDEDOR,CONCLUÍDO
PED-07575,2022-05-17,TABLET,408,5963.59,0.0,NORTE,CARLA MENDES,ONLINE,EM ANÁLISE
PED-05076,2023-11-01,SMARTPHONE,,,0.12,NORTE,DIEGO LIMA,REVENDEDOR,PENDENTE
PED-00580,,SMARTPHONE,88,8078.0,0.0,NORTE,ELENA SOUZA,LOJA FÍSICA,EM ANÁLISE
PED-06640,,WEBCAM,,218.76,0.0,CENTRO-OESTE,BRUNO COSTA,TELEVENDAS,PENDENTE
PED-04752,2023-12-14,MONITOR,377,7439.61,0.365,SUDESTE,BRUNO COSTA,LOJA FÍSICA,EM ANÁLISE
PED-04951,2023-07-24,NOTEBOOK,,921.16,0.382,SUL,ELENA SOUZA,TELEVENDAS,PENDENTE
PED-08963,,MONITOR,,,0.215,SUDESTE,ELENA SOUZA,REVENDEDOR,CONCLUÍDO
PED-04310,2022-04-17,HD EXTERNO,90,454.06,0.312,SUL,ELENA SOUZA,REVENDEDOR,EM ANÁLISE
PED-03544,2023-09-16,IMPRESSORA,,4980.0,0.32299999999999995,SUDESTE,ELENA SOUZA,ONLINE,CONCLUÍDO
PED-09037,,MONITOR,,6333.49,0.44,SUL,ANA SILVA,ONLINE,EM ANÁLISE
PED-02106,,WEBCAM,212,,0.221,NORTE,BRUNO COSTA,ONLINE,EM ANÁLISE
PED-09345,2022-11-07,WEBCAM,,6929.0,0.0,SUL,ANA SILVA,LOJA FÍSICA,CONCLUÍDO
PED-03657,,MOUSE,,,0.33,CENTRO-OESTE,DIEGO LIMA,ONLINE,CANCELADO
PED-00063,2022-08-15,IMPRESSORA,,,0.376,NORDESTE,BRUNO COSTA,TELEVENDAS,CONCLUÍDO
PED-00469,,HD EXTERNO,254,7765.41,0.087,SUL,BRUNO COSTA,LOJA FÍSICA,PENDENTE
PED-01121,2022-11-26,MOUSE,,5760.0,0.275,NORDESTE,DIEGO LIMA,LOJA FÍSICA,CONCLUÍDO
PED-05200,2022-08-25,MOUSE,,,0.0,SUDESTE,CARLA MENDES,LOJA FÍSICA,CONCLUÍDO
PED-04719,,TABLET,368,,0.0,NORTE,ELENA SOUZA,REVENDEDOR,EM ANÁLISE
PED-09466,2024-07-06,WEBCAM,999999,,0.408,CENTRO-OESTE,DIEGO LIMA,ONLINE,CONCLUÍDO
PED-03307,,HD EXTERNO,101,3500.0,0.0,CENTRO-OESTE,ELENA SOUZA,LOJA FÍSICA,CONCLUÍDO
PED-02749,2024-03-10,TABLET,136,,1.0,SUDESTE,DIEGO LIMA,REVENDEDOR,PENDENTE
PED-06723,2022-04-07,MOUSE,464,,1.0,SUDESTE,DIEGO LIMA,LOJA FÍSICA,CONCLUÍDO
PED-09439,2022-03-07,NOTEBOOK,456,,0.0,SUL,CARLA MENDES,ONLINE,CONCLUÍDO
PED-02181,2024-04-09,WEBCAM,,951.94,0.0,NORDESTE,BRUNO COSTA,REVENDEDOR,CONCLUÍDO
PED-07218,,HEADSET,31,2697.79,0.2,NORDESTE,BRUNO COSTA,LOJA FÍSICA,EM ANÁLISE
PED-05454,,WEBCAM,,,0.36700000000000005,SUDESTE,DIEGO LIMA,ONLINE,CONCLUÍDO
PED-30711,2024-05-23,IMPRESSORA,,,0.0,CENTRO-OESTE,ANA SILVA,TELEVENDAS,CONCLUÍDO
PED-02943,2024-01-13,TABLET,,5478.14,0.0,SUL,CARLA MENDES,LOJA FÍSICA,CONCLUÍDO
PED-01315,2023-11-05,NOTEBOOK,298,,0.0,NORTE,BRUNO COSTA,REVENDEDOR,CONCLUÍDO
PED-04769,,MONITOR,,,0.192,SUDESTE,BRUNO COSTA,REVENDEDOR,EM ANÁLISE
PED-02617,2023-03-20,SMARTPHONE,,,0.0,NORDESTE,BRUNO COSTA,REVENDEDOR,EM ANÁLISE
PED-01279,2022-03-17,TECLADO,373,,0.231,SUL,CARLA MENDES,ONLINE,PENDENTE
PED-03106,2022-08-23,TECLADO,,2039.48,0.287,CENTRO-OESTE,DIEGO LIMA,LOJA FÍSICA,CONCLUÍDO
PED-06338,2022-07-28,HD EXTERNO,,9468.0,1.0,SUDESTE,ANA SILVA,LOJA FÍSICA,PENDENTE
PED-67136,,HD EXTERNO,,1958.63,0.0,NORTE,ANA SILVA,REVENDEDOR,EM ANÁLISE
PED-07030,,TECLADO,,3514.55,0.0,NORTE,DIEGO LIMA,LOJA FÍSICA,PENDENTE
PED-03417,2023-04-04,MONITOR,1,1876.05,1.0,SUDESTE,CARLA MENDES,ONLINE,PENDENTE
PED-07430,,TABLET,135,8208.62,0.0,SUDESTE,CARLA MENDES,LOJA FÍSICA,CONCLUÍDO
PED-09874,2022-05-06,SMARTPHONE,221,4348.78,0.0,SUDESTE,DIEGO LIMA,TELEVENDAS,CANCELADO
PED-01913,,MONITOR,295,,0.0,NORDESTE,DIEGO LIMA,ONLINE,CONCLUÍDO
PED-05407,,MOUSE,,,0.0,CENTRO-OESTE,BRUNO COSTA,REVENDEDOR,CONCLUÍDO
PED-00357,2023-05-05,SMARTPHONE,388,,0.0,NORDESTE,CARLA MENDES,LOJA FÍSICA,CANCELADO
PED-09059,,MONITOR,465,13018.32,0.376,NORDESTE,DIEGO LIMA,LOJA FÍSICA,CONCLUÍDO
PED-04317,,MOUSE,999999,,0.0,NORTE,BRUNO COSTA,LOJA FÍSICA,CANCELADO
PED-00181,2024-07-01,SMARTPHONE,36,7189.48,0.0,SUDESTE,ELENA SOUZA,ONLINE,CONCLUÍDO
PED-07188,2022-04-24,WEBCAM,225,14098.71,0.431,NORDESTE,BRUNO COSTA,ONLINE,EM ANÁLISE
PED-00017,2022-03-04,HD EXTERNO,469,,0.361,NORTE,ANA SILVA,LOJA FÍSICA,CONCLUÍDO
PED-09906,2022-02-08,WEBCAM,333,,0.259,SUL,BRUNO COSTA,REVENDEDOR,PENDENTE
PED-05538,,HEADSET,246,,0.284,SUDESTE,CARLA MENDES,LOJA FÍSICA,EM ANÁLISE
PED-07496,2023-07-07,TABLET,93,11743.07,0.083,SUDESTE,DIEGO LIMA,TELEVENDAS,PENDENTE
PED-05759,,TECLADO,221,,0.44,NORTE,BRUNO COSTA,TELEVENDAS,CANCELADO
PED-07560,,MOUSE,,5900.9,0.172,SUL,DIEGO LIMA,ONLINE,CONCLUÍDO
PED-00150,2022-09-16,TECLADO,251,5675.73,0.29100000000000004,SUDESTE,CARLA MENDES,LOJA FÍSICA,CONCLUÍDO
PED-09769,2024-02-09,IMPRESSORA,198,9357.0,0.073,CENTRO-OESTE,CARLA MENDES,REVENDEDOR,PENDENTE
PED-05188,,HD EXTERNO,244,7876.15,0.258,SUDESTE,BRUNO COSTA,REVENDEDOR,PENDENTE
PED-09848,2022-10-27,MONITOR,,1850.62,0.252,SUL,ANA SILVA,ONLINE,PENDENTE
PED-07711,,SMARTPHONE,28,11601.19,0.16899999999999998,SUL,ELENA SOUZA,ONLINE,CANCELADO
PED-03403,,WEBCAM,75,5105.12,0.0,NORDESTE,ANA SILVA,TELEVENDAS,PENDENTE
PED-00403,2022-04-07,IMPRESSORA,150,,1.0,CENTRO-OESTE,DIEGO LIMA,REVENDEDOR,CONCLUÍDO
PED-00587,2024-09-17,HEADSET,20,4608.44,0.0,NORTE,ANA SILVA,TELEVENDAS,CONCLUÍDO
PED-01341,2023-01-01,IMPRESSORA,,12921.51,0.0,SUL,CARLA MENDES,ONLINE,CONCLUÍDO
PED-01272,2022-12-02,MOUSE,83,3171.0,1.0,NORTE,ELENA SOUZA,REVENDEDOR,PENDENTE
PED-09692,2024-08-10,MONITOR,,6522.75,0.251,NORTE,BRUNO COSTA,TELEVENDAS,EM ANÁLISE
PED-20884,2024-02-05,MONITOR,106,9572.36,0.02,NORTE,BRUNO COSTA,LOJA FÍSICA,CONCLUÍDO
PED-09797,2022-11-06,HEADSET,282,9100.13,0.105,SUL,ANA SILVA,LOJA FÍSICA,EM ANÁLISE
PED-05859,2022-12-16,MOUSE,428,9407.63,0.0,CENTRO-OESTE,CARLA MENDES,LOJA FÍSICA,PENDENTE
PED-06526,2023-09-06,SMARTPHONE,10,,0.0,CENTRO-OESTE,DIEGO LIMA,LOJA FÍSICA,EM ANÁLISE
PED-06861,,NOTEBOOK,,4112.62,0.0,SUDESTE,DIEGO LIMA,TELEVENDAS,CONCLUÍDO
PED-04170,2024-03-22,HEADSET,45,11620.76,0.153,NORTE,BRUNO COSTA,ONLINE,PENDENTE
PED-03836,,IMPRESSORA,364,,0.0,SUDESTE,DIEGO LIMA,LOJA FÍSICA,CONCLUÍDO
PED-03365,2022-08-11,SMARTPHONE,327,,0.023,SUDESTE,ANA SILVA,LOJA FÍSICA,CONCLUÍDO
PED-07379,,HD EXTERNO,,,0.1,CENTRO-OESTE,DIEGO LIMA,LOJA FÍSICA,CONCLUÍDO
PED-01818,,WEBCAM,,,0.23,NORTE,DIEGO LIMA,REVENDEDOR,CONCLUÍDO
PED-00380,2023-05-06,NOTEBOOK,999999,,0.0,SUDESTE,ELENA SOUZA,REVENDEDOR,CANCELADO
PED-06491,2022-12-13,HEADSET,460,,0.037,SUDESTE,DIEGO LIMA,TELEVENDAS,PENDENTE
PED-08189,2023-09-25,MOUSE,432,11524.34,0.0,SUL,DIEGO LIMA,LOJA FÍSICA,PENDENTE
PED-08988,2023-12-18,MOUSE,,5113.05,0.0,SUL,ELENA SOUZA,LOJA FÍSICA,PENDENTE
PED-08764,2022-01-19,MONITOR,999999,,0.298,CENTRO-OESTE,ELENA SOUZA,TELEVENDAS,PENDENTE
PED-05812,2024-08-05,MOUSE,127,6824.4,0.378,SUL,ELENA SOUZA,ONLINE,CONCLUÍDO
PED-09986,,HEADSET,347,13449.01,0.0,NORTE,BRUNO COSTA,REVENDEDOR,CONCLUÍDO
PED-08550,2024-12-21,TECLADO,,,0.314,NORTE,ANA SILVA,TELEVENDAS,EM ANÁLISE
PED-09397,2023-01-26,SMARTPHONE,305,1131.99,0.0,NORDESTE,ANA SILVA,ONLINE,CONCLUÍDO
PED-01240,2023-06-15,HEADSET,118,4534.18,1.0,SUL,ELENA SOUZA,TELEVENDAS,EM ANÁLISE
PED-01852,,TABLET,999999,,0.026000000000000002,SUL,ELENA SOUZA,REVENDEDOR,EM ANÁLISE
PED-08934,,NOTEBOOK,119,,0.145,NORTE,CARLA MENDES,TELEVENDAS,PENDENTE
PED-08098,2023-09-23,MONITOR,,14550.93,0.152,NORTE,BRUNO COSTA,ONLINE,CONCLUÍDO
PED-02036,2024-11-15,TABLET,237,229.26,0.49700000000000005,CENTRO-OESTE,CARLA MENDES,REVENDEDOR,CONCLUÍDO
PED-06995,2022-02-06,TABLET,,956.07,0.0,SUL,CARLA MENDES,REVENDEDOR,PENDENTE
PED-09551,2024-07-16,HD EXTERNO,,3923.17,0.0,NORDESTE,ELENA SOUZA,LOJA FÍSICA,PENDENTE
PED-01113,2023-11-05,MONITOR,419,7327.55,0.0,NORTE,ELENA SOUZA,REVENDEDOR,PENDENTE
PED-00130,2024-12-03,SMARTPHONE,,2444.35,0.0,NORTE,ELENA SOUZA,TELEVENDAS,CONCLUÍDO
PED-02908,2024-02-03,MONITOR,,,0.426,CENTRO-OESTE,BRUNO COSTA,ONLINE,PENDENTE
PED-06302,2024-03-18,HEADSET,38,,0.16,NORTE,ANA SILVA,TELEVENDAS,CONCLUÍDO
PED-09851,2022-04-08,IMPRESSORA,469,11380.0,0.0,SUDESTE,BRUNO COSTA,ONLINE,PENDENTE
PED-06963,2024-08-27,MOUSE,21,3175.11,0.45,SUL,ELENA SOUZA,ONLINE,CANCELADO
PED-03079,2023-10-21,HEADSET,999999,2182.71,0.416,NORDESTE,CARLA MENDES,LOJA FÍSICA,PENDENTE
PED-00479,,HEADSET,,6151.0,0.17600000000000002,NORTE,CARLA MENDES,REVENDEDOR,CONCLUÍDO
PED-06730,2022-10-04,MOUSE,,191.14,0.0,SUDESTE,ANA SILVA,LOJA FÍSICA,CONCLUÍDO
PED-00768,2024-11-12,HD EXTERNO,,12934.0,0.086,NORTE,DIEGO LIMA,REVENDEDOR,PENDENTE
PED-04529,2022-02-14,TECLADO,460,146.0,0.396,NORTE,DIEGO LIMA,ONLINE,PENDENTE
PED-03489,2024-11-15,HEADSET,,,0.0,CENTRO-OESTE,BRUNO COSTA,ONLINE,CANCELADO
PED-07007,2023-10-06,WEBCAM,4,1559.0,0.0,SUDESTE,ELENA SOUZA,REVENDEDOR,CANCELADO
PED-00680,,HEADSET,,,0.0,NORTE,BRUNO COSTA,ONLINE,PENDENTE
PED-02189,2023-12-28,HD EXTERNO,,,0.8,NORTE,DIEGO LIMA,LOJA FÍSICA,CONCLUÍDO
PED-09357,,SMARTPHONE,,10781.43,0.317,SUL,ANA SILVA,TELEVENDAS,CONCLUÍDO
PED-03903,,HEADSET,,6319.6,0.0,SUDESTE,ANA SILVA,ONLINE,CONCLUÍDO
PED-07069,2022-07-05,MOUSE,145,,0.46299999999999997,SUDESTE,ELENA SOUZA,ONLINE,CANCELADO
PED-55278,,HD EXTERNO,,10483.68,0.262,NORTE,ELENA SOUZA,ONLINE,CONCLUÍDO
PED-01149,2022-12-03,SMARTPHONE,,,0.0,SUDESTE,CARLA MENDES,LOJA FÍSICA,CONCLUÍDO
PED-06168,,TECLADO,378,14670.43,0.308,SUL,DIEGO LIMA,REVENDEDOR,PENDENTE
PED-00272,,IMPRESSORA,,13335.39,0.122,NORDESTE,CARLA MENDES,REVENDEDOR,EM ANÁLISE
PED-07527,2024-08-16,MOUSE,272,,0.26,SUDESTE,ELENA SOUZA,ONLINE,CONCLUÍDO
PED-06910,2023-05-07,TABLET,189,,0.0,NORTE,BRUNO COSTA,TELEVENDAS,CONCLUÍDO
PED-06750,2022-11-11,MONITOR,192,5635.95,0.21,CENTRO-OESTE,DIEGO LIMA,LOJA FÍSICA,PENDENTE
PED-02366,,HD EXTERNO,432,,0.0,NORDESTE,CARLA MENDES,LOJA FÍSICA,CANCELADO
PED-09384,,HD EXTERNO,,1755.65,1.0,SUL,CARLA MENDES,ONLINE,EM ANÁLISE
PED-09189,2023-08-04,TABLET,34,3440.14,1.0,SUDESTE,CARLA MENDES,TELEVENDAS,CONCLUÍDO
PED-06703,2023-12-28,TECLADO,,6163.61,1.0,CENTRO-OESTE,ELENA SOUZA,LOJA FÍSICA,CANCELADO
PED-02275,2022-09-28,HD EXTERNO,999999,6308.03,0.46,SUL,DIEGO LIMA,TELEVENDAS,PENDENTE
PED-05243,2022-10-19,HD EXTERNO,158,,0.195,SUDESTE,ANA SILVA,LOJA FÍSICA,PENDENTE
PED-06355,2022-05-18,MONITOR,116,,0.445,NORTE,ANA SILVA,ONLINE,CONCLUÍDO
PED-08112,2024-05-05,TABLET,442,,0.0,SUL,BRUNO COSTA,LOJA FÍSICA,PENDENTE
PED-85698,,HD EXTERNO,,,0.085,SUDESTE,CARLA MENDES,ONLINE,CONCLUÍDO
PED-01227,2022-11-01,SMARTPHONE,333,11627.0,0.0,SUL,ELENA SOUZA,TELEVENDAS,CONCLUÍDO
PED-06856,2024-05-01,TABLET,,8358.52,0.467,NORTE,ELENA SOUZA,LOJA FÍSICA,CONCLUÍDO
PED-09941,2022-07-23,IMPRESSORA,,4343.45,0.0,SUL,DIEGO LIMA,ONLINE,EM ANÁLISE
PED-05833,,MOUSE,172,9763.34,0.105,CENTRO-OESTE,ELENA SOUZA,LOJA FÍSICA,PENDENTE
PED-03166,,WEBCAM,358,3332.73,0.16,NORDESTE,ANA SILVA,LOJA FÍSICA,PENDENTE
PED-04362,2023-12-25,IMPRESSORA,,,0.004,SUL,DIEGO LIMA,ONLINE,EM ANÁLISE
PED-05947,2022-06-09,SMARTPHONE,184,6112.44,0.0,NORTE,CARLA MENDES,TELEVENDAS,CONCLUÍDO
PED-06580,,MONITOR,144,3296.56,0.03,NORTE,BRUNO COSTA,LOJA FÍSICA,PENDENTE
PED-07998,2024-04-02,NOTEBOOK,344,14868.0,0.336,SUDESTE,ANA SILVA,TELEVENDAS,CONCLUÍDO
PED-09178,2022-12-09,WEBCAM,106,13245.6,1.0,NORDESTE,DIEGO LIMA,REVENDEDOR,CONCLUÍDO
PED-00637,2022-11-11,HEADSET,131,,0.163,NORDESTE,ELENA SOUZA,REVENDEDOR,CONCLUÍDO
PED-08146,2023-04-04,TECLADO,,,0.252,SUDESTE,ELENA SOUZA,LOJA FÍSICA,EM ANÁLISE
PED-07301,2023-03-27,MOUSE,,,0.0,NORTE,ELENA SOUZA,LOJA FÍSICA,PENDENTE
PED-06579,2023-05-03,HEADSET,,14558.88,0.198,SUL,ANA SILVA,TELEVENDAS,CONCLUÍDO
PED-06968,2023-06-14,TABLET,,14295.75,0.0,SUL,DIEGO LIMA,LOJA FÍSICA,CANCELADO
PED-01944,2022-01-21,TABLET,,,0.0,CENTRO-OESTE,ANA SILVA,REVENDEDOR,EM ANÁLISE
PED-04221,2024-05-05,HEADSET,469,11063.79,1.0,CENTRO-OESTE,DIEGO LIMA,LOJA FÍSICA,CONCLUÍDO
PED-07916,2022-04-11,MONITOR,,7033.19,1.0,SUL,BRUNO COSTA,ONLINE,PENDENTE
PED-05377,,WEBCAM,,,0.0,NORTE,ANA SILVA,LOJA FÍSICA,PENDENTE
PED-08353,2023-03-06,HD EXTERNO,,,0.208,NORDESTE,DIEGO LIMA,TELEVENDAS,PENDENTE
PED-05809,2024-11-08,IMPRESSORA,418,,0.0,NORTE,ELENA SOUZA,ONLINE,CONCLUÍDO
PED-00720,,HEADSET,228,,0.461,CENTRO-OESTE,BRUNO COSTA,TELEVENDAS,CONCLUÍDO
PED-00120,,HD EXTERNO,,14751.36,0.0,SUL,DIEGO LIMA,LOJA FÍSICA,CANCELADO
PED-05398,2022-06-08,TECLADO,,,0.395,SUDESTE,ANA SILVA,LOJA FÍSICA,CONCLUÍDO
PED-04708,,NOTEBOOK,,9529.0,0.08,CENTRO-OESTE,CARLA MENDES,TELEVENDAS,EM ANÁLISE
PED-04591,,NOTEBOOK,167,,0.178,SUDESTE,ELENA SOUZA,ONLINE,PENDENTE
PED-04619,2024-04-13,WEBCAM,,,0.0,SUDESTE,ANA SILVA,ONLINE,EM ANÁLISE
PED-36925,2022-01-24,MOUSE,999999,9277.61,0.0,SUL,BRUNO COSTA,LOJA FÍSICA,CANCELADO
PED-64176,2022-10-19,TABLET,324,3396.57,0.0,SUDESTE,BRUNO COSTA,REVENDEDOR,CANCELADO
PED-02810,2024-01-23,NOTEBOOK,999999,,0.0,NORDESTE,CARLA MENDES,LOJA FÍSICA,CONCLUÍDO
PED-00467,,SMARTPHONE,,,0.105,NORDESTE,ELENA SOUZA,ONLINE,PENDENTE
PED-08418,2023-02-28,WEBCAM,222,,0.419,CENTRO-OESTE,ELENA SOUZA,TELEVENDAS,PENDENTE
PED-03142,,SMARTPHONE,999999,,0.0,SUDESTE,ELENA SOUZA,TELEVENDAS,CONCLUÍDO
PED-01327,2023-04-27,NOTEBOOK,204,9968.83,0.0,SUL,ANA SILVA,REVENDEDOR,PENDENTE
PED-05954,2023-05-22,TECLADO,,7401.4,0.369,SUL,ANA SILVA,TELEVENDAS,PENDENTE
PED-04150,2024-05-06,IMPRESSORA,,2011.39,0.0,SUL,ANA SILVA,ONLINE,CONCLUÍDO
PED-35028,,MONITOR,349,13421.55,0.435,SUDESTE,BRUNO COSTA,REVENDEDOR,PENDENTE
PED-09272,2024-03-24,MONITOR,999999,1863.0,0.011000000000000001,NORTE,ELENA SOUZA,TELEVENDAS,EM ANÁLISE
PED-06188,2024-07-15,IMPRESSORA,174,8128.57,0.0,NORDESTE,ELENA SOUZA,LOJA FÍSICA,EM ANÁLISE
PED-42551,2023-10-08,MOUSE,999999,1823.0,0.317,CENTRO-OESTE,BRUNO COSTA,LOJA FÍSICA,EM ANÁLISE
PED-01154,2022-05-08,SMARTPHONE,,,0.0,CENTRO-OESTE,BRUNO COSTA,LOJA FÍSICA,PENDENTE
PED-14639,2023-10-01,TECLADO,170,9503.46,0.40399999999999997,SUDESTE,ELENA SOUZA,TELEVENDAS,EM ANÁLISE
PED-00825,2023-04-24,MONITOR,,13262.46,0.0,SUL,ANA SILVA,REVENDEDOR,PENDENTE
PED-96821,2022-12-12,SMARTPHONE,,,0.17,NORDESTE,CARLA MENDES,ONLINE,CONCLUÍDO
PED-03797,2024-08-18,MONITOR,61,14573.3,0.146,NORTE,ELENA SOUZA,ONLINE,EM ANÁLISE
PED-04995,2023-08-07,WEBCAM,231,,1.0,SUL,BRUNO COSTA,LOJA FÍSICA,EM ANÁLISE
PED-07472,2024-02-08,HEADSET,,6486.07,0.0,NORTE,ELENA SOUZA,REVENDEDOR,PENDENTE
PED-08420,2022-08-08,NOTEBOOK,,14279.0,0.409,NORTE,ELENA SOUZA,REVENDEDOR,CANCELADO
PED-08638,2023-04-21,MOUSE,98,8643.45,0.0,SUL,ELENA SOUZA,LOJA FÍSICA,CANCELADO
PED-07263,,IMPRESSORA,,,0.0,NORTE,DIEGO LIMA,ONLINE,PENDENTE
PED-07898,2023-02-28,HD EXTERNO,269,10120.99,0.0,NORTE,DIEGO LIMA,TELEVENDAS,EM ANÁLISE
PED-06404,,HD EXTERNO,999999,2058.0,0.35100000000000003,SUL,ELENA SOUZA,LOJA FÍSICA,PENDENTE
PED-07932,2023-01-21,SMARTPHONE,367,,0.0,SUL,DIEGO LIMA,LOJA FÍSICA,CANCELADO
PED-08034,,MOUSE,999999,11229.53,0.166,SUDESTE,CARLA MENDES,REVENDEDOR,CONCLUÍDO
PED-05260,2022-01-08,MONITOR,,713.0,0.12,NORDESTE,ELENA SOUZA,TELEVENDAS,CANCELADO
PED-09234,2023-11-01,SMARTPHONE,480,,0.0,NORTE,CARLA MENDES,REVENDEDOR,PENDENTE
PED-00484,2023-01-05,WEBCAM,,,0.22,SUL,ANA SILVA,REVENDEDOR,CONCLUÍDO
PED-07334,2022-06-04,IMPRESSORA,78,,0.43700000000000006,SUL,BRUNO COSTA,ONLINE,PENDENTE
PED-02224,2023-12-03,MONITOR,,13367.23,0.4,NORTE,ANA SILVA,REVENDEDOR,PENDENTE
PED-42807,,TABLET,,13118.68,0.376,CENTRO-OESTE,BRUNO COSTA,ONLINE,CANCELADO
PED-05430,2022-10-09,NOTEBOOK,446,9764.43,0.0,SUDESTE,BRUNO COSTA,TELEVENDAS,CONCLUÍDO
PED-09529,2023-03-05,WEBCAM,246,13192.54,0.013000000000000001,NORTE,BRUNO COSTA,LOJA FÍSICA,CONCLUÍDO
PED-08369,2023-10-07,IMPRESSORA,400,6206.01,0.138,SUL,ELENA SOUZA,LOJA FÍSICA,CONCLUÍDO
PED-01190,2022-10-20,IMPRESSORA,,11098.27,0.1,NORDESTE,NAN,REVENDEDOR,PENDENTE
PED-07956,2023-06-28,MOUSE,394,,0.34,NORDESTE,NAN,LOJA FÍSICA,EM ANÁLISE
PED-00954,,IMPRESSORA,,,0.106,SUDESTE,ELENA SOUZA,LOJA FÍSICA,CONCLUÍDO
PED-04858,,MOUSE,287,,0.325,NORDESTE,ANA SILVA,REVENDEDOR,CANCELADO
PED-03375,2022-10-03,SMARTPHONE,46,1984.45,0.153,SUDESTE,BRUNO COSTA,TELEVENDAS,CONCLUÍDO
PED-02018,2024-06-01,HD EXTERNO,999999,,0.14300000000000002,CENTRO-OESTE,BRUNO COSTA,LOJA FÍSICA,PENDENTE
PED-03298,2024-12-08,NOTEBOOK,999999,,0.465,SUL,ANA SILVA,LOJA FÍSICA,CONCLUÍDO
PED-08970,2024-05-25,HEADSET,,602.97,0.04,SUL,ELENA SOUZA,ONLINE,PENDENTE
PED-97881,,HEADSET,,,0.23,NORTE,CARLA MENDES,ONLINE,PENDENTE
PED-04252,,MONITOR,,8841.47,0.0,SUDESTE,BRUNO COSTA,LOJA FÍSICA,CONCLUÍDO
PED-06835,2023-06-16,WEBCAM,,,0.296,SUL,DIEGO LIMA,TELEVENDAS,CANCELADO
PED-08140,2023-07-26,TECLADO,59,,0.032,NORDESTE,BRUNO COSTA,TELEVENDAS,CONCLUÍDO
PED-02517,2022-09-21,TABLET,315,13551.64,0.0,NORTE,ELENA SOUZA,ONLINE,PENDENTE
PED-05991,2023-07-08,TABLET,253,1727.11,0.0,NORTE,CARLA MENDES,LOJA FÍSICA,CANCELADO
PED-01450,,TECLADO,324,5667.0,0.413,SUL,ANA SILVA,REVENDEDOR,EM ANÁLISE
PED-03702,,IMPRESSORA,463,13981.9,0.44299999999999995,SUL,ANA SILVA,ONLINE,CONCLUÍDO
PED-02356,,TECLADO,175,7945.66,0.0,NORTE,ELENA SOUZA,LOJA FÍSICA,CONCLUÍDO
PED-06682,2022-06-05,MONITOR,307,362.12,0.0,CENTRO-OESTE,DIEGO LIMA,ONLINE,EM ANÁLISE
PED-09651,2022-08-14,MOUSE,193,13566.45,0.217,SUDESTE,CARLA MENDES,LOJA FÍSICA,CONCLUÍDO
PED-01297,2023-01-10,TABLET,,,1.0,NORTE,ANA SILVA,LOJA FÍSICA,EM ANÁLISE
PED-02494,,TECLADO,447,14655.91,1.0,NORDESTE,DIEGO LIMA,LOJA FÍSICA,PENDENTE
PED-05317,2024-07-17,MONITOR,123,5132.15,1.0,NORTE,DIEGO LIMA,LOJA FÍSICA,CONCLUÍDO
PED-01177,2024-11-14,HEADSET,,,0.41200000000000003,SUL,NAN,LOJA FÍSICA,CANCELADO
PED-02896,2023-08-03,NOTEBOOK,,,0.38,SUDESTE,DIEGO LIMA,LOJA FÍSICA,EM ANÁLISE
PED-03859,,HD EXTERNO,999999,,0.168,SUL,ANA SILVA,ONLINE,PENDENTE
PED-03533,2022-09-02,NOTEBOOK,,5818.29,0.034,NORDESTE,ANA SILVA,LOJA FÍSICA,PENDENTE
PED-02966,2022-02-02,TABLET,8,1156.04,1.0,SUDESTE,CARLA MENDES,TELEVENDAS,CONCLUÍDO
PED-05614,2023-07-24,TABLET,,3827.84,0.0,SUDESTE,ANA SILVA,TELEVENDAS,EM ANÁLISE
PED-06585,2022-12-07,IMPRESSORA,140,5106.33,0.27899999999999997,NORDESTE,BRUNO COSTA,REVENDEDOR,PENDENTE
PED-05691,,WEBCAM,999999,9036.4,0.484,SUL,BRUNO COSTA,TELEVENDAS,CONCLUÍDO
PED-06459,2024-09-18,MONITOR,151,3924.92,0.17,SUDESTE,DIEGO LIMA,TELEVENDAS,CONCLUÍDO
PED-02989,2024-10-07,SMARTPHONE,,,0.0,SUL,ANA SILVA,LOJA FÍSICA,PENDENTE
PED-05174,2023-07-22,HEADSET,83,7783.73,0.13,SUL,CARLA MENDES,LOJA FÍSICA,EM ANÁLISE
PED-03416,,HEADSET,,11695.47,0.094,SUL,CARLA MENDES,ONLINE,PENDENTE
PED-05932,,HEADSET,,,0.0,SUDESTE,DIEGO LIMA,TELEVENDAS,PENDENTE
PED-54307,2024-09-24,HD EXTERNO,,12755.66,0.273,SUL,BRUNO COSTA,LOJA FÍSICA,EM ANÁLISE
PED-03668,2022-09-27,WEBCAM,112,,0.168,SUDESTE,ANA SILVA,TELEVENDAS,CONCLUÍDO
PED-06796,2023-10-02,IMPRESSORA,196,7200.49,0.353,NORTE,ELENA SOUZA,REVENDEDOR,PENDENTE
PED-05339,2024-01-22,IMPRESSORA,,,0.0,NORDESTE,DIEGO LIMA,REVENDEDOR,PENDENTE
PED-02149,,SMARTPHONE,411,2536.0,0.37,NORTE,BRUNO COSTA,TELEVENDAS,PENDENTE
PED-03720,,WEBCAM,,12564.04,1.0,SUDESTE,ANA SILVA,ONLINE,CANCELADO
PED-02159,2022-09-02,TABLET,468,13437.93,0.196,NORTE,CARLA MENDES,ONLINE,EM ANÁLISE
PED-04903,,MOUSE,,,0.025,SUDESTE,DIEGO LIMA,TELEVENDAS,PENDENTE
PED-06054,,SMARTPHONE,13,,0.266,SUDESTE,CARLA MENDES,ONLINE,CONCLUÍDO
PED-05007,2022-11-22,SMARTPHONE,,13384.21,0.38,CENTRO-OESTE,CARLA MENDES,ONLINE,CONCLUÍDO
PED-05999,2023-03-21,HEADSET,181,,0.0,SUL,ANA SILVA,LOJA FÍSICA,EM ANÁLISE
PED-04837,,NOTEBOOK,,12864.92,0.225,NORTE,DIEGO LIMA,TELEVENDAS,PENDENTE
PED-01929,,IMPRESSORA,,,0.24,SUDESTE,BRUNO COSTA,LOJA FÍSICA,PENDENTE
PED-08681,2022-12-24,SMARTPHONE,287,10537.51,0.0,SUL,DIEGO LIMA,LOJA FÍSICA,CONCLUÍDO
PED-05921,,HD EXTERNO,83,3816.85,0.236,NORDESTE,BRUNO COSTA,LOJA FÍSICA,CONCLUÍDO
PED-06157,2024-08-17,SMARTPHONE,140,3544.0,0.051,SUL,DIEGO LIMA,REVENDEDOR,PENDENTE
PED-01751,2024-11-19,NOTEBOOK,,7899.12,1.0,SUL,BRUNO COSTA,LOJA FÍSICA,CONCLUÍDO
PED-07231,2022-11-09,MOUSE,309,,0.134,NORTE,ELENA SOUZA,LOJA FÍSICA,CONCLUÍDO
PED-03522,2023-10-18,IMPRESSORA,,,0.0,SUDESTE,ELENA SOUZA,REVENDEDOR,CONCLUÍDO
PED-04073,2023-08-03,MONITOR,469,12357.78,0.39899999999999997,SUDESTE,BRUNO COSTA,TELEVENDAS,EM ANÁLISE
PED-01510,2023-08-09,TECLADO,121,,0.0,NORTE,ANA SILVA,REVENDEDOR,CANCELADO
PED-01323,,SMARTPHONE,116,,0.16,SUL,ANA SILVA,REVENDEDOR,CANCELADO
PED-04933,,HEADSET,463,14340.58,1.0,NORDESTE,ANA SILVA,REVENDEDOR,CONCLUÍDO
PED-03148,,TABLET,,,0.298,SUL,DIEGO LIMA,LOJA FÍSICA,EM ANÁLISE
PED-08205,2023-04-08,IMPRESSORA,,6365.99,0.2,SUDESTE,CARLA MENDES,TELEVENDAS,PENDENTE
PED-05796,,MOUSE,191,,0.06,SUDESTE,ELENA SOUZA,ONLINE,EM ANÁLISE
PED-06471,2022-06-22,WEBCAM,101,,0.0,CENTRO-OESTE,BRUNO COSTA,TELEVENDAS,PENDENTE
PED-07809,2023-07-07,MOUSE,126,4735.41,0.106,SUDESTE,ELENA SOUZA,ONLINE,CANCELADO
PED-03070,2022-02-17,WEBCAM,,2397.78,0.0,NORDESTE,DIEGO LIMA,LOJA FÍSICA,CONCLUÍDO
PED-08475,2024-11-15,HEADSET,291,14794.2,0.0,NORTE,DIEGO LIMA,LOJA FÍSICA,CANCELADO
PED-05903,2024-03-01,TABLET,,,0.0,SUDESTE,DIEGO LIMA,ONLINE,CANCELADO
PED-06653,2022-06-17,HEADSET,,,0.0,CENTRO-OESTE,ELENA SOUZA,ONLINE,CONCLUÍDO
PED-03225,2023-06-25,HD EXTERNO,,4425.64,0.136,NORTE,BRUNO COSTA,ONLINE,CONCLUÍDO
PED-08980,,TECLADO,,3943.35,0.0,SUDESTE,ELENA SOUZA,TELEVENDAS,CANCELADO
PED-05829,2023-04-01,HD EXTERNO,406,115.96,0.0,NORTE,BRUNO COSTA,TELEVENDAS,CONCLUÍDO
PED-02867,,TABLET,,,0.119,CENTRO-OESTE,BRUNO COSTA,REVENDEDOR,EM ANÁLISE
PED-07291,2023-02-19,HD EXTERNO,999999,9272.83,0.0,NORTE,CARLA MENDES,ONLINE,CANCELADO
PED-09591,2023-02-12,TECLADO,,13922.35,0.0,SUL,ELENA SOUZA,LOJA FÍSICA,PENDENTE
PED-09446,2024-08-22,MONITOR,408,3846.94,0.295,SUL,ELENA SOUZA,REVENDEDOR,PENDENTE
PED-05994,2022-02-05,HEADSET,390,,0.242,CENTRO-OESTE,CARLA MENDES,LOJA FÍSICA,EM ANÁLISE
PED-02753,2024-01-05,IMPRESSORA,158,2504.33,0.0,SUL,CARLA MENDES,LOJA FÍSICA,CONCLUÍDO
PED-09521,2023-06-11,MOUSE,,7632.89,0.0,SUDESTE,DIEGO LIMA,LOJA FÍSICA,EM ANÁLISE
PED-00731,2024-01-11,TABLET,999999,,0.075,NORTE,DIEGO LIMA,LOJA FÍSICA,CANCELADO
PED-04158,2024-01-17,MOUSE,,4113.0,0.078,SUL,CARLA MENDES,ONLINE,CONCLUÍDO
PED-05820,,TABLET,,,0.0,NORTE,BRUNO COSTA,LOJA FÍSICA,CANCELADO
PED-04516,,MOUSE,348,,0.159,SUDESTE,BRUNO COSTA,LOJA FÍSICA,EM ANÁLISE
PED-04262,2023-11-15,MOUSE,,11915.04,0.0,NORDESTE,BRUNO COSTA,ONLINE,CANCELADO
PED-06086,2024-09-16,HD EXTERNO,434,,0.0,CENTRO-OESTE,CARLA MENDES,ONLINE,CANCELADO
PED-07486,,HD EXTERNO,,,0.0,CENTRO-OESTE,ELENA SOUZA,TELEVENDAS,EM ANÁLISE
PED-06442,2022-01-07,TECLADO,,,0.0,SUL,BRUNO COSTA,LOJA FÍSICA,PENDENTE
PED-00102,2022-09-08,HD EXTERNO,,,0.05,SUL,BRUNO COSTA,ONLINE,EM ANÁLISE
PED-02733,2022-01-19,MOUSE,214,,0.29,NORDESTE,ELENA SOUZA,REVENDEDOR,PENDENTE
PED-05643,2023-04-11,MONITOR,,14443.0,0.049,NORTE,BRUNO COSTA,ONLINE,EM ANÁLISE
PED-00596,2024-05-20,SMARTPHONE,185,,0.0,SUL,BRUNO COSTA,REVENDEDOR,PENDENTE
PED-00151,2022-08-23,MONITOR,112,,0.143,SUL,CARLA MENDES,LOJA FÍSICA,CONCLUÍDO
PED-09203,2022-08-19,MOUSE,999999,1455.6,0.04,SUDESTE,CARLA MENDES,LOJA FÍSICA,CONCLUÍDO
PED-02676,2024-07-11,TECLADO,,,0.402,SUL,CARLA MENDES,TELEVENDAS,CONCLUÍDO
PED-00226,,MOUSE,134,3516.07,0.0,SUL,DIEGO LIMA,ONLINE,EM ANÁLISE
PED-05861,2024-08-23,IMPRESSORA,448,239.06,0.0,SUDESTE,CARLA MENDES,TELEVENDAS,EM ANÁLISE
PED-09275,2023-02-17,WEBCAM,484,7909.82,0.48,NORTE,ELENA SOUZA,LOJA FÍSICA,EM ANÁLISE
PED-09240,2023-03-05,TECLADO,,14102.0,0.0,NORDESTE,DIEGO LIMA,ONLINE,CONCLUÍDO
PED-00851,2022-08-25,TABLET,,8692.88,0.0,NORTE,ELENA SOUZA,ONLINE,PENDENTE
PED-02284,2024-07-02,NOTEBOOK,206,,0.47,NORTE,CARLA MENDES,REVENDEDOR,CANCELADO
PED-09453,2022-03-08,TABLET,,4039.0,0.388,CENTRO-OESTE,BRUNO COSTA,ONLINE,CONCLUÍDO
PED-04068,2022-04-10,MOUSE,356,5008.69,0.0,NORTE,CARLA MENDES,LOJA FÍSICA,EM ANÁLISE
PED-09946,,NOTEBOOK,999999,14930.63,0.368,NORTE,CARLA MENDES,TELEVENDAS,CONCLUÍDO
PED-05101,2023-02-06,NOTEBOOK,157,7155.9,0.319,SUDESTE,ANA SILVA,LOJA FÍSICA,CONCLUÍDO
PED-01003,,MOUSE,,,0.321,SUDESTE,DIEGO LIMA,ONLINE,CANCELADO
PED-07681,2024-12-02,IMPRESSORA,,10188.41,0.0,NORTE,ELENA SOUZA,TELEVENDAS,PENDENTE
PED-00160,2022-09-28,MONITOR,303,13084.76,0.17600000000000002,NORTE,CARLA MENDES,LOJA FÍSICA,CANCELADO
PED-00233,2024-11-01,WEBCAM,154,,0.004,SUDESTE,DIEGO LIMA,TELEVENDAS,CONCLUÍDO
PED-03479,2023-07-14,TABLET,175,14521.72,0.0,SUL,DIEGO LIMA,LOJA FÍSICA,CANCELADO
PED-05916,2024-09-26,WEBCAM,,4143.64,0.0,NORDESTE,ELENA SOUZA,REVENDEDOR,CONCLUÍDO
PED-09994,2022-04-19,TECLADO,,14871.62,0.0,CENTRO-OESTE,BRUNO COSTA,TELEVENDAS,EM ANÁLISE
PED-08842,,IMPRESSORA,298,,0.0,NORDESTE,ELENA SOUZA,LOJA FÍSICA,EM ANÁLISE
PED-01949,2023-08-21,SMARTPHONE,999999,,0.044,SUL,ANA SILVA,TELEVENDAS,PENDENTE
PED-03324,,IMPRESSORA,,,0.0,NORTE,BRUNO COSTA,TELEVENDAS,CONCLUÍDO
PED-02412,2022-07-03,IMPRESSORA,16,8977.87,0.0,NORTE,DIEGO LIMA,TELEVENDAS,PENDENTE
PED-09113,2022-08-13,TABLET,,,0.0,CENTRO-OESTE,BRUNO COSTA,ONLINE,EM ANÁLISE
PED-00975,2023-09-26,TABLET,999999,6512.0,0.255,SUDESTE,ANA SILVA,ONLINE,PENDENTE
PED-02022,2023-05-05,HD EXTERNO,,,1.0,SUDESTE,ANA SILVA,REVENDEDOR,CANCELADO
PED-04385,2022-03-26,MONITOR,90,5680.0,0.11599999999999999,SUL,CARLA MENDES,TELEVENDAS,CONCLUÍDO
PED-00024,2024-09-05,NOTEBOOK,334,2058.45,0.0,NORDESTE,DIEGO LIMA,ONLINE,EM ANÁLISE
PED-06365,,TABLET,,2335.51,0.126,SUL,DIEGO LIMA,ONLINE,CANCELADO
PED-08478,2022-12-03,HD EXTERNO,373,,0.37200000000000005,NORTE,BRUNO COSTA,REVENDEDOR,CONCLUÍDO
PED-43786,2023-04-15,TABLET,374,6129.33,0.0,NORTE,DIEGO LIMA,ONLINE,EM ANÁLISE
PED-03941,2023-06-02,TABLET,472,7875.27,0.0,NORTE,ELENA SOUZA,ONLINE,CANCELADO
PED-00051,2022-02-18,MOUSE,19,,0.0,NORTE,ELENA SOUZA,LOJA FÍSICA,CANCELADO
PED-01037,,MOUSE,15,,0.056,SUDESTE,BRUNO COSTA,REVENDEDOR,CONCLUÍDO
PED-07982,2024-10-26,TABLET,,,0.107,SUL,ELENA SOUZA,ONLINE,CONCLUÍDO
PED-02551,2023-02-20,IMPRESSORA,,,0.255,NORTE,BRUNO COSTA,TELEVENDAS,PENDENTE
PED-08063,2024-10-14,SMARTPHONE,,3547.0,0.0,NORTE,CARLA MENDES,LOJA FÍSICA,PENDENTE
PED-07055,2023-02-01,MOUSE,999999,,0.22699999999999998,SUL,DIEGO LIMA,LOJA FÍSICA,CONCLUÍDO
PED-08410,,SMARTPHONE,,9314.73,0.0,CENTRO-OESTE,ANA SILVA,LOJA FÍSICA,CONCLUÍDO
PED-29386,2024-04-12,MONITOR,,,0.0,NORTE,DIEGO LIMA,ONLINE,PENDENTE
PED-05601,2024-10-05,NOTEBOOK,,1922.38,0.209,SUL,DIEGO LIMA,ONLINE,CONCLUÍDO
PED-08464,2023-11-22,WEBCAM,,13370.19,0.0,SUL,ELENA SOUZA,LOJA FÍSICA,CANCELADO
PED-09738,,MONITOR,376,,0.017,SUDESTE,NAN,TELEVENDAS,EM ANÁLISE
PED-09869,2023-09-18,HEADSET,,1943.63,0.29100000000000004,NORDESTE,ANA SILVA,LOJA FÍSICA,EM ANÁLISE
PED-07088,2023-02-02,MONITOR,,,0.109,NORDESTE,ELENA SOUZA,LOJA FÍSICA,CANCELADO
PED-04383,2023-09-02,MOUSE,,,0.368,NORDESTE,ELENA SOUZA,ONLINE,CONCLUÍDO
PED-07303,2022-02-17,HEADSET,999999,,0.0,CENTRO-OESTE,ANA SILVA,LOJA FÍSICA,PENDENTE
PED-01262,2022-09-21,TECLADO,999999,,0.191,NORDESTE,CARLA MENDES,LOJA FÍSICA,CONCLUÍDO
PED-01719,2023-11-01,HEADSET,394,4818.72,0.089,NORDESTE,BRUNO COSTA,TELEVENDAS,CONCLUÍDO
PED-05902,2024-12-08,SMARTPHONE,999999,14927.13,0.38,SUL,DIEGO LIMA,LOJA FÍSICA,CANCELADO
PED-07073,,TECLADO,999999,,0.0,NORDESTE,BRUNO COSTA,REVENDEDOR,CONCLUÍDO
PED-09947,2024-11-01,TECLADO,,,0.33399999999999996,SUL,CARLA MENDES,REVENDEDOR,CONCLUÍDO
PED-03364,,MONITOR,139,5428.64,0.21899999999999997,SUL,ANA SILVA,REVENDEDOR,CANCELADO
PED-04492,2023-07-01,TECLADO,,,0.265,NORDESTE,DIEGO LIMA,ONLINE,CONCLUÍDO
PED-00665,2024-05-26,MONITOR,,,0.203,SUDESTE,ANA SILVA,LOJA FÍSICA,EM ANÁLISE
PED-08823,2023-08-04,MOUSE,,,0.0,CENTRO-OESTE,ANA SILVA,ONLINE,CONCLUÍDO
PED-02702,,TABLET,17,,0.0,SUL,CARLA MENDES,TELEVENDAS,CONCLUÍDO
PED-08604,2022-02-01,IMPRESSORA,,,0.278,SUDESTE,CARLA MENDES,LOJA FÍSICA,CONCLUÍDO
PED-02828,2022-05-26,IMPRESSORA,382,902.46,0.03,NORTE,ELENA SOUZA,LOJA FÍSICA,PENDENTE
PED-00700,,IMPRESSORA,999999,111.61,0.0,NORDESTE,ELENA SOUZA,LOJA FÍSICA,CONCLUÍDO
PED-08179,2022-03-15,HEADSET,159,,0.021,SUL,ANA SILVA,REVENDEDOR,CONCLUÍDO
PED-04433,2024-08-20,HD EXTERNO,,7437.94,0.387,SUDESTE,BRUNO COSTA,TELEVENDAS,CONCLUÍDO
PED-07990,2022-08-24,TABLET,,,0.24100000000000002,NORTE,ELENA SOUZA,LOJA FÍSICA,EM ANÁLISE
PED-09690,,MOUSE,,14211.71,0.184,SUL,BRUNO COSTA,TELEVENDAS,CANCELADO
PED-01552,2023-05-20,TABLET,19,,0.044,CENTRO-OESTE,ELENA SOUZA,LOJA FÍSICA,EM ANÁLISE
PED-00655,,MOUSE,414,,0.0,NORTE,CARLA MENDES,REVENDEDOR,PENDENTE
PED-09132,2024-04-08,NOTEBOOK,263,7923.26,0.0,NORTE,BRUNO COSTA,ONLINE,PENDENTE
PED-07839,,MOUSE,271,3557.2,0.162,NORTE,ANA SILVA,LOJA FÍSICA,CANCELADO
PED-05955,2024-10-10,NOTEBOOK,,9961.8,0.394,NORDESTE,DIEGO LIMA,TELEVENDAS,CANCELADO
PED-09401,2022-11-13,NOTEBOOK,426,5627.41,0.0,NORTE,ANA SILVA,REVENDEDOR,EM ANÁLISE
PED-01574,,TECLADO,,8992.92,0.13,SUL,ELENA SOUZA,ONLINE,EM ANÁLISE
PED-02898,,MOUSE,115,,0.075,NORTE,CARLA MENDES,ONLINE,EM ANÁLISE
PED-07098,2023-08-06,TECLADO,,,0.0,NORTE,ELENA SOUZA,LOJA FÍSICA,CONCLUÍDO
PED-05735,2024-11-18,IMPRESSORA,,3479.68,0.0,SUDESTE,ANA SILVA,LOJA FÍSICA,PENDENTE
PED-01487,2023-08-13,MONITOR,999999,14125.93,0.44,SUL,ELENA SOUZA,REVENDEDOR,CONCLUÍDO
PED-07928,2022-11-27,MOUSE,473,3675.17,0.14800000000000002,NORDESTE,CARLA MENDES,LOJA FÍSICA,CONCLUÍDO
PED-05194,2022-01-18,IMPRESSORA,421,6057.17,0.325,SUDESTE,ANA SILVA,LOJA FÍSICA,PENDENTE
PED-08921,2023-11-11,HD EXTERNO,,,0.0,CENTRO-OESTE,DIEGO LIMA,LOJA FÍSICA,PENDENTE
PED-00468,2023-02-06,NOTEBOOK,999999,,0.0,CENTRO-OESTE,ANA SILVA,LOJA FÍSICA,PENDENTE
PED-00374,,MOUSE,,,0.0,SUDESTE,ELENA SOUZA,ONLINE,CONCLUÍDO
PED-00507,2023-01-02,TECLADO,999999,,0.251,SUL,BRUNO COSTA,LOJA FÍSICA,PENDENTE
PED-07955,,HEADSET,449,11701.3,0.0,NORDESTE,BRUNO COSTA,ONLINE,CANCELADO
PED-04237,,HD EXTERNO,,,0.0,NORDESTE,CARLA MENDES,TELEVENDAS,EM ANÁLISE
PED-04792,2023-11-21,HEADSET,999999,8638.95,0.0,SUL,DIEGO LIMA,LOJA FÍSICA,CONCLUÍDO
PED-07013,,NOTEBOOK,461,1246.0,0.062,CENTRO-OESTE,BRUNO COSTA,TELEVENDAS,PENDENTE
PED-08763,,NOTEBOOK,404,2279.0,0.0,NORTE,DIEGO LIMA,REVENDEDOR,EM ANÁLISE
PED-02657,,WEBCAM,,8307.42,0.223,SUDESTE,CARLA MENDES,TELEVENDAS,EM ANÁLISE
PED-07161,,HD EXTERNO,,9332.74,0.0,SUDESTE,ANA SILVA,LOJA FÍSICA,CONCLUÍDO
PED-04318,2023-01-25,WEBCAM,69,,0.06,SUL,ELENA SOUZA,LOJA FÍSICA,CANCELADO
PED-04196,2023-08-25,MOUSE,999999,,0.0,CENTRO-OESTE,BRUNO COSTA,ONLINE,PENDENTE
PED-00370,2024-08-11,HEADSET,286,7777.28,0.468,SUDESTE,DIEGO LIMA,LOJA FÍSICA,PENDENTE
PED-08815,2023-10-07,SMARTPHONE,,,0.41,CENTRO-OESTE,ELENA SOUZA,LOJA FÍSICA,CONCLUÍDO
PED-06734,2022-08-17,MONITOR,294,10563.8,0.127,NORTE,CARLA MENDES,TELEVENDAS,CANCELADO
PED-03600,2022-02-15,HD EXTERNO,127,,0.215,NORTE,DIEGO LIMA,REVENDEDOR,CONCLUÍDO
PED-04014,,MONITOR,417,7219.63,0.0,NORDESTE,CARLA MENDES,REVENDEDOR,CONCLUÍDO
PED-08303,2022-01-09,NOTEBOOK,166,,0.0,NORTE,ELENA SOUZA,LOJA FÍSICA,EM ANÁLISE
PED-01322,,IMPRESSORA,11,,0.0,SUL,DIEGO LIMA,LOJA FÍSICA,CONCLUÍDO
PED-00103,2023-05-03,HD EXTERNO,233,8897.0,0.145,SUL,BRUNO COSTA,LOJA FÍSICA,CONCLUÍDO
PED-07459,,HD EXTERNO,313,,0.0,NORTE,ELENA SOUZA,LOJA FÍSICA,PENDENTE
PED-07694,2023-04-08,TABLET,,10474.63,0.465,NORTE,ELENA SOUZA,REVENDEDOR,EM ANÁLISE
PED-07781,2024-11-17,WEBCAM,267,,1.0,SUL,DIEGO LIMA,REVENDEDOR,CANCELADO
PED-01611,,MONITOR,,3544.01,0.0,NORTE,ANA SILVA,TELEVENDAS,CANCELADO
PED-52355,2024-06-12,WEBCAM,,,0.32799999999999996,CENTRO-OESTE,BRUNO COSTA,TELEVENDAS,CONCLUÍDO
PED-07116,,HD EXTERNO,,775.48,0.0,NORTE,ELENA SOUZA,LOJA FÍSICA,EM ANÁLISE
PED-08104,2024-01-27,HD EXTERNO,342,,0.0,NORDESTE,DIEGO LIMA,ONLINE,EM ANÁLISE
PED-06647,2024-04-12,HEADSET,,6664.7,0.262,SUL,BRUNO COSTA,TELEVENDAS,EM ANÁLISE
PED-03190,2022-01-10,MOUSE,194,7854.42,0.145,NORTE,ANA SILVA,TELEVENDAS,EM ANÁLISE
PED-00737,2024-10-19,IMPRESSORA,125,7312.94,0.6,SUDESTE,ANA SILVA,REVENDEDOR,CONCLUÍDO
PED-05060,2023-11-13,HD EXTERNO,,13650.4,0.45399999999999996,SUDESTE,ANA SILVA,LOJA FÍSICA,CANCELADO
PED-09734,2022-12-13,HEADSET,,2944.85,0.0,CENTRO-OESTE,ANA SILVA,TELEVENDAS,CANCELADO
PED-04734,,MOUSE,296,6582.0,1.0,SUL,ELENA SOUZA,REVENDEDOR,EM ANÁLISE
PED-09130,2022-02-15,NOTEBOOK,468,,1.0,SUL,ANA SILVA,REVENDEDOR,PENDENTE
PED-07244,,HEADSET,,7193.0,0.040999999999999995,NORTE,ANA SILVA,ONLINE,PENDENTE
PED-04154,,IMPRESSORA,,3664.39,0.146,SUL,ELENA SOUZA,REVENDEDOR,CONCLUÍDO
PED-09943,2023-12-24,TECLADO,,8095.84,0.0,SUL,ELENA SOUZA,REVENDEDOR,CANCELADO
PED-00583,,MOUSE,372,14391.83,0.0,CENTRO-OESTE,ANA SILVA,REVENDEDOR,CONCLUÍDO
PED-02118,2023-09-13,TABLET,102,5438.33,0.0,SUDESTE,ELENA SOUZA,REVENDEDOR,CANCELADO
PED-06767,2024-04-27,WEBCAM,,,0.125,CENTRO-OESTE,ELENA SOUZA,LOJA FÍSICA,CONCLUÍDO
PED-08820,,TABLET,198,12502.95,0.434,SUDESTE,ELENA SOUZA,LOJA FÍSICA,CANCELADO
PED-07794,2024-08-22,HEADSET,999999,,0.273,NORTE,ANA SILVA,LOJA FÍSICA,PENDENTE
PED-01206,2023-12-03,MOUSE,,,0.428,NORTE,CARLA MENDES,LOJA FÍSICA,CONCLUÍDO
PED-05381,2023-07-10,NOTEBOOK,260,13548.89,0.0,NORTE,ANA SILVA,ONLINE,EM ANÁLISE
PED-04287,,HEADSET,,,0.359,CENTRO-OESTE,ANA SILVA,LOJA FÍSICA,EM ANÁLISE
PED-09575,2022-07-01,MOUSE,,,0.0,SUDESTE,ELENA SOUZA,REVENDEDOR,CONCLUÍDO
PED-01172,2023-09-21,SMARTPHONE,430,9142.27,0.187,CENTRO-OESTE,DIEGO LIMA,TELEVENDAS,EM ANÁLISE
PED-07078,2023-04-27,SMARTPHONE,999999,1335.0,0.027999999999999997,NORTE,BRUNO COSTA,TELEVENDAS,EM ANÁLISE
PED-06416,2023-05-10,MOUSE,,1799.35,0.0,SUL,ELENA SOUZA,LOJA FÍSICA,PENDENTE
PED-02458,2024-02-13,WEBCAM,107,7155.84,0.0,NORTE,BRUNO COSTA,REVENDEDOR,CONCLUÍDO
PED-09161,2023-01-13,SMARTPHONE,113,,0.184,CENTRO-OESTE,ELENA SOUZA,LOJA FÍSICA,CONCLUÍDO
PED-01801,2024-10-07,HD EXTERNO,22,,0.0,NORTE,BRUNO COSTA,LOJA FÍSICA,PENDENTE
PED-01193,,NOTEBOOK,374,9829.71,0.0,NORDESTE,ANA SILVA,ONLINE,EM ANÁLISE
PED-04054,2022-10-18,MOUSE,,8252.0,0.0,SUL,CARLA MENDES,REVENDEDOR,CONCLUÍDO
PED-03757,2023-01-04,TABLET,,13801.09,0.341,CENTRO-OESTE,ELENA SOUZA,LOJA FÍSICA,CANCELADO
PED-04428,2024-11-21,NOTEBOOK,,11943.07,0.0,SUL,ELENA SOUZA,REVENDEDOR,CONCLUÍDO
PED-05727,2023-08-01,HEADSET,416,,0.281,SUL,ELENA SOUZA,LOJA FÍSICA,PENDENTE
PED-08248,2024-12-08,NOTEBOOK,121,,0.263,SUL,DIEGO LIMA,ONLINE,CONCLUÍDO
PED-01587,2024-03-16,IMPRESSORA,334,,0.013000000000000001,SUL,DIEGO LIMA,ONLINE,EM ANÁLISE
PED-02285,,TECLADO,188,10871.71,0.29100000000000004,NORTE,ANA SILVA,LOJA FÍSICA,CANCELADO
PED-00161,2024-10-05,IMPRESSORA,,8982.13,0.057,SUDESTE,ELENA SOUZA,ONLINE,PENDENTE
PED-09932,2023-03-20,MONITOR,426,,0.063,SUL,CARLA MENDES,TELEVENDAS,CANCELADO
PED-01621,2023-01-20,HD EXTERNO,62,,1.0,SUL,BRUNO COSTA,REVENDEDOR,PENDENTE
PED-03666,2023-01-01,HEADSET,,12251.2,0.257,SUL,CARLA MENDES,LOJA FÍSICA,EM ANÁLISE
PED-02125,2024-02-26,NOTEBOOK,,,0.0,SUDESTE,CARLA MENDES,TELEVENDAS,EM ANÁLISE
PED-01007,2024-02-12,HEADSET,412,10643.0,0.42200000000000004,NORDESTE,DIEGO LIMA,ONLINE,PENDENTE
PED-00174,,MONITOR,304,12755.8,0.261,SUL,ELENA SOUZA,REVENDEDOR,CONCLUÍDO
PED-07494,2022-10-15,WEBCAM,7,9113.62,0.057,CENTRO-OESTE,DIEGO LIMA,LOJA FÍSICA,CONCLUÍDO
PED-08837,2024-05-26,TECLADO,2,,0.0,CENTRO-OESTE,ELENA SOUZA,ONLINE,CONCLUÍDO
PED-01850,,TECLADO,46,7402.56,0.0,NORDESTE,ELENA SOUZA,TELEVENDAS,PENDENTE
PED-05220,2022-03-03,MOUSE,,,0.0,CENTRO-OESTE,CARLA MENDES,ONLINE,EM ANÁLISE
PED-08992,,SMARTPHONE,69,6984.02,0.4,SUL,ELENA SOUZA,ONLINE,EM ANÁLISE
PED-00158,2024-03-21,TECLADO,,6713.88,0.0,NORDESTE,ELENA SOUZA,LOJA FÍSICA,EM ANÁLISE
PED-27743,,SMARTPHONE,,,1.0,CENTRO-OESTE,BRUNO COSTA,LOJA FÍSICA,CONCLUÍDO
PED-02885,,NOTEBOOK,,12109.12,0.249,NORTE,DIEGO LIMA,ONLINE,EM ANÁLISE
PED-02628,2023-08-05,IMPRESSORA,254,11160.62,0.439,SUDESTE,BRUNO COSTA,ONLINE,EM ANÁLISE
PED-47732,2024-04-03,TABLET,337,10563.39,0.4,NORTE,ELENA SOUZA,REVENDEDOR,PENDENTE
PED-02197,,TECLADO,51,12166.42,0.0,SUL,DIEGO LIMA,LOJA FÍSICA,CANCELADO
PED-03713,,MOUSE,,2079.64,0.275,SUDESTE,BRUNO COSTA,LOJA FÍSICA,EM ANÁLISE
PED-06281,,MONITOR,999999,14858.78,0.364,CENTRO-OESTE,BRUNO COSTA,LOJA FÍSICA,PENDENTE
PED-03042,,TABLET,,,0.20600000000000002,NORTE,CARLA MENDES,LOJA FÍSICA,PENDENTE
PED-04819,2022-10-05,HD EXTERNO,,4606.6,0.0,SUL,ANA SILVA,REVENDEDOR,CONCLUÍDO
PED-06888,2022-09-18,WEBCAM,,,0.44299999999999995,CENTRO-OESTE,CARLA MENDES,REVENDEDOR,EM ANÁLISE
PED-03033,2022-01-14,SMARTPHONE,,,0.099,NORTE,BRUNO COSTA,LOJA FÍSICA,EM ANÁLISE
PED-02950,,NOTEBOOK,134,,0.0,CENTRO-OESTE,CARLA MENDES,LOJA FÍSICA,PENDENTE
PED-01559,,IMPRESSORA,354,,0.33899999999999997,SUL,ANA SILVA,REVENDEDOR,CONCLUÍDO
PED-08660,2022-11-21,IMPRESSORA,,6016.71,0.189,SUDESTE,DIEGO LIMA,LOJA FÍSICA,CONCLUÍDO
PED-06498,,NOTEBOOK,244,,0.1,NORDESTE,BRUNO COSTA,LOJA FÍSICA,EM ANÁLISE
PED-02491,,NAN,,10586.49,0.0,SUL,CARLA MENDES,REVENDEDOR,PENDENTE
PED-00172,,TECLADO,,12816.95,0.0,NORDESTE,ANA SILVA,LOJA FÍSICA,CONCLUÍDO
PED-08167,2022-06-21,WEBCAM,42,12737.05,0.0,SUL,ELENA SOUZA,REVENDEDOR,CONCLUÍDO
PED-01659,,MONITOR,,14480.19,0.0,SUDESTE,ELENA SOUZA,TELEVENDAS,CONCLUÍDO
PED-01752,2023-05-01,HD EXTERNO,492,,0.102,CENTRO-OESTE,BRUNO COSTA,REVENDEDOR,CONCLUÍDO
PED-01011,2022-04-26,IMPRESSORA,,13624.93,1.0,NORTE,DIEGO LIMA,LOJA FÍSICA,CANCELADO
PED-08488,2024-02-23,TECLADO,180,2556.91,0.284,SUL,ELENA SOUZA,LOJA FÍSICA,CONCLUÍDO
PED-07181,2024-04-22,MONITOR,,13688.2,0.0,NORTE,ANA SILVA,ONLINE,PENDENTE
PED-04485,,MONITOR,380,7342.0,0.16399999999999998,SUL,CARLA MENDES,TELEVENDAS,CANCELADO
PED-03593,,MOUSE,65,,0.095,NORTE,ANA SILVA,REVENDEDOR,CONCLUÍDO
PED-08892,,TECLADO,,12260.0,0.0,CENTRO-OESTE,CARLA MENDES,ONLINE,PENDENTE
PED-02012,2024-04-15,IMPRESSORA,453,,0.003,SUL,ANA SILVA,LOJA FÍSICA,CANCELADO
PED-00726,2023-10-28,MOUSE,,,0.28,SUL,ELENA SOUZA,LOJA FÍSICA,PENDENTE
PED-05628,2024-06-28,TECLADO,,,0.184,SUL,CARLA MENDES,ONLINE,PENDENTE
PED-04853,2022-06-06,MONITOR,199,5729.58,1.0,CENTRO-OESTE,ELENA SOUZA,LOJA FÍSICA,PENDENTE
PED-05025,2023-05-09,NOTEBOOK,,,0.0,NORDESTE,ANA SILVA,ONLINE,CONCLUÍDO
PED-05876,2024-09-09,HEADSET,250,2894.38,0.01,NORTE,BRUNO COSTA,LOJA FÍSICA,PENDENTE
PED-09512,,WEBCAM,401,110.91,0.0,SUL,DIEGO LIMA,REVENDEDOR,PENDENTE
PED-08564,2023-04-09,TECLADO,296,5330.3,0.40299999999999997,NORTE,ANA SILVA,TELEVENDAS,PENDENTE
PED-00912,2022-05-26,HEADSET,295,11134.38,0.145,NORDESTE,ELENA SOUZA,ONLINE,CONCLUÍDO
PED-01692,2022-01-14,SMARTPHONE,331,9432.95,0.06,NORTE,BRUNO COSTA,ONLINE,EM ANÁLISE
PED-01106,,MOUSE,195,,0.475,NORTE,ELENA SOUZA,ONLINE,CONCLUÍDO
PED-00062,,TABLET,311,,0.127,SUDESTE,ANA SILVA,LOJA FÍSICA,PENDENTE
PED-08371,2023-02-27,SMARTPHONE,,,0.0,SUDESTE,BRUNO COSTA,ONLINE,CONCLUÍDO
PED-01674,2023-12-12,SMARTPHONE,,,0.42,CENTRO-OESTE,DIEGO LIMA,REVENDEDOR,CONCLUÍDO
PED-09976,2024-11-26,NAN,52,8646.48,0.369,SUL,BRUNO COSTA,REVENDEDOR,CONCLUÍDO
PED-05264,2024-07-23,IMPRESSORA,,,0.0,SUL,CARLA MENDES,ONLINE,PENDENTE
PED-03960,2023-09-16,NOTEBOOK,999999,9925.39,0.0,CENTRO-OESTE,DIEGO LIMA,LOJA FÍSICA,CANCELADO
PED-07678,2022-03-12,HEADSET,,5510.07,1.0,CENTRO-OESTE,DIEGO LIMA,LOJA FÍSICA,CONCLUÍDO
PED-08343,2022-12-05,HEADSET,423,9399.29,1.0,SUL,ANA SILVA,ONLINE,EM ANÁLISE
PED-07501,,MONITOR,30,,0.0,NORTE,ELENA SOUZA,ONLINE,CONCLUÍDO
PED-07322,2022-06-08,IMPRESSORA,,2601.2,0.0,SUDESTE,BRUNO COSTA,ONLINE,EM ANÁLISE
PED-06429,,MONITOR,310,9828.95,0.26,SUDESTE,ELENA SOUZA,REVENDEDOR,CONCLUÍDO
PED-04975,2023-12-01,TECLADO,,4119.06,0.0,SUL,BRUNO COSTA,LOJA FÍSICA,PENDENTE
PED-03694,,IMPRESSORA,223,,0.0,SUL,DIEGO LIMA,LOJA FÍSICA,PENDENTE
PED-02661,2023-02-18,WEBCAM,283,,1.0,SUL,ANA SILVA,REVENDEDOR,CONCLUÍDO
PED-04438,2022-10-11,HD EXTERNO,,1247.03,1.0,NORTE,BRUNO COSTA,ONLINE,EM ANÁLISE
PED-01921,2024-10-19,HD EXTERNO,189,10762.93,0.054,SUL,BRUNO COSTA,LOJA FÍSICA,PENDENTE
PED-02477,2023-08-25,TABLET,344,8010.1,0.107,SUDESTE,BRUNO COSTA,REVENDEDOR,PENDENTE
PED-06765,2024-08-26,HD EXTERNO,999999,839.73,0.21,NORTE,ANA SILVA,LOJA FÍSICA,PENDENTE
PED-03783,2022-10-27,MOUSE,,,0.0,NORDESTE,DIEGO LIMA,LOJA FÍSICA,PENDENTE
PED-00550,2023-10-11,HD EXTERNO,382,13826.13,0.0,NORTE,DIEGO LIMA,REVENDEDOR,CONCLUÍDO
PED-01953,2022-10-21,WEBCAM,,,0.0,SUDESTE,ANA SILVA,LOJA FÍSICA,PENDENTE
PED-03195,2023-12-15,WEBCAM,,,0.0,NORTE,CARLA MENDES,LOJA FÍSICA,PENDENTE
PED-79841,2024-03-02,HD EXTERNO,,,0.254,SUDESTE,DIEGO LIMA,ONLINE,PENDENTE
PED-00326,,HEADSET,,3214.59,0.0,NORTE,BRUNO COSTA,TELEVENDAS,CONCLUÍDO
PED-01472,,WEBCAM,220,,0.0,SUDESTE,ANA SILVA,LOJA FÍSICA,EM ANÁLISE
PED-08607,,HEADSET,35,10646.03,0.15,NORDESTE,DIEGO LIMA,LOJA FÍSICA,CONCLUÍDO
PED-07792,,HEADSET,126,6033.0,0.408,SUL,DIEGO LIMA,ONLINE,EM ANÁLISE
PED-08046,2022-02-06,HEADSET,9,9096.09,0.489,SUDESTE,ELENA SOUZA,ONLINE,CANCELADO
PED-00952,2024-05-24,HEADSET,42,,0.0,SUDESTE,BRUNO COSTA,TELEVENDAS,CONCLUÍDO
PED-05400,2022-04-01,TECLADO,,6530.36,1.0,CENTRO-OESTE,CARLA MENDES,LOJA FÍSICA,CANCELADO
PED-08007,,MONITOR,69,7945.73,0.0,SUDESTE,ELENA SOUZA,ONLINE,PENDENTE
PED-09089,,WEBCAM,314,,0.449,SUL,CARLA MENDES,LOJA FÍSICA,CANCELADO
PED-04664,2024-03-19,HEADSET,452,7658.78,0.0,NORTE,ANA SILVA,REVENDEDOR,PENDENTE
PED-07194,,HEADSET,,,0.154,NORTE,ANA SILVA,REVENDEDOR,PENDENTE
PED-07553,2022-09-15,WEBCAM,,,0.17300000000000001,SUL,DIEGO LIMA,TELEVENDAS,CONCLUÍDO
PED-08155,,TABLET,,9213.61,0.349,NORTE,CARLA MENDES,TELEVENDAS,CANCELADO
PED-09708,,HEADSET,221,557.0,0.31,NORDESTE,ELENA SOUZA,LOJA FÍSICA,CONCLUÍDO
PED-02888,,IMPRESSORA,304,6718.0,0.0,SUDESTE,DIEGO LIMA,REVENDEDOR,CANCELADO
PED-00108,2022-12-14,HEADSET,415,14528.03,0.162,NORDESTE,ANA SILVA,LOJA FÍSICA,EM ANÁLISE
PED-00757,2023-09-12,TECLADO,88,2573.0,0.0,NORTE,BRUNO COSTA,TELEVENDAS,PENDENTE
PED-00539,2022-01-16,SMARTPHONE,51,9290.0,0.5,NORTE,ELENA SOUZA,LOJA FÍSICA,EM ANÁLISE
PED-00438,,HEADSET,382,,0.0,NORTE,DIEGO LIMA,TELEVENDAS,PENDENTE
PED-04159,2022-09-10,MONITOR,236,,0.0,SUDESTE,CARLA MENDES,REVENDEDOR,EM ANÁLISE
PED-07113,2024-09-08,TECLADO,398,,0.235,CENTRO-OESTE,ELENA SOUZA,ONLINE,CANCELADO
PED-04456,2023-11-23,HEADSET,,13373.25,1.0,NORTE,BRUNO COSTA,ONLINE,CANCELADO
PED-09010,,WEBCAM,154,5092.36,0.0,CENTRO-OESTE,ELENA SOUZA,REVENDEDOR,PENDENTE
PED-03025,2022-11-13,MONITOR,131,,0.08300000000000002,NORDESTE,ANA SILVA,REVENDEDOR,EM ANÁLISE
PED-56329,2022-03-20,WEBCAM,96,,0.0,CENTRO-OESTE,ELENA SOUZA,LOJA FÍSICA,EM ANÁLISE
PED-07894,2023-06-03,MONITOR,266,14500.62,0.0,NORTE,ELENA SOUZA,TELEVENDAS,PENDENTE
PED-06267,2022-06-03,TABLET,999999,,0.5,CENTRO-OESTE,BRUNO COSTA,LOJA FÍSICA,CONCLUÍDO
PED-07401,2024-02-20,SMARTPHONE,,,0.0,NORDESTE,ANA SILVA,TELEVENDAS,CONCLUÍDO
PED-01243,2024-09-25,MOUSE,,,0.192,SUL,BRUNO COSTA,TELEVENDAS,CONCLUÍDO
PED-04926,,TECLADO,,12944.49,0.0,SUL,DIEGO LIMA,ONLINE,PENDENTE
PED-05807,2022-04-23,WEBCAM,,,0.26,SUDESTE,BRUNO COSTA,REVENDEDOR,PENDENTE
PED-04980,2022-04-14,NOTEBOOK,,,1.0,SUDESTE,ELENA SOUZA,LOJA FÍSICA,CONCLUÍDO
PED-06080,2023-03-05,SMARTPHONE,244,5940.95,0.0,SUL,CARLA MENDES,REVENDEDOR,CONCLUÍDO
PED-98902,,MOUSE,148,2567.34,0.479,NORTE,CARLA MENDES,TELEVENDAS,CONCLUÍDO
PED-02979,2022-01-23,HD EXTERNO,343,8812.63,1.0,NORTE,BRUNO COSTA,ONLINE,CONCLUÍDO
PED-07422,2024-05-22,HD EXTERNO,,,0.067,NORTE,BRUNO COSTA,LOJA FÍSICA,CONCLUÍDO
PED-09915,,WEBCAM,77,12683.32,0.309,NORTE,CARLA MENDES,LOJA FÍSICA,CANCELADO
PED-08777,2023-04-19,MOUSE,21,10693.0,0.013999999999999999,SUDESTE,CARLA MENDES,TELEVENDAS,PENDENTE
PED-00755,,WEBCAM,,12438.0,0.0,NORTE,BRUNO COSTA,LOJA FÍSICA,CONCLUÍDO
PED-08388,,MOUSE,,14694.1,0.349,NORDESTE,ELENA SOUZA,REVENDEDOR,CANCELADO
PED-06852,2024-08-07,WEBCAM,253,11255.8,0.239,SUDESTE,ANA SILVA,LOJA FÍSICA,EM ANÁLISE
PED-08050,,SMARTPHONE,327,4715.89,0.48,SUL,ELENA SOUZA,LOJA FÍSICA,CANCELADO
PED-02283,2024-08-24,TECLADO,200,,0.207,NORTE,ANA SILVA,LOJA FÍSICA,CANCELADO
PED-07315,2022-04-07,MONITOR,,,0.0,CENTRO-OESTE,CARLA MENDES,LOJA FÍSICA,PENDENTE
PED-01301,,IMPRESSORA,,9272.97,0.428,SUL,ANA SILVA,LOJA FÍSICA,CONCLUÍDO
PED-03927,2022-01-13,HD EXTERNO,,,0.465,SUDESTE,ANA SILVA,TELEVENDAS,EM ANÁLISE
PED-06118,2023-07-09,HEADSET,,,0.0,CENTRO-OESTE,CARLA MENDES,ONLINE,CONCLUÍDO
PED-08266,,NOTEBOOK,999999,,0.0,NORTE,CARLA MENDES,TELEVENDAS,CANCELADO
PED-09428,2023-05-26,TABLET,,4500.0,0.41600000000000004,NORTE,CARLA MENDES,ONLINE,CONCLUÍDO
PED-03155,2024-01-04,HEADSET,107,7012.15,0.024,SUL,CARLA MENDES,REVENDEDOR,CANCELADO
PED-66788,,IMPRESSORA,999999,4112.15,0.0,CENTRO-OESTE,CARLA MENDES,REVENDEDOR,CONCLUÍDO
PED-03886,2023-05-05,HD EXTERNO,,,0.0,SUDESTE,BRUNO COSTA,TELEVENDAS,CONCLUÍDO
PED-02146,,TABLET,465,,0.0,CENTRO-OESTE,ELENA SOUZA,ONLINE,EM ANÁLISE
PED-02889,2022-10-05,NOTEBOOK,,,0.018000000000000002,CENTRO-OESTE,CARLA MENDES,LOJA FÍSICA,CONCLUÍDO
PED-04569,2022-02-12,HEADSET,999999,,0.0,NORDESTE,CARLA MENDES,LOJA FÍSICA,EM ANÁLISE
PED-01266,2023-01-21,HEADSET,127,7990.71,1.0,SUL,CARLA MENDES,ONLINE,EM ANÁLISE
PED-07857,,HD EXTERNO,,,0.308,SUL,ANA SILVA,LOJA FÍSICA,CONCLUÍDO
PED-05847,2022-12-24,MOUSE,326,10307.56,0.031,NORTE,CARLA MENDES,REVENDEDOR,CANCELADO
PED-08846,2022-06-27,HD EXTERNO,,,0.0,SUDESTE,BRUNO COSTA,REVENDEDOR,CONCLUÍDO
PED-03278,2024-06-12,HD EXTERNO,175,1185.45,0.09,SUL,ANA SILVA,ONLINE,CANCELADO
PED-04457,2024-04-23,SMARTPHONE,162,,0.0,SUDESTE,DIEGO LIMA,TELEVENDAS,PENDENTE
PED-02218,,SMARTPHONE,54,,0.184,SUDESTE,ANA SILVA,REVENDEDOR,CANCELADO
PED-07905,,WEBCAM,,,0.0,NORDESTE,ELENA SOUZA,REVENDEDOR,CONCLUÍDO
PED-00568,,TABLET,476,3808.5,0.0,SUL,DIEGO LIMA,ONLINE,PENDENTE
PED-08512,2024-05-08,TECLADO,148,,0.355,NORTE,DIEGO LIMA,ONLINE,PENDENTE
PED-07092,2023-12-02,TECLADO,,12165.96,0.444,SUDESTE,CARLA MENDES,ONLINE,CONCLUÍDO
PED-00540,2023-07-06,NAN,66,9711.63,0.0,SUL,CARLA MENDES,TELEVENDAS,EM ANÁLISE
PED-07204,2024-11-07,MONITOR,121,5232.93,0.0,SUL,DIEGO LIMA,ONLINE,CONCLUÍDO
PED-07544,2023-01-25,MONITOR,,9332.52,0.0,NORTE,ELENA SOUZA,REVENDEDOR,PENDENTE
PED-01349,2022-02-11,MOUSE,,13583.86,0.0,NORDESTE,CARLA MENDES,ONLINE,PENDENTE
PED-02480,,WEBCAM,,11323.24,0.26,NORTE,DIEGO LIMA,TELEVENDAS,PENDENTE
PED-01280,,TABLET,375,,0.47,SUDESTE,BRUNO COSTA,REVENDEDOR,EM ANÁLISE
PED-06887,,SMARTPHONE,999999,12997.28,0.34700000000000003,NORTE,ELENA SOUZA,LOJA FÍSICA,PENDENTE
PED-00626,,TECLADO,,12943.0,0.0,CENTRO-OESTE,CARLA MENDES,REVENDEDOR,PENDENTE
PED-04538,2023-09-19,TABLET,61,180.22,0.0,NORDESTE,DIEGO LIMA,LOJA FÍSICA,PENDENTE
PED-00985,2022-01-09,TECLADO,154,,0.19399999999999998,CENTRO-OESTE,ANA SILVA,REVENDEDOR,CANCELADO
PED-01710,2024-09-01,TECLADO,,12598.0,1.0,NORTE,BRUNO COSTA,ONLINE,CONCLUÍDO
PED-09717,,TECLADO,383,9539.68,0.313,NORTE,CARLA MENDES,LOJA FÍSICA,EM ANÁLISE
PED-08252,2023-02-26,WEBCAM,454,,0.0,SUDESTE,CARLA MENDES,LOJA FÍSICA,PENDENTE
PED-02563,2022-03-20,MONITOR,,3025.33,0.364,NORTE,ELENA SOUZA,LOJA FÍSICA,EM ANÁLISE
PED-02509,2023-12-11,TECLADO,,4011.6,0.0,SUL,BRUNO COSTA,ONLINE,CANCELADO
PED-08090,2024-12-12,WEBCAM,,6135.88,0.0,NORTE,ANA SILVA,TELEVENDAS,CANCELADO
PED-02133,2022-01-11,HD EXTERNO,99,12719.6,0.326,SUL,CARLA MENDES,ONLINE,EM ANÁLISE
PED-01566,2024-07-15,MOUSE,,4839.39,0.0,NORDESTE,CARLA MENDES,ONLINE,CANCELADO
PED-04753,2023-08-20,TABLET,170,,0.0,SUL,BRUNO COSTA,REVENDEDOR,EM ANÁLISE
PED-09346,2022-02-22,WEBCAM,,4180.59,0.23399999999999999,CENTRO-OESTE,ELENA SOUZA,LOJA FÍSICA,PENDENTE
PED-07858,,TABLET,350,2146.2,0.0,SUL,CARLA MENDES,ONLINE,CANCELADO
PED-06840,2022-01-23,HD EXTERNO,,14225.19,0.134,SUL,DIEGO LIMA,ONLINE,EM ANÁLISE
PED-03814,2023-08-14,SMARTPHONE,,,0.0,SUL,ELENA SOUZA,LOJA FÍSICA,PENDENTE
PED-08047,2023-11-05,SMARTPHONE,491,6373.55,0.425,NORTE,ANA SILVA,ONLINE,PENDENTE
PED-00622,,IMPRESSORA,,,0.407,CENTRO-OESTE,ANA SILVA,ONLINE,EM ANÁLISE
PED-07084,2024-06-17,TECLADO,999999,14359.35,1.0,NORDESTE,CARLA MENDES,ONLINE,EM ANÁLISE
PED-07516,2023-01-26,IMPRESSORA,220,1891.06,1.0,SUL,ANA SILVA,REVENDEDOR,EM ANÁLISE
PED-06380,2023-11-06,MONITOR,,,0.175,SUL,ANA SILVA,LOJA FÍSICA,CONCLUÍDO
PED-04190,,HEADSET,267,,0.0,NORTE,ELENA SOUZA,ONLINE,EM ANÁLISE
PED-03338,,IMPRESSORA,171,,0.0,SUL,ELENA SOUZA,LOJA FÍSICA,EM ANÁLISE
PED-05131,2022-01-17,IMPRESSORA,178,3906.93,0.19899999999999998,NORTE,CARLA MENDES,LOJA FÍSICA,CONCLUÍDO
PED-06094,2023-08-14,WEBCAM,,,0.032,CENTRO-OESTE,DIEGO LIMA,ONLINE,PENDENTE
PED-07368,2022-11-17,HEADSET,460,,0.0,SUL,CARLA MENDES,LOJA FÍSICA,PENDENTE
PED-05848,2024-10-20,SMARTPHONE,,11117.37,0.0,CENTRO-OESTE,BRUNO COSTA,ONLINE,PENDENTE
PED-03326,2022-11-16,SMARTPHONE,,,0.0,NORTE,BRUNO COSTA,TELEVENDAS,CANCELADO
PED-06768,2023-02-24,HEADSET,,,0.09699999999999999,NORDESTE,CARLA MENDES,TELEVENDAS,EM ANÁLISE
PED-04764,2024-04-24,MOUSE,,3578.67,0.057999999999999996,CENTRO-OESTE,CARLA MENDES,LOJA FÍSICA,PENDENTE
PED-92320,2024-11-16,IMPRESSORA,999999,7776.68,0.415,SUDESTE,ELENA SOUZA,TELEVENDAS,EM ANÁLISE
PED-07933,2024-03-15,SMARTPHONE,444,4878.21,0.04,NORTE,ELENA SOUZA,ONLINE,PENDENTE
PED-02561,,MONITOR,,12031.31,0.17,NORDESTE,CARLA MENDES,LOJA FÍSICA,CONCLUÍDO
PED-05927,,MOUSE,,,1.0,SUL,ANA SILVA,ONLINE,PENDENTE
PED-01442,,IMPRESSORA,454,8789.04,0.0,SUL,CARLA MENDES,ONLINE,PENDENTE
PED-56034,2024-11-12,TECLADO,,,1.0,NORTE,CARLA MENDES,LOJA FÍSICA,CONCLUÍDO
PED-09742,,TABLET,999999,,0.4,SUDESTE,DIEGO LIMA,LOJA FÍSICA,EM ANÁLISE
PED-04944,,MONITOR,,,1.0,SUDESTE,ELENA SOUZA,REVENDEDOR,EM ANÁLISE
PED-00644,2024-02-18,SMARTPHONE,,,0.0,NORDESTE,BRUNO COSTA,ONLINE,EM ANÁLISE
PED-04816,,WEBCAM,,,0.43,SUDESTE,ELENA SOUZA,LOJA FÍSICA,PENDENTE
PED-01612,2024-04-02,WEBCAM,999999,,0.19,SUL,ELENA SOUZA,REVENDEDOR,CONCLUÍDO
PED-06502,,TECLADO,270,,0.04,SUL,BRUNO COSTA,LOJA FÍSICA,EM ANÁLISE
PED-06051,2022-08-19,IMPRESSORA,142,6918.21,0.46399999999999997,SUL,DIEGO LIMA,TELEVENDAS,CONCLUÍDO
PED-03217,2024-10-20,WEBCAM,16,,0.28300000000000003,SUL,ANA SILVA,REVENDEDOR,CANCELADO
PED-02169,2023-06-15,MOUSE,,,0.0,SUDESTE,DIEGO LIMA,REVENDEDOR,PENDENTE
PED-04557,2023-05-04,MOUSE,186,,0.34700000000000003,NORTE,ELENA SOUZA,LOJA FÍSICA,PENDENTE
PED-06568,2023-07-19,HEADSET,,14708.15,0.0,CENTRO-OESTE,BRUNO COSTA,ONLINE,CANCELADO
PED-04291,,TABLET,347,4760.82,0.0,NORTE,CARLA MENDES,REVENDEDOR,EM ANÁLISE
PED-02919,2024-06-10,SMARTPHONE,64,13564.15,0.0,SUL,BRUNO COSTA,LOJA FÍSICA,CONCLUÍDO
PED-05665,2023-08-27,MONITOR,,14960.2,0.0,SUDESTE,BRUNO COSTA,LOJA FÍSICA,CONCLUÍDO
PED-86432,,HEADSET,174,13655.27,0.137,CENTRO-OESTE,CARLA MENDES,TELEVENDAS,CONCLUÍDO
PED-08231,2022-12-09,WEBCAM,,4023.98,1.0,NORTE,BRUNO COSTA,ONLINE,PENDENTE
PED-00815,,IMPRESSORA,,11100.49,0.0,SUL,BRUNO COSTA,LOJA FÍSICA,CONCLUÍDO
PED-05235,2022-10-17,HD EXTERNO,295,,0.0,SUDESTE,ELENA SOUZA,TELEVENDAS,EM ANÁLISE
PED-06291,2024-11-23,MONITOR,,,0.435,NORDESTE,ELENA SOUZA,REVENDEDOR,PENDENTE
PED-04912,2024-01-15,HD EXTERNO,116,,0.0,SUL,ANA SILVA,LOJA FÍSICA,EM ANÁLISE
PED-07174,2024-10-14,WEBCAM,19,11608.0,0.0,SUDESTE,DIEGO LIMA,TELEVENDAS,CONCLUÍDO
PED-03551,,MONITOR,449,,0.0,SUDESTE,BRUNO COSTA,TELEVENDAS,PENDENTE
PED-07004,2022-11-16,TABLET,64,7787.13,0.251,SUL,BRUNO COSTA,REVENDEDOR,CONCLUÍDO
PED-08235,,TABLET,,2451.0,0.16,SUDESTE,DIEGO LIMA,LOJA FÍSICA,CONCLUÍDO
PED-00408,,HEADSET,153,7510.11,0.13,NORDESTE,DIEGO LIMA,LOJA FÍSICA,CANCELADO
PED-06009,2023-04-10,TECLADO,,9975.73,0.025,SUL,ELENA SOUZA,TELEVENDAS,CANCELADO
PED-02083,2023-12-07,IMPRESSORA,,,0.0,NORTE,ANA SILVA,TELEVENDAS,CANCELADO
PED-01560,2023-11-22,HD EXTERNO,999999,121.47,0.067,SUL,CARLA MENDES,REVENDEDOR,CONCLUÍDO
PED-08422,,NOTEBOOK,483,5935.0,0.0,SUDESTE,ELENA SOUZA,TELEVENDAS,CONCLUÍDO
PED-01584,2022-11-21,TABLET,324,,1.0,SUL,CARLA MENDES,LOJA FÍSICA,PENDENTE
PED-02660,2023-11-01,WEBCAM,200,5505.95,0.0,SUDESTE,ELENA SOUZA,TELEVENDAS,CONCLUÍDO
PED-08398,2023-09-18,SMARTPHONE,,14524.08,0.429,SUL,BRUNO COSTA,TELEVENDAS,CONCLUÍDO
PED-05393,2023-10-06,MOUSE,97,,0.0,SUL,ANA SILVA,LOJA FÍSICA,CONCLUÍDO
PED-06629,,MOUSE,,,0.022000000000000002,NORTE,ANA SILVA,LOJA FÍSICA,CANCELADO
PED-06222,2023-05-01,IMPRESSORA,110,7751.82,0.151,NORDESTE,DIEGO LIMA,REVENDEDOR,CANCELADO
PED-09409,2022-07-19,TECLADO,,,0.0,CENTRO-OESTE,ELENA SOUZA,LOJA FÍSICA,CONCLUÍDO
PED-05423,,TABLET,999999,,0.0,SUDESTE,ELENA SOUZA,LOJA FÍSICA,PENDENTE
PED-01476,2023-11-25,HEADSET,224,,0.0,SUL,ELENA SOUZA,REVENDEDOR,CANCELADO
PED-02704,2024-08-03,HD EXTERNO,,11511.07,0.21100000000000002,SUL,CARLA MENDES,REVENDEDOR,PENDENTE
PED-04588,,WEBCAM,,11112.54,0.0,CENTRO-OESTE,NAN,TELEVENDAS,CANCELADO
PED-06978,,SMARTPHONE,999999,7935.39,0.0,CENTRO-OESTE,DIEGO LIMA,REVENDEDOR,PENDENTE
PED-07337,2022-06-23,NAN,,,0.0,SUL,ELENA SOUZA,REVENDEDOR,PENDENTE
PED-09413,,TECLADO,,14817.39,1.0,SUDESTE,ANA SILVA,REVENDEDOR,PENDENTE
PED-09419,2022-05-20,TABLET,,,0.482,SUDESTE,ELENA SOUZA,REVENDEDOR,CANCELADO
PED-00273,2022-03-05,HEADSET,494,7477.16,0.0,SUDESTE,ELENA SOUZA,ONLINE,CANCELADO
PED-00035,2023-08-16,NOTEBOOK,436,,0.081,CENTRO-OESTE,ANA SILVA,LOJA FÍSICA,EM ANÁLISE
PED-08876,2023-07-26,SMARTPHONE,295,4841.0,0.02,SUL,CARLA MENDES,REVENDEDOR,EM ANÁLISE
PED-09452,2023-01-19,NOTEBOOK,,,0.01,CENTRO-OESTE,BRUNO COSTA,LOJA FÍSICA,PENDENTE
PED-00218,2024-06-11,TECLADO,,,0.0,NORDESTE,ELENA SOUZA,TELEVENDAS,CONCLUÍDO
PED-08029,2023-12-15,TECLADO,152,4130.01,0.0,NORTE,BRUNO COSTA,LOJA FÍSICA,PENDENTE
PED-05989,,WEBCAM,214,12562.18,0.0,NORTE,CARLA MENDES,TELEVENDAS,CANCELADO
PED-08277,2022-09-08,HD EXTERNO,413,,0.0,SUL,CARLA MENDES,LOJA FÍSICA,CONCLUÍDO
PED-07912,2022-07-10,WEBCAM,99,,0.0,SUDESTE,DIEGO LIMA,ONLINE,CANCELADO
PED-09484,,HEADSET,,1186.0,0.0,SUDESTE,ANA SILVA,LOJA FÍSICA,CANCELADO
PED-09804,2023-02-25,SMARTPHONE,402,,0.0,NORTE,BRUNO COSTA,ONLINE,EM ANÁLISE
PED-00247,2022-09-19,NAN,38,4608.2,0.0,NORTE,DIEGO LIMA,REVENDEDOR,PENDENTE
PED-04859,2024-10-03,NOTEBOOK,,,0.31,SUDESTE,DIEGO LIMA,LOJA FÍSICA,CONCLUÍDO
PED-01047,2023-11-24,NOTEBOOK,39,2593.44,0.0,SUL,BRUNO COSTA,TELEVENDAS,EM ANÁLISE
PED-06099,,IMPRESSORA,,,0.0,SUL,ELENA SOUZA,TELEVENDAS,CANCELADO
PED-04462,2024-07-04,HD EXTERNO,64,,0.0,SUDESTE,ELENA SOUZA,REVENDEDOR,CANCELADO
PED-04919,2022-03-18,IMPRESSORA,350,553.87,0.0,NORTE,BRUNO COSTA,TELEVENDAS,CONCLUÍDO
PED-07011,2024-12-21,HEADSET,,187.26,0.0,NORTE,ELENA SOUZA,ONLINE,CONCLUÍDO
PED-05992,2023-07-10,MONITOR,,,0.0,SUL,ELENA SOUZA,TELEVENDAS,EM ANÁLISE
PED-07806,2023-09-23,MONITOR,98,421.65,0.391,SUL,ANA SILVA,REVENDEDOR,PENDENTE
PED-02738,2022-11-01,IMPRESSORA,,,0.22,SUL,DIEGO LIMA,TELEVENDAS,PENDENTE
PED-04974,2023-06-11,MOUSE,14,4654.26,0.0,NORTE,CARLA MENDES,REVENDEDOR,PENDENTE
PED-09199,2024-06-02,IMPRESSORA,,10043.49,0.0,CENTRO-OESTE,CARLA MENDES,TELEVENDAS,CONCLUÍDO
PED-04667,2023-04-23,NOTEBOOK,,,0.261,CENTRO-OESTE,ELENA SOUZA,LOJA FÍSICA,EM ANÁLISE
PED-08123,,NOTEBOOK,,,0.357,NORTE,DIEGO LIMA,REVENDEDOR,CONCLUÍDO
PED-02552,2023-09-20,NOTEBOOK,308,14644.4,0.061,SUL,DIEGO LIMA,LOJA FÍSICA,CONCLUÍDO
PED-01979,2022-04-21,NAN,,11227.24,0.498,NORTE,BRUNO COSTA,LOJA FÍSICA,CANCELADO
PED-02248,2023-07-28,IMPRESSORA,999999,,0.243,SUDESTE,DIEGO LIMA,ONLINE,CONCLUÍDO
PED-01060,2024-12-20,HD EXTERNO,293,5984.1,0.059000000000000004,CENTRO-OESTE,BRUNO COSTA,REVENDEDOR,CANCELADO
PED-06278,,NOTEBOOK,,,0.285,SUDESTE,ANA SILVA,ONLINE,PENDENTE
PED-04039,2022-01-17,HD EXTERNO,,,0.0,SUL,CARLA MENDES,ONLINE,EM ANÁLISE
PED-02239,2024-12-27,HEADSET,470,,0.0,SUL,ANA SILVA,ONLINE,EM ANÁLISE
PED-08403,2023-10-13,TECLADO,,,1.0,NORTE,BRUNO COSTA,LOJA FÍSICA,CONCLUÍDO
PED-06919,2023-10-01,WEBCAM,,,0.0,NORTE,ELENA SOUZA,TELEVENDAS,CONCLUÍDO
PED-02204,2024-03-05,SMARTPHONE,,,0.298,SUL,ANA SILVA,ONLINE,PENDENTE
PED-03032,2024-08-12,HD EXTERNO,,,0.186,NORTE,BRUNO COSTA,LOJA FÍSICA,CONCLUÍDO
PED-06893,2024-01-13,MOUSE,260,6294.25,0.019,SUL,CARLA MENDES,TELEVENDAS,EM ANÁLISE
PED-06664,,SMARTPHONE,477,,0.087,SUL,CARLA MENDES,TELEVENDAS,CONCLUÍDO
PED-05897,2024-01-08,IMPRESSORA,422,14028.0,0.33,SUDESTE,ANA SILVA,ONLINE,CANCELADO
PED-07743,2023-11-04,WEBCAM,481,,0.0,SUL,BRUNO COSTA,LOJA FÍSICA,PENDENTE
PED-01844,2022-01-07,HD EXTERNO,,2038.28,0.44799999999999995,SUL,DIEGO LIMA,TELEVENDAS,PENDENTE
PED-01250,2022-05-10,NOTEBOOK,,5589.46,0.419,SUDESTE,ELENA SOUZA,ONLINE,CANCELADO
PED-07643,2022-08-14,WEBCAM,278,,0.36200000000000004,CENTRO-OESTE,ANA SILVA,LOJA FÍSICA,CONCLUÍDO
PED-03295,,TABLET,,373.99,0.11199999999999999,NORDESTE,CARLA MENDES,TELEVENDAS,EM ANÁLISE
PED-05907,,HD EXTERNO,,6446.0,0.0,SUL,BRUNO COSTA,ONLINE,CONCLUÍDO
PED-01407,2024-04-22,HD EXTERNO,,,0.361,CENTRO-OESTE,ELENA SOUZA,ONLINE,CONCLUÍDO
PED-00057,2024-04-19,IMPRESSORA,72,,0.385,SUL,CARLA MENDES,ONLINE,CONCLUÍDO
PED-05683,2024-10-06,TABLET,,6523.15,0.0,SUL,BRUNO COSTA,TELEVENDAS,EM ANÁLISE
PED-06229,2023-11-20,MONITOR,383,8782.17,0.07,NORDESTE,ELENA SOUZA,ONLINE,CANCELADO
PED-08810,2022-01-28,SMARTPHONE,999999,,0.0,SUL,ELENA SOUZA,LOJA FÍSICA,CANCELADO
PED-03559,2022-01-16,MOUSE,468,,0.32899999999999996,SUL,DIEGO LIMA,LOJA FÍSICA,CANCELADO
PED-00605,2022-03-14,MOUSE,,,0.444,SUDESTE,DIEGO LIMA,TELEVENDAS,CONCLUÍDO
PED-02544,2022-09-05,IMPRESSORA,157,12502.29,0.168,CENTRO-OESTE,DIEGO LIMA,LOJA FÍSICA,PENDENTE
PED-00996,,HD EXTERNO,306,,0.0,NORDESTE,CARLA MENDES,ONLINE,CONCLUÍDO
PED-00224,2023-12-09,NAN,,,1.0,SUDESTE,BRUNO COSTA,ONLINE,CANCELADO
PED-03030,2023-01-11,TECLADO,,3521.78,0.0,NORTE,ELENA SOUZA,ONLINE,CONCLUÍDO
PED-03722,,TECLADO,,10281.24,0.11,SUDESTE,ELENA SOUZA,TELEVENDAS,PENDENTE
PED-00352,,TECLADO,267,,0.375,SUL,BRUNO COSTA,LOJA FÍSICA,CANCELADO
PED-06848,2022-09-05,MOUSE,,6696.58,0.0,SUL,ELENA SOUZA,LOJA FÍSICA,CONCLUÍDO
PED-02984,2023-04-05,TECLADO,,1419.32,0.0,NORTE,CARLA MENDES,REVENDEDOR,CONCLUÍDO
PED-03104,2024-11-17,MONITOR,449,12140.97,0.37,NORTE,ELENA SOUZA,LOJA FÍSICA,CONCLUÍDO
PED-06269,2022-03-14,HD EXTERNO,,5062.54,0.368,SUDESTE,BRUNO COSTA,TELEVENDAS,EM ANÁLISE
PED-07310,2024-01-10,TABLET,999999,14738.17,0.0,SUL,BRUNO COSTA,ONLINE,EM ANÁLISE
PED-09514,2023-12-14,TABLET,999999,,0.09300000000000001,NORDESTE,ANA SILVA,REVENDEDOR,CONCLUÍDO
PED-05295,2024-10-11,NOTEBOOK,250,,0.239,SUDESTE,BRUNO COSTA,LOJA FÍSICA,CONCLUÍDO
PED-00957,,WEBCAM,189,,0.0,SUDESTE,BRUNO COSTA,TELEVENDAS,CONCLUÍDO
PED-42256,2022-10-14,WEBCAM,265,,0.01,SUDESTE,CARLA MENDES,ONLINE,CANCELADO
PED-04681,2024-07-27,SMARTPHONE,999999,3053.95,0.46,SUDESTE,ELENA SOUZA,TELEVENDAS,CANCELADO
PED-01805,2023-03-23,NOTEBOOK,,11141.61,0.09,NORTE,ANA SILVA,ONLINE,CANCELADO
PED-06351,,TECLADO,395,,0.248,SUL,ANA SILVA,LOJA FÍSICA,CONCLUÍDO
PED-07804,,MOUSE,,9114.59,0.0,NORTE,BRUNO COSTA,TELEVENDAS,EM ANÁLISE
PED-01812,,NOTEBOOK,267,,0.46799999999999997,CENTRO-OESTE,BRUNO COSTA,LOJA FÍSICA,EM ANÁLISE
PED-08081,2024-09-09,TECLADO,,,0.34,NORTE,BRUNO COSTA,LOJA FÍSICA,EM ANÁLISE
PED-09331,2023-01-26,TECLADO,999999,5347.68,0.278,NORDESTE,CARLA MENDES,TELEVENDAS,CONCLUÍDO
PED-07631,,SMARTPHONE,10,3289.05,0.0,SUL,CARLA MENDES,LOJA FÍSICA,PENDENTE
PED-01433,2023-08-25,SMARTPHONE,105,,0.0,NORTE,ELENA SOUZA,TELEVENDAS,EM ANÁLISE
PED-07075,2023-02-05,MOUSE,431,,0.27899999999999997,NORDESTE,BRUNO COSTA,REVENDEDOR,CONCLUÍDO
PED-03791,,MONITOR,19,2183.08,0.426,SUL,ANA SILVA,LOJA FÍSICA,EM ANÁLISE
PED-05253,2022-09-10,HD EXTERNO,6,7103.25,0.0,SUL,BRUNO COSTA,LOJA FÍSICA,CONCLUÍDO
PED-00100,2023-09-02,MOUSE,468,,0.0,SUL,ANA SILVA,REVENDEDOR,CANCELADO
PED-02685,2022-09-26,MONITOR,312,,0.482,SUDESTE,ANA SILVA,TELEVENDAS,EM ANÁLISE
PED-02433,2023-11-24,IMPRESSORA,,10008.5,0.048,SUDESTE,CARLA MENDES,LOJA FÍSICA,CONCLUÍDO
PED-01412,,WEBCAM,999999,8330.0,1.0,SUDESTE,CARLA MENDES,TELEVENDAS,EM ANÁLISE
PED-78896,2023-02-15,WEBCAM,205,9566.0,1.0,SUDESTE,BRUNO COSTA,REVENDEDOR,CONCLUÍDO
PED-09780,,SMARTPHONE,433,6687.0,0.0,SUDESTE,ELENA SOUZA,REVENDEDOR,PENDENTE
PED-16689,,NOTEBOOK,252,13638.08,0.114,NORTE,BRUNO COSTA,ONLINE,CONCLUÍDO
PED-06925,,MONITOR,,9246.0,0.0,SUDESTE,ELENA SOUZA,TELEVENDAS,EM ANÁLISE
PED-04855,2024-09-01,IMPRESSORA,166,1316.99,0.0,NORTE,ELENA SOUZA,TELEVENDAS,CONCLUÍDO
PED-05175,,SMARTPHONE,,,0.0,NORDESTE,BRUNO COSTA,LOJA FÍSICA,EM ANÁLISE
PED-02752,2023-05-16,WEBCAM,182,,0.0,NORDESTE,ANA SILVA,REVENDEDOR,CONCLUÍDO
PED-05644,2023-11-03,WEBCAM,177,10411.95,0.491,NORDESTE,ANA SILVA,TELEVENDAS,CANCELADO
PED-08872,2023-10-17,TABLET,,,0.448,SUL,BRUNO COSTA,ONLINE,CONCLUÍDO
PED-02360,2022-03-25,HD EXTERNO,999999,,0.403,SUDESTE,ELENA SOUZA,LOJA FÍSICA,PENDENTE
PED-08694,2022-09-22,NOTEBOOK,,,0.0,SUL,BRUNO COSTA,LOJA FÍSICA,PENDENTE
PED-04241,2022-06-22,MONITOR,,2377.91,0.233,CENTRO-OESTE,ELENA SOUZA,LOJA FÍSICA,CANCELADO
PED-06139,2022-07-26,MONITOR,,5989.03,1.0,CENTRO-OESTE,ELENA SOUZA,ONLINE,CANCELADO
PED-06010,2022-10-20,HEADSET,999999,,0.16399999999999998,SUDESTE,ELENA SOUZA,LOJA FÍSICA,CONCLUÍDO
PED-07305,2024-09-22,TABLET,47,,0.153,NORTE,ELENA SOUZA,LOJA FÍSICA,EM ANÁLISE
PED-09636,,TECLADO,,,1.0,NORDESTE,ELENA SOUZA,TELEVENDAS,CONCLUÍDO
PED-08855,,SMARTPHONE,,,0.18600000000000003,SUDESTE,BRUNO COSTA,TELEVENDAS,CONCLUÍDO
PED-01535,,MOUSE,71,4768.51,0.0,SUL,DIEGO LIMA,LOJA FÍSICA,CANCELADO
PED-03790,2023-02-12,NOTEBOOK,157,,0.0,SUL,CARLA MENDES,ONLINE,CONCLUÍDO
PED-03014,2022-08-15,NOTEBOOK,,,0.0,SUL,CARLA MENDES,LOJA FÍSICA,CONCLUÍDO
PED-02524,2024-01-16,SMARTPHONE,245,,0.0,NORTE,ANA SILVA,TELEVENDAS,CONCLUÍDO
PED-04791,2022-05-08,NOTEBOOK,362,,0.498,NORTE,CARLA MENDES,TELEVENDAS,CANCELADO
PED-09424,2023-09-19,TABLET,424,,0.198,NORTE,CARLA MENDES,ONLINE,CONCLUÍDO
PED-09350,,HD EXTERNO,323,10038.36,0.28,SUDESTE,CARLA MENDES,REVENDEDOR,EM ANÁLISE
PED-05718,2023-12-05,HD EXTERNO,358,,0.305,SUL,ANA SILVA,ONLINE,PENDENTE
PED-06097,2023-02-22,TABLET,45,,0.37,NORDESTE,ELENA SOUZA,ONLINE,CONCLUÍDO
PED-06855,2023-02-03,SMARTPHONE,257,7059.9,0.134,SUDESTE,ELENA SOUZA,REVENDEDOR,CONCLUÍDO
PED-00812,,SMARTPHONE,,,0.0,SUL,BRUNO COSTA,ONLINE,CANCELADO
PED-05369,,HEADSET,455,,0.44799999999999995,NORTE,BRUNO COSTA,ONLINE,CONCLUÍDO
PED-08384,2024-06-01,SMARTPHONE,999999,5398.0,0.106,NORTE,DIEGO LIMA,REVENDEDOR,CONCLUÍDO
PED-00553,2022-06-02,IMPRESSORA,202,,0.461,SUDESTE,ANA SILVA,ONLINE,CONCLUÍDO
PED-06431,2023-11-10,WEBCAM,317,5245.85,0.23399999999999999,NORDESTE,ELENA SOUZA,LOJA FÍSICA,PENDENTE
PED-08552,2023-03-22,IMPRESSORA,,,0.223,SUL,ELENA SOUZA,REVENDEDOR,EM ANÁLISE
PED-08797,2024-11-20,MOUSE,,9838.8,0.0,NORDESTE,DIEGO LIMA,REVENDEDOR,CANCELADO
PED-03170,2022-02-01,TECLADO,245,9317.0,0.33,CENTRO-OESTE,ELENA SOUZA,ONLINE,CANCELADO
PED-09923,2024-08-12,IMPRESSORA,,,1.0,SUDESTE,ANA SILVA,TELEVENDAS,EM ANÁLISE
PED-07719,,IMPRESSORA,,10357.39,0.0,CENTRO-OESTE,DIEGO LIMA,TELEVENDAS,CONCLUÍDO
PED-01633,2024-12-21,NOTEBOOK,,,0.0,NORDESTE,ANA SILVA,TELEVENDAS,EM ANÁLISE
PED-07211,2024-04-28,SMARTPHONE,137,,0.054,NORDESTE,CARLA MENDES,TELEVENDAS,CANCELADO
PED-04275,,MONITOR,191,6365.0,0.018000000000000002,NORDESTE,CARLA MENDES,LOJA FÍSICA,EM ANÁLISE
PED-04446,2024-05-09,NOTEBOOK,,,0.177,CENTRO-OESTE,CARLA MENDES,TELEVENDAS,CANCELADO
PED-02246,2023-03-13,MOUSE,382,,0.062,SUL,ELENA SOUZA,ONLINE,CANCELADO
PED-06755,2024-05-22,HEADSET,,,0.0,NORTE,DIEGO LIMA,REVENDEDOR,CONCLUÍDO
PED-05276,,MOUSE,251,12702.0,0.0,NORDESTE,DIEGO LIMA,ONLINE,CONCLUÍDO
PED-08132,2023-02-12,TECLADO,300,9823.1,0.015,NORDESTE,BRUNO COSTA,LOJA FÍSICA,PENDENTE
PED-06449,2023-05-02,MONITOR,,309.61,0.0,SUL,DIEGO LIMA,LOJA FÍSICA,PENDENTE
PED-00339,,HD EXTERNO,398,3857.86,0.01,NORTE,BRUNO COSTA,TELEVENDAS,EM ANÁLISE
PED-55053,,WEBCAM,227,,0.013,SUDESTE,ELENA SOUZA,TELEVENDAS,CONCLUÍDO
PED-06364,2023-07-24,HD EXTERNO,,,0.01,NORDESTE,DIEGO LIMA,LOJA FÍSICA,CONCLUÍDO
PED-09036,,HD EXTERNO,,10816.44,0.0,SUDESTE,CARLA MENDES,REVENDEDOR,EM ANÁLISE
PED-01616,,IMPRESSORA,115,1635.28,0.0,NORDESTE,BRUNO COSTA,ONLINE,CONCLUÍDO
PED-03221,2022-09-11,TABLET,255,,1.0,SUDESTE,ELENA SOUZA,TELEVENDAS,PENDENTE
PED-04325,,HEADSET,490,,0.0,NORTE,BRUNO COSTA,REVENDEDOR,CANCELADO
PED-01770,2023-10-22,HD EXTERNO,999999,,0.335,NORDESTE,DIEGO LIMA,ONLINE,CONCLUÍDO
PED-00910,2023-09-10,IMPRESSORA,,,0.9,NORTE,ELENA SOUZA,LOJA FÍSICA,PENDENTE
PED-00369,,IMPRESSORA,,10304.57,0.0,SUL,CARLA MENDES,REVENDEDOR,CONCLUÍDO
PED-08587,2022-05-09,SMARTPHONE,,14314.89,0.068,NORTE,BRUNO COSTA,REVENDEDOR,PENDENTE
PED-00209,2024-01-17,TABLET,31,340.69,0.0,NORDESTE,CARLA MENDES,TELEVENDAS,CANCELADO
PED-07055,,TECLADO,999999,,0.0,NORTE,BRUNO COSTA,TELEVENDAS,PENDENTE
PED-07466,2022-05-24,TABLET,419,9568.0,0.317,SUDESTE,DIEGO LIMA,ONLINE,CANCELADO
PED-06908,2024-06-15,IMPRESSORA,16,1360.35,0.0,NORTE,BRUNO COSTA,LOJA FÍSICA,PENDENTE
PED-04788,2023-06-01,HD EXTERNO,87,7224.15,0.0,CENTRO-OESTE,ANA SILVA,ONLINE,CONCLUÍDO
PED-04254,,HEADSET,91,,0.0,NORTE,ANA SILVA,ONLINE,CONCLUÍDO
PED-02760,2022-03-09,HEADSET,468,1320.54,0.0,NORDESTE,DIEGO LIMA,LOJA FÍSICA,PENDENTE
PED-00207,,SMARTPHONE,37,8084.38,0.034,NORTE,ANA SILVA,TELEVENDAS,CONCLUÍDO
PED-08448,2024-04-10,WEBCAM,,3052.14,0.0,SUL,ANA SILVA,REVENDEDOR,CANCELADO
PED-06622,2022-02-23,WEBCAM,,9155.0,0.282,NORTE,CARLA MENDES,LOJA FÍSICA,CONCLUÍDO
PED-08830,2024-12-09,TABLET,406,,0.0,SUDESTE,ELENA SOUZA,REVENDEDOR,CANCELADO
PED-02058,,NOTEBOOK,,868.91,0.0,SUL,DIEGO LIMA,LOJA FÍSICA,EM ANÁLISE
PED-06727,2024-10-18,MONITOR,451,8252.16,1.0,SUDESTE,BRUNO COSTA,TELEVENDAS,EM ANÁLISE
PED-00613,2024-04-27,IMPRESSORA,,,0.087,SUL,BRUNO COSTA,REVENDEDOR,CONCLUÍDO
PED-02314,2022-04-12,NOTEBOOK,,,0.0,SUL,ELENA SOUZA,REVENDEDOR,EM ANÁLISE
PED-09931,2023-02-17,IMPRESSORA,500,,0.0,NORTE,DIEGO LIMA,TELEVENDAS,CANCELADO
PED-06020,2022-11-15,SMARTPHONE,,14595.42,0.2,NORDESTE,DIEGO LIMA,TELEVENDAS,PENDENTE
PED-00169,,MOUSE,242,13197.54,0.0,SUL,BRUNO COSTA,REVENDEDOR,EM ANÁLISE
PED-06401,2022-01-05,NOTEBOOK,153,10890.21,0.0,NORTE,ANA SILVA,ONLINE,CONCLUÍDO
PED-07885,2024-07-09,SMARTPHONE,50,417.3,0.127,NORTE,DIEGO LIMA,ONLINE,CONCLUÍDO
PED-00222,2023-10-16,MONITOR,,,0.0,SUDESTE,ANA SILVA,ONLINE,PENDENTE
PED-01567,2022-06-28,HD EXTERNO,,,0.307,NORTE,BRUNO COSTA,ONLINE,CONCLUÍDO
PED-05192,2023-09-27,SMARTPHONE,147,,0.0,CENTRO-OESTE,ANA SILVA,LOJA FÍSICA,CANCELADO
PED-03185,,TABLET,,,0.36,SUL,DIEGO LIMA,TELEVENDAS,EM ANÁLISE
PED-02597,2024-02-23,NOTEBOOK,499,,0.0,SUL,CARLA MENDES,LOJA FÍSICA,CANCELADO
PED-05002,2022-02-28,MONITOR,90,8568.5,0.22,SUL,DIEGO LIMA,REVENDEDOR,CONCLUÍDO
PED-04993,2023-11-09,HEADSET,249,14954.12,0.121,CENTRO-OESTE,DIEGO LIMA,LOJA FÍSICA,CONCLUÍDO
PED-03480,,MONITOR,,,0.0,SUL,ANA SILVA,TELEVENDAS,CONCLUÍDO
PED-07147,2023-07-01,MONITOR,77,2299.0,0.0,NORDESTE,ELENA SOUZA,REVENDEDOR,PENDENTE
PED-05152,,TABLET,,,0.36,NORDESTE,DIEGO LIMA,LOJA FÍSICA,EM ANÁLISE
PED-06411,,TECLADO,132,,0.33,NORTE,ANA SILVA,ONLINE,CONCLUÍDO
PED-07081,2023-11-16,HEADSET,338,13908.99,0.302,SUL,CARLA MENDES,ONLINE,PENDENTE
PED-03563,2022-05-14,MOUSE,454,11269.61,0.273,SUL,ELENA SOUZA,LOJA FÍSICA,PENDENTE
PED-09318,2023-03-16,HD EXTERNO,,5263.01,1.0,NORTE,CARLA MENDES,REVENDEDOR,CONCLUÍDO
PED-08493,2024-01-26,SMARTPHONE,286,,1.0,SUDESTE,ANA SILVA,LOJA FÍSICA,PENDENTE
PED-01707,2023-03-20,HEADSET,999999,,0.0,NORTE,DIEGO LIMA,REVENDEDOR,PENDENTE
PED-01779,,MONITOR,,2282.07,0.0,NORTE,ELENA SOUZA,REVENDEDOR,CANCELADO
PED-07552,2024-09-17,TABLET,45,4738.76,0.0,NORTE,ANA SILVA,TELEVENDAS,EM ANÁLISE
PED-04703,,TECLADO,,,0.19,SUDESTE,CARLA MENDES,ONLINE,CONCLUÍDO
PED-01426,2023-08-11,HEADSET,,979.13,0.095,SUDESTE,BRUNO COSTA,TELEVENDAS,PENDENTE
PED-18920,2023-06-17,NOTEBOOK,,,0.0,NORTE,ELENA SOUZA,REVENDEDOR,CONCLUÍDO
PED-04645,2023-05-03,TABLET,,,0.189,SUDESTE,ANA SILVA,LOJA FÍSICA,CANCELADO
PED-49419,2023-01-04,IMPRESSORA,499,,0.0,SUL,ANA SILVA,LOJA FÍSICA,EM ANÁLISE
PED-00230,2022-12-19,HD EXTERNO,,12432.2,0.0,NORTE,CARLA MENDES,LOJA FÍSICA,CANCELADO
PED-03196,2023-01-23,WEBCAM,999999,,0.203,SUL,ELENA SOUZA,LOJA FÍSICA,CONCLUÍDO
PED-09737,,HEADSET,,,0.26,SUDESTE,CARLA MENDES,REVENDEDOR,PENDENTE
PED-07994,2023-11-03,TECLADO,,6884.45,0.0,SUDESTE,ANA SILVA,ONLINE,CANCELADO
PED-03829,2022-05-13,TABLET,,8982.58,0.28800000000000003,NORTE,DIEGO LIMA,ONLINE,PENDENTE
PED-09475,2024-01-10,IMPRESSORA,,9866.0,0.0,SUDESTE,BRUNO COSTA,REVENDEDOR,CONCLUÍDO
PED-06413,,NOTEBOOK,,14360.09,0.438,NORTE,CARLA MENDES,ONLINE,EM ANÁLISE
PED-08974,2023-05-16,TECLADO,447,8219.99,0.078,NORTE,BRUNO COSTA,REVENDEDOR,CANCELADO
PED-08017,2022-07-24,WEBCAM,,606.88,0.0,SUL,ELENA SOUZA,LOJA FÍSICA,PENDENTE
PED-02631,2023-02-03,TECLADO,353,12441.05,0.349,NORDESTE,BRUNO COSTA,TELEVENDAS,EM ANÁLISE
PED-09091,,HEADSET,,3150.93,0.499,CENTRO-OESTE,CARLA MENDES,ONLINE,PENDENTE
PED-04357,2022-12-05,IMPRESSORA,,12591.89,0.0,SUDESTE,DIEGO LIMA,REVENDEDOR,PENDENTE
PED-03718,,HD EXTERNO,158,5204.0,0.0,CENTRO-OESTE,BRUNO COSTA,TELEVENDAS,PENDENTE
PED-08161,,IMPRESSORA,,,0.0,NORTE,BRUNO COSTA,REVENDEDOR,CONCLUÍDO
PED-02361,2022-08-06,IMPRESSORA,331,,0.0,SUL,DIEGO LIMA,LOJA FÍSICA,CONCLUÍDO
PED-62423,2023-01-05,TABLET,177,,0.431,NORDESTE,ANA SILVA,TELEVENDAS,CONCLUÍDO
PED-02388,2023-11-10,TECLADO,,,0.0,SUL,CARLA MENDES,LOJA FÍSICA,CANCELADO
PED-06160,,HEADSET,999999,,0.456,NORTE,ELENA SOUZA,ONLINE,PENDENTE
PED-08216,,IMPRESSORA,392,,0.202,SUL,BRUNO COSTA,TELEVENDAS,PENDENTE
PED-02000,2022-09-14,WEBCAM,101,13307.08,0.0,SUDESTE,BRUNO COSTA,ONLINE,PENDENTE
PED-04887,2023-05-15,NOTEBOOK,,,0.0,SUL,BRUNO COSTA,ONLINE,PENDENTE
PED-09270,2023-04-28,MOUSE,245,6165.62,1.0,CENTRO-OESTE,CARLA MENDES,REVENDEDOR,CANCELADO
PED-03248,2022-03-21,NAN,999999,,0.0,NORTE,ANA SILVA,ONLINE,PENDENTE
PED-05267,2022-09-23,HD EXTERNO,,,0.37,SUL,BRUNO COSTA,TELEVENDAS,CONCLUÍDO
PED-07813,2023-09-28,SMARTPHONE,83,9722.0,0.0,SUL,ELENA SOUZA,ONLINE,CONCLUÍDO
PED-00317,2024-08-18,SMARTPHONE,999999,,0.0,SUL,ELENA SOUZA,TELEVENDAS,EM ANÁLISE
PED-01768,2023-07-03,TECLADO,,14020.04,0.0,SUDESTE,DIEGO LIMA,LOJA FÍSICA,CONCLUÍDO
PED-00891,2024-05-12,TABLET,,6861.62,0.3,SUL,CARLA MENDES,LOJA FÍSICA,CONCLUÍDO
PED-07780,,HEADSET,384,,0.0,NORDESTE,ELENA SOUZA,ONLINE,CANCELADO
PED-09767,,SMARTPHONE,255,,0.0,SUDESTE,BRUNO COSTA,LOJA FÍSICA,EM ANÁLISE
PED-05059,2023-12-27,SMARTPHONE,,,0.365,NORTE,ANA SILVA,REVENDEDOR,PENDENTE
PED-02337,2022-09-01,NOTEBOOK,,12415.78,0.0,NORTE,ELENA SOUZA,TELEVENDAS,CONCLUÍDO
PED-05242,,TABLET,341,,0.40299999999999997,NORTE,ANA SILVA,REVENDEDOR,CONCLUÍDO
PED-03882,2022-05-06,SMARTPHONE,143,4585.56,0.065,CENTRO-OESTE,DIEGO LIMA,LOJA FÍSICA,EM ANÁLISE
PED-03323,,WEBCAM,466,7235.74,0.14300000000000002,NORDESTE,DIEGO LIMA,ONLINE,CANCELADO
PED-09813,2023-07-19,HEADSET,999999,,1.0,NORDESTE,ELENA SOUZA,LOJA FÍSICA,PENDENTE
PED-00955,,MONITOR,200,5468.0,0.141,SUDESTE,CARLA MENDES,LOJA FÍSICA,CANCELADO
PED-01024,,IMPRESSORA,,5276.58,0.353,SUDESTE,ELENA SOUZA,TELEVENDAS,CANCELADO
PED-02385,,MONITOR,,,0.046,SUL,ANA SILVA,ONLINE,CANCELADO
PED-07106,,TECLADO,,,0.43,SUDESTE,CARLA MENDES,TELEVENDAS,EM ANÁLISE
PED-04079,2023-08-02,MONITOR,,,0.012,SUDESTE,BRUNO COSTA,ONLINE,PENDENTE
PED-09580,2022-08-01,SMARTPHONE,999999,8574.97,0.0,SUL,BRUNO COSTA,REVENDEDOR,CANCELADO
PED-06977,2024-04-27,IMPRESSORA,,9192.65,0.48,NORTE,DIEGO LIMA,LOJA FÍSICA,EM ANÁLISE
PED-07672,,WEBCAM,63,13964.6,0.142,SUL,ELENA SOUZA,TELEVENDAS,PENDENTE
PED-08419,2022-12-25,SMARTPHONE,51,2601.05,0.0,NORTE,CARLA MENDES,TELEVENDAS,EM ANÁLISE
PED-01886,2022-12-06,HEADSET,8,,0.0,SUDESTE,ELENA SOUZA,LOJA FÍSICA,PENDENTE
PED-00155,,IMPRESSORA,486,10223.46,0.0,SUDESTE,BRUNO COSTA,ONLINE,CONCLUÍDO
PED-00387,,MONITOR,191,10025.84,0.126,SUL,CARLA MENDES,REVENDEDOR,PENDENTE
PED-00634,,NOTEBOOK,429,9048.45,1.0,NORDESTE,BRUNO COSTA,LOJA FÍSICA,EM ANÁLISE
PED-02342,2022-07-18,NAN,369,6750.68,0.0,SUDESTE,ELENA SOUZA,TELEVENDAS,EM ANÁLISE
PED-07568,,HD EXTERNO,,8533.0,0.0,SUL,DIEGO LIMA,TELEVENDAS,PENDENTE
PED-50467,2023-12-13,WEBCAM,272,,0.104,SUDESTE,CARLA MENDES,TELEVENDAS,CANCELADO
PED-05208,2024-04-05,TABLET,180,3744.72,0.01,SUL,DIEGO LIMA,LOJA FÍSICA,CONCLUÍDO
PED-02095,,WEBCAM,,,0.0,SUDESTE,DIEGO LIMA,ONLINE,PENDENTE
PED-08485,2022-05-15,IMPRESSORA,,594.39,0.256,NORTE,CARLA MENDES,ONLINE,CANCELADO
PED-83183,2024-01-14,IMPRESSORA,273,62.9,0.231,SUL,ELENA SOUZA,TELEVENDAS,PENDENTE
PED-31173,2024-09-08,NOTEBOOK,84,7150.71,0.0,SUL,BRUNO COSTA,TELEVENDAS,EM ANÁLISE
PED-03369,2023-11-21,HD EXTERNO,218,,0.48100000000000004,NORDESTE,ANA SILVA,ONLINE,CONCLUÍDO
PED-06896,,WEBCAM,499,,0.0,NORTE,CARLA MENDES,TELEVENDAS,CANCELADO
PED-04550,2022-06-14,WEBCAM,,7319.34,0.32899999999999996,SUL,ELENA SOUZA,ONLINE,PENDENTE
PED-05746,,MONITOR,,3934.29,0.0,NORTE,DIEGO LIMA,ONLINE,CONCLUÍDO
PED-03161,2023-11-23,SMARTPHONE,,,0.0,CENTRO-OESTE,DIEGO LIMA,ONLINE,CONCLUÍDO
PED-00089,2022-05-11,HD EXTERNO,,14191.68,0.043,CENTRO-OESTE,BRUNO COSTA,ONLINE,CONCLUÍDO
PED-04776,2023-09-12,TECLADO,89,,0.0,SUL,BRUNO COSTA,TELEVENDAS,EM ANÁLISE
PED-09445,2023-04-02,TABLET,76,2583.0,0.341,SUDESTE,DIEGO LIMA,ONLINE,CANCELADO
PED-04118,2023-04-24,HD EXTERNO,,2612.0,1.0,NORTE,ANA SILVA,ONLINE,CONCLUÍDO
PED-05962,,MOUSE,52,13606.28,0.0,SUL,CARLA MENDES,LOJA FÍSICA,PENDENTE
PED-04696,2022-05-23,MOUSE,,11499.0,0.22,SUDESTE,DIEGO LIMA,LOJA FÍSICA,CONCLUÍDO
PED-00027,2023-01-25,SMARTPHONE,,9437.89,0.19,CENTRO-OESTE,ANA SILVA,ONLINE,CONCLUÍDO
PED-01237,2023-06-11,SMARTPHONE,364,9219.54,0.0,NORDESTE,DIEGO LIMA,LOJA FÍSICA,EM ANÁLISE
PED-03647,2023-09-20,IMPRESSORA,,,0.0,SUL,ELENA SOUZA,ONLINE,PENDENTE
PED-09420,2024-08-15,HEADSET,369,4393.16,0.036000000000000004,NORTE,BRUNO COSTA,LOJA FÍSICA,CONCLUÍDO
PED-06101,,TECLADO,,,0.0,NORTE,ANA SILVA,TELEVENDAS,PENDENTE
PED-06973,2023-09-18,HD EXTERNO,408,,0.381,SUL,CARLA MENDES,LOJA FÍSICA,CANCELADO
PED-02441,2023-10-14,HEADSET,,7682.89,0.0,SUL,ANA SILVA,ONLINE,CONCLUÍDO
PED-03971,2023-11-15,MOUSE,10,4674.34,0.0,SUDESTE,CARLA MENDES,REVENDEDOR,CONCLUÍDO
PED-00142,2024-07-27,SMARTPHONE,,2009.0,0.0,SUL,DIEGO LIMA,TELEVENDAS,CONCLUÍDO
PED-02975,2023-10-01,NOTEBOOK,,,0.0,NORTE,ANA SILVA,REVENDEDOR,PENDENTE
PED-04248,2023-09-22,TABLET,338,2445.33,0.0,NORDESTE,ANA SILVA,ONLINE,PENDENTE
PED-01627,,TABLET,999999,2993.82,0.0,SUDESTE,ELENA SOUZA,ONLINE,CONCLUÍDO
PED-09633,2024-04-07,TECLADO,999999,,1.0,SUL,CARLA MENDES,TELEVENDAS,CANCELADO
PED-04502,2024-03-20,WEBCAM,45,13269.23,1.0,SUL,ELENA SOUZA,TELEVENDAS,CANCELADO
PED-08501,,NOTEBOOK,335,12667.9,0.348,CENTRO-OESTE,BRUNO COSTA,REVENDEDOR,PENDENTE
PED-09882,,SMARTPHONE,426,,0.0,SUDESTE,ANA SILVA,ONLINE,CONCLUÍDO
PED-07834,2023-12-15,SMARTPHONE,,13378.57,0.217,NORTE,ELENA SOUZA,TELEVENDAS,EM ANÁLISE
PED-07304,,TABLET,999999,7732.88,0.0,SUL,ELENA SOUZA,TELEVENDAS,PENDENTE
PED-04415,2022-04-22,NOTEBOOK,247,,0.05,NORTE,BRUNO COSTA,TELEVENDAS,CONCLUÍDO
PED-04869,2023-06-19,IMPRESSORA,,14482.5,0.0,SUDESTE,ELENA SOUZA,REVENDEDOR,CONCLUÍDO
PED-06313,,HD EXTERNO,51,5185.5,0.41600000000000004,SUL,ANA SILVA,REVENDEDOR,CONCLUÍDO
PED-05145,,IMPRESSORA,41,1005.0,0.102,SUL,CARLA MENDES,REVENDEDOR,EM ANÁLISE
PED-02235,2022-11-18,TABLET,93,2920.6,0.475,NORDESTE,ANA SILVA,REVENDEDOR,CONCLUÍDO
PED-06964,2023-02-04,MONITOR,,,0.375,CENTRO-OESTE,BRUNO COSTA,TELEVENDAS,CONCLUÍDO
PED-06198,2022-12-02,SMARTPHONE,225,,0.244,SUL,ANA SILVA,ONLINE,EM ANÁLISE
PED-06144,2022-10-17,NOTEBOOK,,,1.0,CENTRO-OESTE,ANA SILVA,LOJA FÍSICA,EM ANÁLISE
PED-01325,,MONITOR,349,,0.0,NORTE,BRUNO COSTA,TELEVENDAS,CONCLUÍDO
PED-09143,,TECLADO,426,5120.93,0.0,NORTE,ANA SILVA,ONLINE,CONCLUÍDO
PED-06199,2022-09-08,WEBCAM,999999,,0.307,NORTE,ELENA SOUZA,ONLINE,PENDENTE
PED-01764,2023-07-18,NOTEBOOK,333,14022.35,0.122,NORDESTE,ANA SILVA,LOJA FÍSICA,CANCELADO
PED-02594,2022-06-18,SMARTPHONE,,10742.0,0.142,CENTRO-OESTE,DIEGO LIMA,LOJA FÍSICA,CONCLUÍDO
PED-09301,2022-09-22,MONITOR,389,4423.0,1.0,NORDESTE,CARLA MENDES,ONLINE,EM ANÁLISE
PED-08641,2022-06-27,TABLET,,,0.0,NORTE,CARLA MENDES,LOJA FÍSICA,CANCELADO
PED-01523,2022-08-09,SMARTPHONE,100,9015.0,0.0,SUDESTE,CARLA MENDES,ONLINE,CANCELADO
PED-05167,2023-07-15,TABLET,,7742.49,0.0,NORDESTE,DIEGO LIMA,ONLINE,EM ANÁLISE
PED-01330,,MONITOR,174,5071.92,0.0,SUL,CARLA MENDES,REVENDEDOR,CANCELADO
PED-08521,,SMARTPHONE,999999,,0.0,SUL,CARLA MENDES,LOJA FÍSICA,PENDENTE
PED-06534,2022-06-13,SMARTPHONE,,,0.342,NORTE,ANA SILVA,ONLINE,EM ANÁLISE
PED-96130,2024-07-22,NOTEBOOK,,,0.0,SUDESTE,ANA SILVA,LOJA FÍSICA,PENDENTE
PED-08639,2023-08-23,SMARTPHONE,,,0.15,SUDESTE,BRUNO COSTA,TELEVENDAS,EM ANÁLISE
PED-05564,,HD EXTERNO,999999,6892.16,0.423,NORDESTE,ANA SILVA,LOJA FÍSICA,PENDENTE
PED-08995,2023-10-11,NOTEBOOK,191,,1.0,SUDESTE,ELENA SOUZA,REVENDEDOR,PENDENTE
PED-04359,2024-06-12,HEADSET,289,,0.0,NORDESTE,CARLA MENDES,LOJA FÍSICA,CONCLUÍDO
PED-02187,2023-06-21,SMARTPHONE,,5916.0,0.0,NORTE,BRUNO COSTA,LOJA FÍSICA,CONCLUÍDO
PED-69882,2024-11-13,SMARTPHONE,478,,0.111,SUDESTE,DIEGO LIMA,TELEVENDAS,PENDENTE
PED-02694,2024-12-21,TECLADO,,13903.7,0.38799999999999996,SUL,ELENA SOUZA,TELEVENDAS,EM ANÁLISE
PED-01383,,MONITOR,,,0.0,NORTE,DIEGO LIMA,REVENDEDOR,CONCLUÍDO
PED-09970,,NOTEBOOK,476,6071.0,1.0,NORTE,CARLA MENDES,LOJA FÍSICA,CONCLUÍDO
PED-05631,2022-10-12,MOUSE,,11720.0,0.0,NORDESTE,CARLA MENDES,LOJA FÍSICA,EM ANÁLISE
PED-08473,2024-06-05,WEBCAM,75,,0.0,CENTRO-OESTE,CARLA MENDES,LOJA FÍSICA,CONCLUÍDO
PED-05306,,IMPRESSORA,,6829.0,0.0,SUDESTE,DIEGO LIMA,LOJA FÍSICA,EM ANÁLISE
PED-03246,2024-06-09,HEADSET,129,12850.87,0.225,SUDESTE,ELENA SOUZA,LOJA FÍSICA,PENDENTE
PED-02252,2023-11-11,MOUSE,40,10671.63,0.41600000000000004,NORTE,DIEGO LIMA,LOJA FÍSICA,EM ANÁLISE
PED-04145,2022-10-21,IMPRESSORA,,4800.42,0.0,SUL,DIEGO LIMA,ONLINE,PENDENTE
PED-04070,2022-05-27,WEBCAM,28,4997.26,0.43200000000000005,NORTE,ELENA SOUZA,LOJA FÍSICA,EM ANÁLISE
PED-01750,2023-05-23,IMPRESSORA,999999,12242.13,0.092,NORTE,ANA SILVA,ONLINE,CONCLUÍDO
PED-05449,2023-03-02,MONITOR,48,,0.08,SUDESTE,DIEGO LIMA,LOJA FÍSICA,CONCLUÍDO
PED-05879,,HD EXTERNO,,3546.0,0.0,SUDESTE,BRUNO COSTA,REVENDEDOR,CONCLUÍDO
PED-09574,2024-07-25,HD EXTERNO,999999,,0.0,CENTRO-OESTE,ELENA SOUZA,LOJA FÍSICA,EM ANÁLISE
PED-08228,2023-08-07,MOUSE,82,,0.0,NORTE,ANA SILVA,LOJA FÍSICA,CANCELADO
PED-06283,,IMPRESSORA,,8741.97,0.0,NORTE,CARLA MENDES,LOJA FÍSICA,PENDENTE
PED-09026,2022-05-02,WEBCAM,,,0.045,SUDESTE,ANA SILVA,REVENDEDOR,PENDENTE
PED-09972,2024-06-22,TECLADO,493,,0.10400000000000001,NORDESTE,ANA SILVA,TELEVENDAS,EM ANÁLISE
PED-06504,2022-12-03,TECLADO,354,13339.58,0.0,NORTE,ANA SILVA,LOJA FÍSICA,CANCELADO
PED-00433,2024-05-10,IMPRESSORA,,,0.139,NORTE,DIEGO LIMA,TELEVENDAS,CONCLUÍDO
PED-04871,2024-12-06,IMPRESSORA,103,13022.92,0.0,SUL,DIEGO LIMA,TELEVENDAS,CANCELADO
PED-06153,2022-07-08,SMARTPHONE,,7632.61,0.36200000000000004,SUDESTE,BRUNO COSTA,TELEVENDAS,CONCLUÍDO
PED-05250,2024-01-19,HEADSET,362,,0.228,NORTE,BRUNO COSTA,REVENDEDOR,CONCLUÍDO
PED-08414,2022-03-26,NOTEBOOK,163,12037.38,0.439,NORTE,DIEGO LIMA,REVENDEDOR,EM ANÁLISE
PED-09903,2024-01-12,TECLADO,197,9005.02,0.433,SUDESTE,ELENA SOUZA,REVENDEDOR,CONCLUÍDO
PED-32943,2023-08-19,TABLET,406,,0.0,SUDESTE,BRUNO COSTA,ONLINE,EM ANÁLISE
PED-08882,2024-10-02,IMPRESSORA,999999,8856.74,0.32,CENTRO-OESTE,CARLA MENDES,REVENDEDOR,EM ANÁLISE
PED-05433,2023-08-20,TABLET,,2277.03,0.083,SUL,ANA SILVA,REVENDEDOR,CANCELADO
PED-06447,2022-03-26,NOTEBOOK,339,,0.015,NORTE,CARLA MENDES,LOJA FÍSICA,CANCELADO
PED-01019,,IMPRESSORA,,,0.0,NORDESTE,DIEGO LIMA,REVENDEDOR,CONCLUÍDO
PED-02691,2022-02-18,MONITOR,999999,12658.1,0.3,SUDESTE,ANA SILVA,TELEVENDAS,CANCELADO
PED-04573,2022-02-07,NOTEBOOK,6,917.82,0.0,SUDESTE,CARLA MENDES,REVENDEDOR,EM ANÁLISE
PED-00792,2024-12-08,TECLADO,,14557.34,0.34,NORDESTE,ANA SILVA,REVENDEDOR,PENDENTE
PED-00777,,TECLADO,372,,0.156,SUL,ELENA SOUZA,ONLINE,CONCLUÍDO
PED-08735,2022-04-07,MONITOR,266,,1.0,NORTE,CARLA MENDES,ONLINE,EM ANÁLISE
PED-02178,2024-10-14,IMPRESSORA,414,4152.58,0.11,SUDESTE,DIEGO LIMA,ONLINE,CANCELADO
PED-05801,,MOUSE,,,0.0,CENTRO-OESTE,ANA SILVA,LOJA FÍSICA,CANCELADO
PED-02971,2022-03-16,TABLET,,1830.2,1.0,SUDESTE,CARLA MENDES,ONLINE,CANCELADO
PED-05626,2023-04-03,HD EXTERNO,140,9729.26,0.0,NORDESTE,BRUNO COSTA,REVENDEDOR,CANCELADO
PED-05813,2022-01-25,MOUSE,82,8006.64,0.4,NORDESTE,BRUNO COSTA,LOJA FÍSICA,CONCLUÍDO
PED-07661,2024-02-23,IMPRESSORA,,5095.84,0.0,SUDESTE,ELENA SOUZA,LOJA FÍSICA,CANCELADO
PED-05811,2024-02-08,WEBCAM,,4938.73,0.0,NORTE,CARLA MENDES,TELEVENDAS,EM ANÁLISE
PED-00885,2022-05-19,MOUSE,204,,0.059000000000000004,SUDESTE,CARLA MENDES,TELEVENDAS,CONCLUÍDO
PED-07864,2024-01-06,TABLET,55,11360.46,0.163,SUL,ELENA SOUZA,ONLINE,CONCLUÍDO
PED-05914,,MONITOR,,,0.0,NORTE,CARLA MENDES,LOJA FÍSICA,EM ANÁLISE
PED-01245,2024-11-17,TABLET,999999,,0.0,CENTRO-OESTE,BRUNO COSTA,REVENDEDOR,CONCLUÍDO
PED-03418,,IMPRESSORA,,1073.59,0.24,NORTE,ELENA SOUZA,LOJA FÍSICA,CANCELADO
PED-00289,2023-06-06,SMARTPHONE,,10481.0,0.275,SUL,ELENA SOUZA,REVENDEDOR,CANCELADO
PED-03008,2022-10-04,TECLADO,278,,0.201,SUL,DIEGO LIMA,TELEVENDAS,PENDENTE
PED-09303,2024-01-17,MONITOR,,6490.79,0.171,SUL,DIEGO LIMA,LOJA FÍSICA,CANCELADO
PED-09890,2022-11-07,MONITOR,169,3509.5,0.359,NORTE,ANA SILVA,TELEVENDAS,CONCLUÍDO
PED-01089,2023-07-18,TECLADO,295,6999.11,0.0,SUL,CARLA MENDES,LOJA FÍSICA,CONCLUÍDO
PED-08299,2022-08-05,WEBCAM,41,,0.247,NORTE,ANA SILVA,LOJA FÍSICA,EM ANÁLISE
PED-09904,,MOUSE,52,,0.25,SUDESTE,ELENA SOUZA,ONLINE,CONCLUÍDO
PED-00239,2022-05-23,TECLADO,,14153.0,0.0,SUL,BRUNO COSTA,REVENDEDOR,CANCELADO
PED-02902,2023-02-01,HEADSET,999999,6177.0,0.0,NORTE,DIEGO LIMA,LOJA FÍSICA,PENDENTE
PED-08559,2024-09-19,WEBCAM,,5658.35,0.48,NORTE,DIEGO LIMA,REVENDEDOR,CONCLUÍDO
PED-06842,,MONITOR,,,0.35100000000000003,NORTE,DIEGO LIMA,TELEVENDAS,CONCLUÍDO
PED-03368,2023-01-11,WEBCAM,380,,0.109,SUL,ANA SILVA,ONLINE,CONCLUÍDO
PED-01704,2022-04-24,WEBCAM,,,0.0,SUL,CARLA MENDES,LOJA FÍSICA,EM ANÁLISE
PED-03648,2022-01-25,NOTEBOOK,466,,0.17,SUDESTE,DIEGO LIMA,TELEVENDAS,CANCELADO
PED-04244,2023-05-19,HD EXTERNO,,,0.19399999999999998,SUL,ELENA SOUZA,REVENDEDOR,PENDENTE
PED-03046,2023-01-16,WEBCAM,,,0.19399999999999998,NORTE,BRUNO COSTA,REVENDEDOR,EM ANÁLISE
PED-07941,,WEBCAM,,8172.72,0.0,NORTE,DIEGO LIMA,LOJA FÍSICA,CANCELADO
PED-01479,,MONITOR,,,0.07,CENTRO-OESTE,DIEGO LIMA,ONLINE,CONCLUÍDO
PED-00249,2023-06-25,IMPRESSORA,,8578.16,0.32,NORTE,BRUNO COSTA,TELEVENDAS,EM ANÁLISE
PED-08776,,SMARTPHONE,,,0.0,CENTRO-OESTE,DIEGO LIMA,TELEVENDAS,EM ANÁLISE
PED-03281,,MOUSE,,,0.358,NORTE,ELENA SOUZA,LOJA FÍSICA,PENDENTE
PED-07622,,WEBCAM,,,0.26,NORTE,DIEGO LIMA,ONLINE,CONCLUÍDO
PED-07946,,MOUSE,,,0.177,CENTRO-OESTE,ELENA SOUZA,REVENDEDOR,PENDENTE
PED-05793,2024-09-24,WEBCAM,,,0.0,SUL,BRUNO COSTA,TELEVENDAS,PENDENTE
PED-07483,2022-11-28,NOTEBOOK,,4939.81,0.166,SUL,ELENA SOUZA,TELEVENDAS,CANCELADO
PED-33483,,HEADSET,999999,6894.0,0.0,SUL,ANA SILVA,LOJA FÍSICA,PENDENTE
PED-02013,2022-04-25,HD EXTERNO,,,0.038,NORTE,ANA SILVA,REVENDEDOR,PENDENTE
PED-06138,2024-07-28,TABLET,169,424.44,0.0,SUDESTE,DIEGO LIMA,LOJA FÍSICA,PENDENTE
PED-08483,,HEADSET,,,0.234,SUDESTE,ELENA SOUZA,REVENDEDOR,PENDENTE
PED-03773,2022-01-12,HEADSET,282,,0.0,SUDESTE,ANA SILVA,LOJA FÍSICA,CONCLUÍDO
PED-06256,2024-05-13,MOUSE,12,,1.0,NORTE,BRUNO COSTA,TELEVENDAS,CONCLUÍDO
PED-09983,2023-07-22,HEADSET,,,0.013000000000000001,NORTE,DIEGO LIMA,TELEVENDAS,CANCELADO
PED-04180,2022-12-05,TECLADO,999999,1743.54,0.16,NORTE,NAN,LOJA FÍSICA,PENDENTE
PED-02941,2022-12-15,IMPRESSORA,189,11497.07,0.0,SUDESTE,CARLA MENDES,ONLINE,CONCLUÍDO
PED-02482,2022-08-04,TECLADO,,,0.05,CENTRO-OESTE,BRUNO COSTA,LOJA FÍSICA,CONCLUÍDO
PED-08919,2024-01-26,SMARTPHONE,,86.4,0.0,CENTRO-OESTE,CARLA MENDES,ONLINE,PENDENTE
PED-01501,2024-08-28,MONITOR,314,6629.09,0.0,SUL,ANA SILVA,LOJA FÍSICA,CONCLUÍDO
PED-08650,,NOTEBOOK,414,,0.48100000000000004,SUDESTE,ELENA SOUZA,ONLINE,CONCLUÍDO
PED-05496,2023-04-08,TABLET,999999,1180.0,0.371,SUDESTE,ANA SILVA,REVENDEDOR,CONCLUÍDO
PED-07043,,WEBCAM,,,0.027999999999999997,SUL,ELENA SOUZA,TELEVENDAS,EM ANÁLISE
PED-06669,,TABLET,486,7722.92,0.49,NORDESTE,ANA SILVA,TELEVENDAS,EM ANÁLISE
PED-09435,,MONITOR,478,,0.275,SUDESTE,BRUNO COSTA,REVENDEDOR,EM ANÁLISE
PED-06373,2024-09-18,WEBCAM,,13058.75,0.31,CENTRO-OESTE,CARLA MENDES,REVENDEDOR,CONCLUÍDO
PED-02007,2024-11-06,SMARTPHONE,189,3478.33,0.0,SUDESTE,DIEGO LIMA,ONLINE,CONCLUÍDO
PED-02695,2023-06-20,NOTEBOOK,,4509.08,0.0,SUL,ELENA SOUZA,REVENDEDOR,CONCLUÍDO
PED-07187,2024-08-06,WEBCAM,,914.43,0.0,CENTRO-OESTE,ANA SILVA,ONLINE,PENDENTE
PED-08176,2024-06-18,SMARTPHONE,,2910.84,0.438,NORDESTE,ANA SILVA,LOJA FÍSICA,CANCELADO
PED-05675,2024-06-18,SMARTPHONE,46,5136.2,0.48,NORTE,BRUNO COSTA,REVENDEDOR,CANCELADO
PED-07943,2024-05-12,SMARTPHONE,,8632.98,0.0,SUDESTE,DIEGO LIMA,LOJA FÍSICA,CANCELADO
PED-00131,2022-04-20,SMARTPHONE,329,9544.0,0.0,SUL,DIEGO LIMA,ONLINE,CONCLUÍDO
PED-00405,2024-07-26,WEBCAM,,10833.23,0.0,NORTE,ANA SILVA,ONLINE,CANCELADO
PED-00785,2022-05-17,IMPRESSORA,348,,0.04,NORTE,ANA SILVA,ONLINE,EM ANÁLISE
PED-07072,,SMARTPHONE,999999,,0.37799999999999995,CENTRO-OESTE,DIEGO LIMA,LOJA FÍSICA,EM ANÁLISE
PED-05841,,HEADSET,999999,,0.0,CENTRO-OESTE,DIEGO LIMA,LOJA FÍSICA,CONCLUÍDO
PED-05346,2022-07-19,WEBCAM,,11049.91,0.209,SUDESTE,ANA SILVA,REVENDEDOR,CONCLUÍDO
PED-07551,2022-04-18,MONITOR,103,7179.89,0.066,NORTE,BRUNO COSTA,TELEVENDAS,EM ANÁLISE
PED-03578,2022-05-23,NOTEBOOK,262,8490.91,0.0,NORTE,DIEGO LIMA,ONLINE,EM ANÁLISE
PED-05490,2023-05-15,MOUSE,287,,0.0,SUDESTE,CARLA MENDES,LOJA FÍSICA,CANCELADO
PED-00532,,SMARTPHONE,165,,0.0,SUL,DIEGO LIMA,LOJA FÍSICA,CONCLUÍDO
PED-09456,,SMARTPHONE,358,,0.13,SUL,NAN,REVENDEDOR,PENDENTE
PED-07354,,TABLET,,,0.311,SUDESTE,CARLA MENDES,ONLINE,CONCLUÍDO
PED-05380,2022-08-25,NOTEBOOK,,,0.384,SUL,CARLA MENDES,REVENDEDOR,CONCLUÍDO
PED-05867,2022-01-13,IMPRESSORA,,,0.0,NORTE,DIEGO LIMA,ONLINE,PENDENTE
PED-02699,2022-08-11,WEBCAM,,939.45,0.19,SUDESTE,BRUNO COSTA,ONLINE,PENDENTE
PED-06873,,WEBCAM,52,,0.0,SUDESTE,BRUNO COSTA,TELEVENDAS,PENDENTE
PED-07777,2023-01-04,NOTEBOOK,,10060.96,0.424,NORTE,NAN,LOJA FÍSICA,CANCELADO
PED-09576,2023-09-10,TECLADO,,3952.99,0.251,NORDESTE,ELENA SOUZA,REVENDEDOR,EM ANÁLISE
PED-04677,2024-02-04,WEBCAM,149,7408.3,0.247,SUDESTE,DIEGO LIMA,TELEVENDAS,PENDENTE
PED-02626,,MONITOR,72,9565.59,1.0,NORTE,ANA SILVA,ONLINE,PENDENTE
PED-01679,2022-09-04,WEBCAM,49,9216.38,0.15,NORTE,CARLA MENDES,ONLINE,CONCLUÍDO
PED-01322,,SMARTPHONE,499,3304.1,0.113,SUL,DIEGO LIMA,REVENDEDOR,CONCLUÍDO
PED-01160,,MOUSE,390,,0.466,NORTE,ANA SILVA,LOJA FÍSICA,CANCELADO
PED-02512,2023-02-04,TECLADO,148,7750.92,0.187,SUL,CARLA MENDES,ONLINE,CANCELADO
PED-04700,2023-01-28,HD EXTERNO,,,1.0,SUDESTE,CARLA MENDES,REVENDEDOR,PENDENTE
PED-07555,,IMPRESSORA,287,4409.12,0.12,CENTRO-OESTE,CARLA MENDES,TELEVENDAS,CONCLUÍDO
PED-03719,2024-03-13,HD EXTERNO,,4215.86,0.0,NORTE,ELENA SOUZA,LOJA FÍSICA,PENDENTE
PED-04127,2023-06-11,MONITOR,,,0.0,SUL,ELENA SOUZA,LOJA FÍSICA,CANCELADO
PED-02799,2023-06-09,NAN,,1803.39,0.014,NORDESTE,ANA SILVA,REVENDEDOR,PENDENTE
PED-09103,,HEADSET,,,0.0,SUDESTE,BRUNO COSTA,REVENDEDOR,PENDENTE
PED-00778,2023-09-25,HEADSET,237,,0.0,SUDESTE,CARLA MENDES,TELEVENDAS,EM ANÁLISE
PED-01588,2022-08-15,MONITOR,495,,0.0,CENTRO-OESTE,ANA SILVA,ONLINE,CONCLUÍDO
PED-08708,2023-01-07,SMARTPHONE,,11229.42,1.0,SUL,ELENA SOUZA,LOJA FÍSICA,PENDENTE
PED-08687,2024-05-21,MONITOR,,8829.0,0.149,NORTE,BRUNO COSTA,REVENDEDOR,EM ANÁLISE
PED-04481,2023-06-28,HD EXTERNO,,,0.0,SUL,CARLA MENDES,TELEVENDAS,EM ANÁLISE
PED-02697,,IMPRESSORA,238,705.11,0.0,NORTE,ELENA SOUZA,LOJA FÍSICA,CANCELADO
PED-07646,2022-01-08,MONITOR,24,4835.0,0.188,SUL,ANA SILVA,ONLINE,PENDENTE
PED-08527,,MONITOR,,13703.32,0.163,NORDESTE,ELENA SOUZA,ONLINE,EM ANÁLISE
PED-08643,,TABLET,,2705.9,0.208,NORTE,ANA SILVA,REVENDEDOR,PENDENTE
PED-06266,,HD EXTERNO,,,0.125,SUL,DIEGO LIMA,REVENDEDOR,CONCLUÍDO
PED-06363,2024-08-09,HD EXTERNO,75,5409.05,0.0,NORTE,DIEGO LIMA,TELEVENDAS,CONCLUÍDO
PED-04076,,NOTEBOOK,375,13319.94,0.0,NORTE,CARLA MENDES,TELEVENDAS,EM ANÁLISE
PED-05920,,IMPRESSORA,,,0.0,CENTRO-OESTE,ELENA SOUZA,TELEVENDAS,CONCLUÍDO
PED-08526,2022-09-12,MONITOR,483,,0.07,NORTE,DIEGO LIMA,LOJA FÍSICA,CONCLUÍDO
PED-74309,,TECLADO,90,,0.027999999999999997,NORTE,DIEGO LIMA,TELEVENDAS,CONCLUÍDO
PED-07854,2022-10-07,TABLET,266,2793.3,0.0,NORTE,ANA SILVA,TELEVENDAS,PENDENTE
PED-03617,2022-12-20,SMARTPHONE,228,,0.133,SUL,DIEGO LIMA,TELEVENDAS,PENDENTE
PED-00760,2022-07-22,NOTEBOOK,,14579.02,0.055999999999999994,SUDESTE,ELENA SOUZA,LOJA FÍSICA,EM ANÁLISE
PED-06700,2022-04-09,MONITOR,,1691.99,0.42200000000000004,NORTE,DIEGO LIMA,TELEVENDAS,PENDENTE
PED-01553,2022-07-26,SMARTPHONE,490,4988.38,0.39,SUDESTE,CARLA MENDES,LOJA FÍSICA,EM ANÁLISE
PED-59851,,MONITOR,23,,0.114,CENTRO-OESTE,BRUNO COSTA,REVENDEDOR,EM ANÁLISE
PED-02614,2024-05-18,TECLADO,276,8381.22,0.0,SUL,ANA SILVA,ONLINE,CONCLUÍDO
PED-09665,,TABLET,462,8975.0,0.0,SUL,CARLA MENDES,REVENDEDOR,PENDENTE
PED-04795,,TABLET,,10978.18,0.0,SUL,ANA SILVA,TELEVENDAS,CONCLUÍDO
PED-01860,2022-08-19,MONITOR,999999,,0.0,SUL,ELENA SOUZA,ONLINE,EM ANÁLISE
PED-08714,2024-11-19,WEBCAM,27,,0.11,SUL,BRUNO COSTA,LOJA FÍSICA,PENDENTE
PED-02219,2024-02-10,WEBCAM,,,0.0,NORTE,DIEGO LIMA,TELEVENDAS,PENDENTE
PED-01079,2024-06-09,SMARTPHONE,999999,2451.83,0.299,SUL,ELENA SOUZA,REVENDEDOR,CONCLUÍDO
PED-60058,,HD EXTERNO,358,,0.5,SUDESTE,BRUNO COSTA,ONLINE,EM ANÁLISE
PED-08466,2024-06-10,NOTEBOOK,,,0.041,NORDESTE,ELENA SOUZA,LOJA FÍSICA,CONCLUÍDO
PED-01841,,NOTEBOOK,,1542.82,0.312,NORDESTE,CARLA MENDES,ONLINE,CANCELADO
PED-09597,,WEBCAM,493,,0.0,SUL,DIEGO LIMA,REVENDEDOR,EM ANÁLISE
PED-08024,2022-08-11,TABLET,,,0.409,NORTE,DIEGO LIMA,LOJA FÍSICA,CONCLUÍDO
PED-09291,2024-01-01,WEBCAM,,12154.53,0.0,SUDESTE,CARLA MENDES,TELEVENDAS,CONCLUÍDO
PED-00657,2023-12-23,MOUSE,402,4365.41,0.142,SUL,ELENA SOUZA,REVENDEDOR,CONCLUÍDO
PED-06635,2024-08-07,MOUSE,183,,0.0,SUL,BRUNO COSTA,LOJA FÍSICA,CONCLUÍDO
PED-08712,2023-08-19,MONITOR,,,1.0,CENTRO-OESTE,ANA SILVA,LOJA FÍSICA,EM ANÁLISE
PED-04409,2024-06-19,MONITOR,87,,0.121,NORDESTE,ANA SILVA,ONLINE,EM ANÁLISE
PED-02453,2022-06-22,SMARTPHONE,439,4351.69,0.439,SUL,BRUNO COSTA,ONLINE,CANCELADO
PED-03406,,HD EXTERNO,,,0.0,NORTE,ANA SILVA,LOJA FÍSICA,CONCLUÍDO
PED-03554,2022-03-14,HD EXTERNO,999999,4559.57,0.249,NORTE,CARLA MENDES,ONLINE,CONCLUÍDO
PED-09676,,SMARTPHONE,185,,0.243,CENTRO-OESTE,DIEGO LIMA,LOJA FÍSICA,EM ANÁLISE
PED-03838,2024-02-22,HD EXTERNO,93,4821.22,0.301,SUDESTE,BRUNO COSTA,LOJA FÍSICA,CANCELADO
PED-02165,2022-02-15,HD EXTERNO,228,,0.138,SUL,DIEGO LIMA,ONLINE,PENDENTE
PED-08581,2023-09-04,SMARTPHONE,225,11453.63,0.446,NORDESTE,BRUNO COSTA,ONLINE,CONCLUÍDO
PED-05786,2024-12-20,MOUSE,70,7828.42,0.0,SUDESTE,ELENA SOUZA,LOJA FÍSICA,CONCLUÍDO
PED-01555,,WEBCAM,498,10791.26,0.0,SUL,ELENA SOUZA,LOJA FÍSICA,CONCLUÍDO
PED-04015,2023-02-24,IMPRESSORA,,3443.64,0.0,SUL,CARLA MENDES,TELEVENDAS,CONCLUÍDO
PED-08471,2022-05-28,HD EXTERNO,,128.85,0.266,SUL,DIEGO LIMA,LOJA FÍSICA,PENDENTE
PED-03585,2023-10-09,TECLADO,497,,1.0,NORDESTE,CARLA MENDES,REVENDEDOR,PENDENTE
PED-06572,2024-05-06,WEBCAM,,6301.82,0.488,SUDESTE,ANA SILVA,ONLINE,PENDENTE
PED-05293,2023-12-12,WEBCAM,332,2663.44,0.134,SUL,ELENA SOUZA,LOJA FÍSICA,EM ANÁLISE
PED-08917,2024-04-21,MONITOR,,,0.0,NORTE,BRUNO COSTA,LOJA FÍSICA,CONCLUÍDO
PED-04676,,MONITOR,255,2507.35,0.006,SUDESTE,BRUNO COSTA,LOJA FÍSICA,CANCELADO
PED-06589,,MOUSE,494,2274.8,0.306,NORTE,DIEGO LIMA,TELEVENDAS,EM ANÁLISE
PED-03095,,MOUSE,,,0.255,NORDESTE,CARLA MENDES,LOJA FÍSICA,PENDENTE
PED-00175,2022-11-07,TABLET,,1696.57,0.411,NORDESTE,ANA SILVA,LOJA FÍSICA,CANCELADO
PED-01581,,MONITOR,,,0.207,SUDESTE,CARLA MENDES,LOJA FÍSICA,PENDENTE
PED-09893,,IMPRESSORA,397,,0.0,NORDESTE,DIEGO LIMA,LOJA FÍSICA,PENDENTE
PED-02846,,HEADSET,192,6128.0,0.38299999999999995,NORTE,BRUNO COSTA,ONLINE,EM ANÁLISE
PED-07208,2024-03-24,HD EXTERNO,423,13890.0,1.0,CENTRO-OESTE,BRUNO COSTA,REVENDEDOR,CANCELADO
PED-07010,,HD EXTERNO,460,,0.24,SUL,BRUNO COSTA,ONLINE,CANCELADO
PED-24877,2024-05-03,MONITOR,,7551.16,0.0,NORDESTE,DIEGO LIMA,ONLINE,PENDENTE
PED-01031,2023-12-19,HEADSET,394,,0.305,NORDESTE,CARLA MENDES,ONLINE,CONCLUÍDO
PED-07802,2022-04-07,TABLET,265,10608.85,0.048,SUDESTE,ANA SILVA,ONLINE,CANCELADO
PED-01261,2023-07-09,MONITOR,3,9524.0,0.113,SUL,ANA SILVA,TELEVENDAS,CONCLUÍDO
PED-02913,2023-12-21,HD EXTERNO,,,0.015,CENTRO-OESTE,ANA SILVA,LOJA FÍSICA,EM ANÁLISE
PED-00490,,TABLET,421,2390.51,0.0,SUL,BRUNO COSTA,TELEVENDAS,CONCLUÍDO
PED-09176,2022-01-25,MOUSE,289,11747.38,0.0,CENTRO-OESTE,ANA SILVA,TELEVENDAS,CANCELADO
PED-05721,2023-06-26,WEBCAM,265,3687.22,0.23,SUDESTE,DIEGO LIMA,ONLINE,CANCELADO
PED-00749,2022-12-25,HEADSET,,,0.0,NORDESTE,CARLA MENDES,ONLINE,PENDENTE
PED-04096,,WEBCAM,473,9501.71,0.073,NORDESTE,CARLA MENDES,REVENDEDOR,CONCLUÍDO
PED-06146,2024-11-25,TABLET,,,0.0,SUL,ANA SILVA,REVENDEDOR,PENDENTE
PED-09168,,HEADSET,,2549.23,0.0,SUDESTE,CARLA MENDES,REVENDEDOR,PENDENTE
PED-04257,2024-11-16,NOTEBOOK,250,12390.14,0.41100000000000003,SUDESTE,ELENA SOUZA,LOJA FÍSICA,CANCELADO
PED-09068,,WEBCAM,299,1597.32,0.0,SUL,BRUNO COSTA,ONLINE,EM ANÁLISE
PED-09458,,SMARTPHONE,,10593.69,0.0,SUDESTE,BRUNO COSTA,TELEVENDAS,CANCELADO
PED-08433,2024-09-04,SMARTPHONE,,4033.44,0.0,NORTE,NAN,ONLINE,CONCLUÍDO
PED-07904,2023-04-06,HEADSET,392,4238.24,0.218,SUDESTE,CARLA MENDES,REVENDEDOR,PENDENTE
PED-00074,,HEADSET,,14416.85,0.43,SUL,ELENA SOUZA,REVENDEDOR,CONCLUÍDO
PED-01992,2022-09-06,TABLET,480,7623.58,0.0,SUDESTE,BRUNO COSTA,ONLINE,CONCLUÍDO
PED-05677,,SMARTPHONE,999999,2128.94,0.426,SUL,ANA SILVA,LOJA FÍSICA,EM ANÁLISE
PED-00981,,TABLET,493,12968.65,0.184,NORTE,CARLA MENDES,LOJA FÍSICA,PENDENTE
PED-02262,2023-12-01,HEADSET,232,,0.0,SUL,DIEGO LIMA,LOJA FÍSICA,EM ANÁLISE
PED-06479,2024-07-12,TABLET,,,0.305,CENTRO-OESTE,BRUNO COSTA,LOJA FÍSICA,CONCLUÍDO
PED-00124,2024-04-27,HEADSET,400,8129.79,0.43,CENTRO-OESTE,CARLA MENDES,TELEVENDAS,CONCLUÍDO
PED-08510,2024-06-15,SMARTPHONE,19,,0.0,NORDESTE,DIEGO LIMA,ONLINE,CONCLUÍDO
PED-05843,,MONITOR,,8503.7,0.0,SUDESTE,BRUNO COSTA,ONLINE,CONCLUÍDO
PED-01934,2022-02-25,MONITOR,75,5849.0,0.0,SUL,DIEGO LIMA,REVENDEDOR,PENDENTE
PED-05245,,MONITOR,86,5620.77,0.258,SUL,DIEGO LIMA,TELEVENDAS,CONCLUÍDO
PED-71826,2022-12-19,TECLADO,,10581.42,0.0,SUL,CARLA MENDES,ONLINE,CANCELADO
PED-04556,2023-01-26,NOTEBOOK,,5162.16,0.47600000000000003,SUDESTE,CARLA MENDES,REVENDEDOR,CONCLUÍDO
PED-06472,2023-09-25,MOUSE,286,10677.21,0.20800000000000002,SUL,ELENA SOUZA,LOJA FÍSICA,CONCLUÍDO
PED-29422,,MOUSE,87,,0.314,NORTE,ELENA SOUZA,LOJA FÍSICA,EM ANÁLISE
PED-05535,,HEADSET,,1510.62,0.47,NORTE,ELENA SOUZA,LOJA FÍSICA,EM ANÁLISE
PED-03943,2024-04-06,HD EXTERNO,999999,5286.27,0.38,SUDESTE,CARLA MENDES,ONLINE,CONCLUÍDO
PED-02076,2023-12-02,MOUSE,,13320.09,0.371,SUDESTE,BRUNO COSTA,LOJA FÍSICA,CONCLUÍDO
PED-01001,,HEADSET,2,8292.28,0.47600000000000003,NORTE,ANA SILVA,TELEVENDAS,PENDENTE
PED-00346,,HD EXTERNO,,,0.226,CENTRO-OESTE,BRUNO COSTA,TELEVENDAS,EM ANÁLISE
PED-01300,,HD EXTERNO,244,2384.26,0.0,SUL,BRUNO COSTA,ONLINE,EM ANÁLISE
PED-31940,2023-07-22,TECLADO,442,7278.0,0.0,CENTRO-OESTE,CARLA MENDES,LOJA FÍSICA,CANCELADO
PED-09549,2024-07-12,IMPRESSORA,,,0.0,NORTE,DIEGO LIMA,TELEVENDAS,CANCELADO
PED-07481,2023-05-22,HEADSET,87,,1.0,SUDESTE,ANA SILVA,LOJA FÍSICA,CANCELADO
PED-03874,,TECLADO,,3809.94,0.0,NORTE,DIEGO LIMA,REVENDEDOR,CONCLUÍDO
PED-01708,,MOUSE,89,10913.86,0.003,NORTE,ELENA SOUZA,TELEVENDAS,CONCLUÍDO
PED-00770,2023-09-11,MOUSE,146,,0.11900000000000001,NORTE,DIEGO LIMA,ONLINE,PENDENTE
PED-07331,,WEBCAM,45,13994.0,0.0,CENTRO-OESTE,DIEGO LIMA,LOJA FÍSICA,EM ANÁLISE
PED-05624,2022-08-19,HD EXTERNO,473,9927.76,0.0,SUL,BRUNO COSTA,REVENDEDOR,PENDENTE
PED-00275,2023-08-19,MONITOR,,,0.215,SUL,BRUNO COSTA,REVENDEDOR,PENDENTE
PED-08903,2022-01-07,MOUSE,112,6015.11,0.35600000000000004,NORTE,DIEGO LIMA,ONLINE,EM ANÁLISE
PED-03629,2023-03-25,TABLET,74,,1.0,SUL,CARLA MENDES,ONLINE,CANCELADO
PED-05224,2022-03-14,TABLET,12,,0.13699999999999998,NORTE,ANA SILVA,TELEVENDAS,CONCLUÍDO
PED-08365,2023-10-08,HD EXTERNO,,5956.0,0.0,SUL,ANA SILVA,LOJA FÍSICA,CONCLUÍDO
PED-01000,,MONITOR,999999,,0.462,NORDESTE,DIEGO LIMA,TELEVENDAS,PENDENTE
PED-09773,2024-05-12,WEBCAM,999999,,0.36,SUDESTE,CARLA MENDES,REVENDEDOR,PENDENTE
PED-05037,2023-08-08,MOUSE,19,,0.093,NORDESTE,ANA SILVA,REVENDEDOR,EM ANÁLISE
PED-02049,2022-10-23,MOUSE,302,,0.053,SUDESTE,ELENA SOUZA,ONLINE,PENDENTE
PED-02453,2023-05-25,SMARTPHONE,,,0.0,SUDESTE,BRUNO COSTA,TELEVENDAS,PENDENTE
PED-01488,2024-07-08,HEADSET,422,5253.66,0.14,CENTRO-OESTE,BRUNO COSTA,TELEVENDAS,CONCLUÍDO
PED-03852,2022-07-17,WEBCAM,342,12156.43,0.41,NORDESTE,CARLA MENDES,TELEVENDAS,PENDENTE
PED-04320,2022-11-05,NOTEBOOK,135,,0.23399999999999999,SUDESTE,ANA SILVA,REVENDEDOR,PENDENTE
PED-03215,,HEADSET,255,4488.38,0.37799999999999995,NORTE,DIEGO LIMA,TELEVENDAS,CONCLUÍDO
PED-06015,2023-02-05,IMPRESSORA,,,0.2,SUDESTE,BRUNO COSTA,LOJA FÍSICA,CONCLUÍDO
PED-07227,,HEADSET,264,,0.231,NORDESTE,ANA SILVA,LOJA FÍSICA,CONCLUÍDO
PED-01197,2024-10-19,MONITOR,56,7910.08,0.02,SUDESTE,ANA SILVA,ONLINE,CONCLUÍDO
PED-07590,2022-12-26,HEADSET,,5016.96,0.139,SUL,ANA SILVA,LOJA FÍSICA,CONCLUÍDO
PED-04689,,NOTEBOOK,438,,0.47,SUDESTE,CARLA MENDES,ONLINE,PENDENTE
PED-07234,2024-04-07,MOUSE,,5845.98,1.0,CENTRO-OESTE,BRUNO COSTA,ONLINE,EM ANÁLISE
PED-03799,2023-07-08,HD EXTERNO,32,,0.0,SUL,ELENA SOUZA,LOJA FÍSICA,CONCLUÍDO
PED-03043,,NOTEBOOK,398,,0.44,SUL,DIEGO LIMA,LOJA FÍSICA,CANCELADO
PED-09482,2023-12-13,HEADSET,97,14065.57,0.036,SUL,DIEGO LIMA,ONLINE,CONCLUÍDO
PED-02553,2024-04-15,TECLADO,,,0.289,SUL,BRUNO COSTA,TELEVENDAS,EM ANÁLISE
PED-03443,2022-08-22,HD EXTERNO,54,,0.075,SUL,ANA SILVA,TELEVENDAS,CANCELADO
PED-06962,2022-06-25,TECLADO,,3694.64,1.0,CENTRO-OESTE,DIEGO LIMA,LOJA FÍSICA,CONCLUÍDO
PED-06470,2022-02-02,IMPRESSORA,,9617.03,0.0,SUL,BRUNO COSTA,REVENDEDOR,PENDENTE
PED-04044,2022-12-16,NOTEBOOK,329,10813.54,0.222,SUL,ANA SILVA,TELEVENDAS,CONCLUÍDO
PED-00121,2022-09-23,TECLADO,452,,0.36200000000000004,NORTE,ANA SILVA,ONLINE,CONCLUÍDO
PED-06897,2023-03-21,HEADSET,,,0.0,NORDESTE,CARLA MENDES,ONLINE,EM ANÁLISE
PED-04508,,HD EXTERNO,383,1392.54,0.0,CENTRO-OESTE,ELENA SOUZA,TELEVENDAS,PENDENTE
PED-07870,2022-05-07,MOUSE,177,,0.171,CENTRO-OESTE,BRUNO COSTA,TELEVENDAS,EM ANÁLISE
PED-00068,2022-04-22,TECLADO,999999,,1.0,NORTE,CARLA MENDES,LOJA FÍSICA,CANCELADO
PED-08340,,IMPRESSORA,,,1.0,CENTRO-OESTE,DIEGO LIMA,LOJA FÍSICA,CONCLUÍDO
PED-04301,2022-09-09,MONITOR,,1546.04,0.385,SUDESTE,CARLA MENDES,LOJA FÍSICA,CANCELADO
PED-02206,2023-11-25,MONITOR,,6335.57,0.0,SUDESTE,DIEGO LIMA,LOJA FÍSICA,CANCELADO
PED-02312,,MOUSE,,,0.0,SUDESTE,ELENA SOUZA,LOJA FÍSICA,EM ANÁLISE
PED-08513,2024-11-01,SMARTPHONE,279,2644.12,0.0,NORTE,BRUNO COSTA,LOJA FÍSICA,CONCLUÍDO
PED-01524,2023-04-15,MONITOR,,5129.08,0.013999999999999999,NORTE,BRUNO COSTA,ONLINE,PENDENTE
PED-00182,2024-09-26,NOTEBOOK,,,0.0,SUL,BRUNO COSTA,LOJA FÍSICA,CONCLUÍDO
PED-08543,,TECLADO,284,,0.0,SUDESTE,BRUNO COSTA,REVENDEDOR,PENDENTE
PED-01247,,MOUSE,,,0.138,SUL,DIEGO LIMA,LOJA FÍSICA,CANCELADO
PED-58782,,IMPRESSORA,,2944.28,1.0,SUL,ANA SILVA,LOJA FÍSICA,EM ANÁLISE
PED-05211,2023-06-28,IMPRESSORA,,,0.0,CENTRO-OESTE,CARLA MENDES,ONLINE,CONCLUÍDO
PED-01539,2023-05-24,SMARTPHONE,360,,0.129,NORDESTE,BRUNO COSTA,ONLINE,EM ANÁLISE
PED-06208,,TABLET,,,1.0,NORDESTE,CARLA MENDES,TELEVENDAS,CONCLUÍDO
PED-02230,2022-08-20,MONITOR,,3138.76,0.29,SUL,ELENA SOUZA,ONLINE,PENDENTE
PED-09362,2023-05-01,HEADSET,,,0.0,SUL,CARLA MENDES,ONLINE,CONCLUÍDO
PED-06882,,WEBCAM,451,6162.81,1.0,SUL,CARLA MENDES,TELEVENDAS,PENDENTE
PED-07779,,HD EXTERNO,88,,1.0,NORTE,CARLA MENDES,LOJA FÍSICA,CANCELADO
PED-02373,2024-09-12,IMPRESSORA,88,,0.45,NORTE,BRUNO COSTA,ONLINE,CONCLUÍDO
PED-01120,2022-05-24,TECLADO,,,1.0,SUL,BRUNO COSTA,REVENDEDOR,CONCLUÍDO
PED-08759,2024-09-07,NOTEBOOK,497,,0.20800000000000002,NORDESTE,CARLA MENDES,REVENDEDOR,CONCLUÍDO
PED-06488,,MONITOR,999999,,0.0,NORTE,BRUNO COSTA,LOJA FÍSICA,CANCELADO
PED-01541,,TABLET,172,,0.0,NORTE,ANA SILVA,REVENDEDOR,CONCLUÍDO
PED-08608,2022-07-11,HEADSET,,8476.6,0.401,SUDESTE,ANA SILVA,LOJA FÍSICA,EM ANÁLISE
PED-07064,2024-06-01,SMARTPHONE,,1791.47,1.0,NORTE,DIEGO LIMA,ONLINE,CONCLUÍDO
PED-02333,,HD EXTERNO,48,,0.0,SUL,BRUNO COSTA,REVENDEDOR,PENDENTE
PED-06493,,NOTEBOOK,432,7516.0,0.4,NORDESTE,BRUNO COSTA,LOJA FÍSICA,CANCELADO
PED-01963,2023-06-25,IMPRESSORA,359,,0.0,SUL,ELENA SOUZA,REVENDEDOR,CANCELADO
PED-03459,2024-11-24,NOTEBOOK,249,8862.53,1.0,NORDESTE,ELENA SOUZA,LOJA FÍSICA,PENDENTE
PED-04319,,NOTEBOOK,,,0.281,NORDESTE,CARLA MENDES,LOJA FÍSICA,CONCLUÍDO
PED-09898,,TABLET,999999,9686.31,0.0,NORTE,ANA SILVA,TELEVENDAS,CONCLUÍDO
PED-01808,2023-11-22,IMPRESSORA,,681.45,0.122,CENTRO-OESTE,DIEGO LIMA,TELEVENDAS,CANCELADO
PED-08811,2023-11-15,TECLADO,279,14016.68,0.0,CENTRO-OESTE,BRUNO COSTA,LOJA FÍSICA,PENDENTE
PED-03193,,HD EXTERNO,153,1011.69,0.325,SUDESTE,BRUNO COSTA,ONLINE,CONCLUÍDO
PED-08457,2022-05-27,MONITOR,,,0.264,CENTRO-OESTE,ANA SILVA,LOJA FÍSICA,CONCLUÍDO
PED-02048,,SMARTPHONE,223,,0.446,SUDESTE,CARLA MENDES,ONLINE,CANCELADO
PED-03234,2022-03-18,TECLADO,44,,0.34,NORTE,ELENA SOUZA,ONLINE,CONCLUÍDO
PED-07158,2023-12-20,HEADSET,,4102.63,0.0,CENTRO-OESTE,DIEGO LIMA,ONLINE,CONCLUÍDO
PED-06474,,MONITOR,14,,0.0,SUDESTE,ANA SILVA,ONLINE,PENDENTE
PED-79901,2023-03-10,WEBCAM,,,0.0,SUDESTE,CARLA MENDES,LOJA FÍSICA,PENDENTE
PED-06215,2023-07-06,HD EXTERNO,343,5365.91,0.295,NORTE,CARLA MENDES,REVENDEDOR,EM ANÁLISE
PED-00060,2022-06-12,WEBCAM,415,,0.369,SUL,ANA SILVA,LOJA FÍSICA,CONCLUÍDO
PED-09702,,IMPRESSORA,81,,0.369,NORDESTE,ANA SILVA,REVENDEDOR,CANCELADO
PED-08615,,NOTEBOOK,327,14606.18,1.0,NORTE,ANA SILVA,LOJA FÍSICA,PENDENTE
PED-06920,2022-10-20,TABLET,999999,2737.39,0.0,NORTE,DIEGO LIMA,LOJA FÍSICA,CONCLUÍDO
PED-07298,2024-06-20,MONITOR,999999,6131.6,0.028999999999999998,SUL,BRUNO COSTA,ONLINE,EM ANÁLISE
PED-02455,2022-04-18,TABLET,284,,0.0,SUL,ANA SILVA,ONLINE,CANCELADO
PED-07365,2023-06-26,TECLADO,52,14281.64,0.188,NORDESTE,DIEGO LIMA,REVENDEDOR,PENDENTE
PED-04030,2023-06-14,SMARTPHONE,210,12478.55,0.0,SUDESTE,CARLA MENDES,ONLINE,CONCLUÍDO
PED-07690,2022-02-16,TABLET,,,0.0,NORTE,CARLA MENDES,ONLINE,PENDENTE
PED-03844,2024-08-07,IMPRESSORA,92,,0.085,SUDESTE,BRUNO COSTA,REVENDEDOR,CANCELADO
PED-02350,2022-03-24,HD EXTERNO,52,,0.0,SUL,CARLA MENDES,ONLINE,PENDENTE
PED-02818,,MONITOR,999999,3683.13,0.0,CENTRO-OESTE,DIEGO LIMA,ONLINE,CANCELADO
PED-64878,,HD EXTERNO,,,0.462,NORDESTE,BRUNO COSTA,LOJA FÍSICA,PENDENTE
PED-00001,2022-11-24,HD EXTERNO,333,,0.47100000000000003,SUL,BRUNO COSTA,REVENDEDOR,CONCLUÍDO
PED-07846,,NOTEBOOK,,,0.151,SUDESTE,ELENA SOUZA,ONLINE,CONCLUÍDO
PED-02487,2022-12-23,HEADSET,376,13158.0,0.22399999999999998,SUL,ELENA SOUZA,LOJA FÍSICA,CANCELADO
PED-08652,2022-12-07,WEBCAM,,8361.0,0.0,NORTE,ANA SILVA,LOJA FÍSICA,EM ANÁLISE
PED-09822,2024-08-09,MOUSE,288,11208.11,0.0,NORDESTE,ELENA SOUZA,ONLINE,CONCLUÍDO
PED-03377,,SMARTPHONE,241,7857.89,0.0,SUL,DIEGO LIMA,TELEVENDAS,CONCLUÍDO
PED-06954,2024-01-07,MOUSE,375,11269.41,1.0,SUDESTE,CARLA MENDES,LOJA FÍSICA,CANCELADO
PED-09085,2024-02-02,NOTEBOOK,81,7883.97,0.0,CENTRO-OESTE,ANA SILVA,TELEVENDAS,CONCLUÍDO
PED-07655,,MONITOR,195,,0.0,SUL,ANA SILVA,ONLINE,CONCLUÍDO
PED-00734,2023-07-24,SMARTPHONE,36,1924.8,0.0,CENTRO-OESTE,DIEGO LIMA,LOJA FÍSICA,EM ANÁLISE
PED-01861,2024-08-07,TABLET,160,6158.29,0.462,NORTE,BRUNO COSTA,REVENDEDOR,CANCELADO
PED-05635,,HD EXTERNO,413,,0.361,NORTE,DIEGO LIMA,TELEVENDAS,CONCLUÍDO
PED-04412,2024-10-21,MONITOR,,6533.03,0.0,SUL,ELENA SOUZA,TELEVENDAS,PENDENTE
PED-09733,2024-08-17,IMPRESSORA,67,,0.247,NORDESTE,NAN,ONLINE,CANCELADO
PED-07682,2024-06-21,MONITOR,132,13608.38,0.423,SUL,ANA SILVA,REVENDEDOR,CANCELADO
PED-03741,2022-08-14,MONITOR,,6572.63,0.0,NORTE,ANA SILVA,LOJA FÍSICA,CONCLUÍDO
PED-01451,2024-11-01,TABLET,183,7873.0,0.0,NORDESTE,ELENA SOUZA,LOJA FÍSICA,PENDENTE
PED-08399,,HD EXTERNO,463,,0.031,SUL,ANA SILVA,ONLINE,PENDENTE
PED-04309,2023-12-22,TABLET,,,0.499,SUL,DIEGO LIMA,ONLINE,PENDENTE
PED-02232,2024-09-04,SMARTPHONE,177,,0.396,SUL,ELENA SOUZA,REVENDEDOR,CANCELADO
PED-03828,,MOUSE,999999,,0.049,NORDESTE,ANA SILVA,LOJA FÍSICA,CANCELADO
PED-06876,,WEBCAM,272,13835.0,0.0,CENTRO-OESTE,ELENA SOUZA,LOJA FÍSICA,CONCLUÍDO
PED-09935,2023-10-27,HEADSET,200,,1.0,CENTRO-OESTE,ELENA SOUZA,TELEVENDAS,PENDENTE
PED-05937,2023-08-26,MOUSE,,7375.05,1.0,SUDESTE,ELENA SOUZA,TELEVENDAS,EM ANÁLISE
PED-00288,,MONITOR,,,0.419,SUL,DIEGO LIMA,LOJA FÍSICA,EM ANÁLISE
PED-00235,2024-01-24,HEADSET,382,,0.061,SUDESTE,DIEGO LIMA,REVENDEDOR,CONCLUÍDO
PED-04658,2022-09-19,IMPRESSORA,,,0.0,NORTE,ELENA SOUZA,TELEVENDAS,EM ANÁLISE
PED-01076,,NOTEBOOK,89,,0.0,SUDESTE,ELENA SOUZA,REVENDEDOR,PENDENTE
PED-09440,2023-02-18,HD EXTERNO,142,,0.040999999999999995,NORTE,BRUNO COSTA,REVENDEDOR,CONCLUÍDO
PED-69353,2023-09-26,TABLET,,5395.28,0.416,NORTE,DIEGO LIMA,LOJA FÍSICA,CONCLUÍDO
PED-42843,,HEADSET,465,,0.125,NORDESTE,ELENA SOUZA,LOJA FÍSICA,EM ANÁLISE
PED-00450,,IMPRESSORA,71,,0.47700000000000004,NORTE,ANA SILVA,REVENDEDOR,CONCLUÍDO
PED-74460,2024-04-15,TABLET,,,0.36200000000000004,SUDESTE,CARLA MENDES,ONLINE,PENDENTE
PED-02535,2022-05-12,MOUSE,107,5736.85,0.0,SUDESTE,ELENA SOUZA,LOJA FÍSICA,CONCLUÍDO
PED-03194,2024-07-17,HEADSET,999999,,0.29,SUDESTE,ANA SILVA,REVENDEDOR,PENDENTE
PED-06454,2024-04-17,TABLET,,,0.0,CENTRO-OESTE,CARLA MENDES,LOJA FÍSICA,CANCELADO
PED-06374,2023-03-24,NOTEBOOK,252,6449.36,0.406,SUDESTE,DIEGO LIMA,LOJA FÍSICA,CONCLUÍDO
PED-02151,2022-03-08,HD EXTERNO,223,,0.398,SUDESTE,BRUNO COSTA,ONLINE,CONCLUÍDO
PED-04927,2024-10-21,NOTEBOOK,159,13595.0,1.0,CENTRO-OESTE,ELENA SOUZA,REVENDEDOR,CANCELADO
PED-00682,,MOUSE,200,,0.113,NORTE,CARLA MENDES,REVENDEDOR,CANCELADO
PED-09960,2024-11-06,MONITOR,9,,0.07200000000000001,SUDESTE,DIEGO LIMA,LOJA FÍSICA,CANCELADO
PED-07091,2022-05-25,IMPRESSORA,227,3479.0,0.10300000000000001,SUL,DIEGO LIMA,LOJA FÍSICA,PENDENTE
PED-08090,,SMARTPHONE,477,3040.06,0.127,NORTE,DIEGO LIMA,ONLINE,PENDENTE
PED-03877,2024-06-06,MOUSE,,,0.047,SUDESTE,CARLA MENDES,ONLINE,CANCELADO
PED-08556,2022-02-22,NAN,244,14515.3,0.126,NORDESTE,DIEGO LIMA,ONLINE,PENDENTE
PED-09437,2023-01-27,HD EXTERNO,,,0.0,SUDESTE,DIEGO LIMA,LOJA FÍSICA,PENDENTE
PED-00844,2024-08-03,SMARTPHONE,,8668.24,0.402,SUDESTE,ANA SILVA,LOJA FÍSICA,CONCLUÍDO
PED-07817,2024-09-02,MONITOR,,1633.8,0.0,NORDESTE,DIEGO LIMA,LOJA FÍSICA,CANCELADO
PED-06304,2023-05-14,HD EXTERNO,245,14941.98,0.23600000000000002,NORTE,DIEGO LIMA,ONLINE,CONCLUÍDO
PED-01726,2023-07-14,IMPRESSORA,145,,0.0,NORTE,ELENA SOUZA,ONLINE,CONCLUÍDO
PED-08834,2023-10-26,SMARTPHONE,999999,,1.0,CENTRO-OESTE,ANA SILVA,TELEVENDAS,CONCLUÍDO
PED-05083,2022-08-13,MONITOR,321,13902.66,0.0,NORTE,BRUNO COSTA,ONLINE,CONCLUÍDO
PED-01923,,IMPRESSORA,131,11947.0,0.314,CENTRO-OESTE,CARLA MENDES,TELEVENDAS,PENDENTE
PED-01025,2024-04-10,IMPRESSORA,488,8181.07,0.468,NORTE,DIEGO LIMA,LOJA FÍSICA,EM ANÁLISE
PED-08153,2023-02-06,SMARTPHONE,51,,0.0,SUDESTE,CARLA MENDES,LOJA FÍSICA,CANCELADO
PED-04464,2022-06-02,NOTEBOOK,,,0.0,SUL,DIEGO LIMA,ONLINE,PENDENTE
PED-06729,,WEBCAM,,1677.56,0.301,NORTE,CARLA MENDES,TELEVENDAS,CONCLUÍDO
PED-08595,,HEADSET,396,7418.17,0.0,NORTE,BRUNO COSTA,ONLINE,CONCLUÍDO
PED-03689,2023-12-17,WEBCAM,443,5487.07,0.126,NORTE,BRUNO COSTA,REVENDEDOR,CONCLUÍDO
PED-04268,2024-10-21,MOUSE,,7725.01,0.0,SUL,ANA SILVA,ONLINE,PENDENTE
PED-02976,2022-05-04,HEADSET,,,0.452,SUDESTE,CARLA MENDES,REVENDEDOR,PENDENTE
PED-09595,2024-10-08,TABLET,421,11192.57,1.0,NORDESTE,BRUNO COSTA,TELEVENDAS,PENDENTE
PED-06270,,WEBCAM,306,6199.37,0.389,NORTE,CARLA MENDES,LOJA FÍSICA,PENDENTE
PED-03240,,SMARTPHONE,,,0.0,NORTE,ANA SILVA,ONLINE,CANCELADO
PED-08187,2022-02-27,TECLADO,,1562.95,0.225,NORTE,DIEGO LIMA,TELEVENDAS,CONCLUÍDO
PED-06980,2024-06-11,MOUSE,30,,0.337,NORTE,BRUNO COSTA,ONLINE,CONCLUÍDO
PED-02596,2022-03-19,HD EXTERNO,266,13004.77,0.0,NORTE,CARLA MENDES,TELEVENDAS,PENDENTE
PED-02569,,TABLET,999999,4538.24,0.0,NORTE,BRUNO COSTA,LOJA FÍSICA,PENDENTE
PED-09230,2022-01-02,MONITOR,289,,0.0,SUDESTE,DIEGO LIMA,TELEVENDAS,CONCLUÍDO
PED-08092,2022-05-26,TABLET,,,0.38799999999999996,NORTE,ANA SILVA,ONLINE,CANCELADO
PED-01328,2023-02-18,HEADSET,999999,5676.56,0.08900000000000001,NORTE,ELENA SOUZA,ONLINE,PENDENTE
PED-00649,,SMARTPHONE,383,3735.61,0.168,SUDESTE,ANA SILVA,LOJA FÍSICA,PENDENTE
PED-00585,2024-11-26,WEBCAM,373,,0.0,NORTE,DIEGO LIMA,ONLINE,PENDENTE
PED-03316,2024-05-20,IMPRESSORA,74,,0.324,NORTE,ANA SILVA,TELEVENDAS,PENDENTE
PED-03456,,WEBCAM,251,3935.84,0.293,SUL,CARLA MENDES,LOJA FÍSICA,CONCLUÍDO
PED-02764,2024-12-12,HEADSET,,8731.31,0.106,SUDESTE,BRUNO COSTA,REVENDEDOR,PENDENTE
PED-01373,2023-06-04,HEADSET,461,14822.0,0.494,SUL,BRUNO COSTA,REVENDEDOR,PENDENTE
PED-01187,2022-11-27,TABLET,,4622.11,0.47,SUDESTE,BRUNO COSTA,ONLINE,CANCELADO
PED-05479,,TABLET,292,,0.0,NORTE,ANA SILVA,LOJA FÍSICA,CONCLUÍDO
PED-07684,,WEBCAM,999999,9502.47,0.0,SUL,BRUNO COSTA,LOJA FÍSICA,CANCELADO
PED-03122,,HD EXTERNO,,,0.0,CENTRO-OESTE,ANA SILVA,ONLINE,CANCELADO
PED-05050,2022-09-01,HEADSET,,592.8,0.28,SUDESTE,BRUNO COSTA,LOJA FÍSICA,PENDENTE
PED-03662,2024-03-20,TECLADO,999999,14477.04,0.295,NORTE,BRUNO COSTA,ONLINE,CONCLUÍDO
PED-09077,,TECLADO,389,,0.28,CENTRO-OESTE,DIEGO LIMA,LOJA FÍSICA,CONCLUÍDO
PED-04763,,MOUSE,216,7813.94,0.0,SUL,ANA SILVA,ONLINE,CONCLUÍDO
PED-06624,,HEADSET,453,11354.07,0.48,SUDESTE,CARLA MENDES,LOJA FÍSICA,PENDENTE
PED-09910,2022-03-19,NOTEBOOK,26,,0.486,SUL,CARLA MENDES,TELEVENDAS,CONCLUÍDO
PED-07799,2022-03-03,HD EXTERNO,15,,0.209,NORTE,DIEGO LIMA,ONLINE,CONCLUÍDO
PED-06853,2023-10-12,HD EXTERNO,,,0.473,SUDESTE,CARLA MENDES,TELEVENDAS,EM ANÁLISE
PED-01630,2022-01-19,SMARTPHONE,464,,0.13,CENTRO-OESTE,ELENA SOUZA,LOJA FÍSICA,CONCLUÍDO
PED-06480,2022-11-02,TECLADO,,9053.0,0.0,NORTE,BRUNO COSTA,LOJA FÍSICA,EM ANÁLISE
PED-09774,,NOTEBOOK,422,2935.73,0.05,SUL,BRUNO COSTA,LOJA FÍSICA,EM ANÁLISE
PED-03374,,HD EXTERNO,135,13506.0,0.418,CENTRO-OESTE,ELENA SOUZA,REVENDEDOR,EM ANÁLISE
PED-00163,,TABLET,137,,0.12300000000000001,CENTRO-OESTE,BRUNO COSTA,REVENDEDOR,CONCLUÍDO
PED-02820,,IMPRESSORA,327,13880.3,0.385,SUDESTE,ELENA SOUZA,LOJA FÍSICA,CONCLUÍDO
PED-04860,2023-02-03,IMPRESSORA,999999,8164.0,0.03,SUL,ELENA SOUZA,REVENDEDOR,CONCLUÍDO
PED-02952,2023-12-05,NOTEBOOK,459,,0.0,CENTRO-OESTE,ELENA SOUZA,ONLINE,CANCELADO
PED-02958,,NOTEBOOK,366,,0.27399999999999997,SUDESTE,DIEGO LIMA,REVENDEDOR,CONCLUÍDO
PED-02129,,WEBCAM,,7085.91,0.11900000000000001,SUL,ELENA SOUZA,LOJA FÍSICA,CONCLUÍDO
PED-02742,2023-08-22,NOTEBOOK,,12974.08,0.439,NORDESTE,ANA SILVA,LOJA FÍSICA,CONCLUÍDO
PED-03686,,NOTEBOOK,,12317.57,0.0,SUL,ELENA SOUZA,TELEVENDAS,PENDENTE
PED-04749,2023-01-27,TABLET,,12254.0,0.334,NORDESTE,ANA SILVA,LOJA FÍSICA,CANCELADO
PED-06216,2024-02-04,NOTEBOOK,247,,1.0,NORTE,ANA SILVA,ONLINE,EM ANÁLISE
PED-13674,2024-12-21,IMPRESSORA,,,0.259,NORTE,BRUNO COSTA,REVENDEDOR,EM ANÁLISE
PED-03569,2024-10-28,SMARTPHONE,999999,,0.0,SUDESTE,CARLA MENDES,LOJA FÍSICA,CANCELADO
PED-00492,2022-04-02,NAN,47,10413.34,1.0,SUL,DIEGO LIMA,REVENDEDOR,EM ANÁLISE
PED-01339,,HD EXTERNO,375,5857.58,1.0,NORDESTE,CARLA MENDES,TELEVENDAS,PENDENTE
PED-00811,2023-10-24,HD EXTERNO,198,,0.15,SUL,ANA SILVA,TELEVENDAS,EM ANÁLISE
PED-08961,2022-07-26,SMARTPHONE,,,0.42,SUDESTE,BRUNO COSTA,LOJA FÍSICA,CONCLUÍDO
PED-00391,2022-02-26,HEADSET,,,1.0,SUDESTE,ELENA SOUZA,ONLINE,PENDENTE
PED-02056,,TABLET,,4136.43,0.0,SUDESTE,DIEGO LIMA,REVENDEDOR,CONCLUÍDO
PED-08784,,HEADSET,,6019.59,0.34700000000000003,SUDESTE,ELENA SOUZA,ONLINE,CONCLUÍDO
PED-06763,2024-10-28,MOUSE,,,0.0,NORDESTE,CARLA MENDES,LOJA FÍSICA,PENDENTE
PED-04468,,WEBCAM,318,13176.84,0.334,CENTRO-OESTE,DIEGO LIMA,LOJA FÍSICA,CONCLUÍDO
PED-04236,,HEADSET,,4511.21,0.18899999999999997,NORDESTE,BRUNO COSTA,ONLINE,PENDENTE
PED-09716,2024-01-10,SMARTPHONE,,52.34,0.0,NORTE,BRUNO COSTA,REVENDEDOR,CANCELADO
PED-06306,2022-06-06,NOTEBOOK,,,0.489,NORTE,BRUNO COSTA,ONLINE,PENDENTE
PED-08219,2022-03-25,MOUSE,215,612.04,0.45299999999999996,SUDESTE,BRUNO COSTA,REVENDEDOR,EM ANÁLISE
PED-01447,,MOUSE,,14359.28,0.23199999999999998,SUDESTE,DIEGO LIMA,REVENDEDOR,CANCELADO
PED-09657,2022-07-26,TABLET,,7948.92,0.014,NORDESTE,BRUNO COSTA,TELEVENDAS,CONCLUÍDO
PED-03666,2022-12-18,WEBCAM,,6304.38,1.0,CENTRO-OESTE,ELENA SOUZA,TELEVENDAS,CANCELADO
PED-39708,,TECLADO,,10351.4,0.428,NORTE,CARLA MENDES,ONLINE,CONCLUÍDO
PED-01195,2022-09-23,TECLADO,412,980.01,0.355,CENTRO-OESTE,BRUNO COSTA,TELEVENDAS,CONCLUÍDO
PED-01607,2024-10-16,MOUSE,,,1.0,SUL,ELENA SOUZA,REVENDEDOR,CANCELADO
PED-08724,,MOUSE,366,,0.126,NORTE,CARLA MENDES,LOJA FÍSICA,PENDENTE
PED-07177,2022-05-14,HEADSET,113,,0.0,CENTRO-OESTE,CARLA MENDES,TELEVENDAS,EM ANÁLISE
PED-01932,2023-05-09,MOUSE,,7226.73,1.0,CENTRO-OESTE,BRUNO COSTA,TELEVENDAS,CONCLUÍDO
PED-07837,,WEBCAM,,,0.0,SUL,BRUNO COSTA,TELEVENDAS,CONCLUÍDO
PED-00819,2022-10-22,MONITOR,,649.96,0.041,NORTE,ANA SILVA,LOJA FÍSICA,EM ANÁLISE
PED-01873,2024-01-14,HD EXTERNO,392,11964.1,0.049,CENTRO-OESTE,CARLA MENDES,LOJA FÍSICA,CONCLUÍDO
PED-06017,2024-08-09,NOTEBOOK,372,,0.366,NORTE,CARLA MENDES,LOJA FÍSICA,CANCELADO
PED-06033,,SMARTPHONE,466,,0.259,CENTRO-OESTE,CARLA MENDES,ONLINE,PENDENTE
PED-28115,,IMPRESSORA,109,3389.0,0.0,NORTE,ELENA SOUZA,ONLINE,EM ANÁLISE
PED-08886,2023-10-21,HEADSET,155,5270.0,0.27,SUDESTE,BRUNO COSTA,REVENDEDOR,CONCLUÍDO
PED-09391,2023-05-05,TECLADO,73,5115.72,0.0,SUDESTE,ELENA SOUZA,ONLINE,CONCLUÍDO
PED-06997,2023-02-10,TABLET,,9398.24,0.0,NORTE,CARLA MENDES,ONLINE,PENDENTE
PED-06108,2024-10-22,SMARTPHONE,360,,0.0,CENTRO-OESTE,ANA SILVA,REVENDEDOR,EM ANÁLISE
PED-03434,,NOTEBOOK,,8898.0,0.0,SUDESTE,CARLA MENDES,TELEVENDAS,PENDENTE
PED-01725,2024-08-14,IMPRESSORA,103,12073.85,0.31,NORDESTE,CARLA MENDES,ONLINE,CONCLUÍDO
PED-03473,,SMARTPHONE,999999,,0.3,NORTE,CARLA MENDES,REVENDEDOR,CANCELADO
PED-08157,,IMPRESSORA,348,2163.44,0.057,NORDESTE,ELENA SOUZA,ONLINE,PENDENTE
PED-50003,2024-02-20,TECLADO,370,2539.51,0.0,CENTRO-OESTE,DIEGO LIMA,TELEVENDAS,CANCELADO
PED-08119,,WEBCAM,,,0.0,SUDESTE,ANA SILVA,ONLINE,CANCELADO
PED-07823,,SMARTPHONE,69,11759.04,0.0,NORTE,ANA SILVA,REVENDEDOR,PENDENTE
PED-04660,,HEADSET,,,1.0,NORTE,DIEGO LIMA,REVENDEDOR,CONCLUÍDO
PED-31509,,NOTEBOOK,49,13527.39,1.0,SUDESTE,ELENA SOUZA,ONLINE,PENDENTE
PED-01943,2024-06-19,TECLADO,9,,0.29,SUDESTE,DIEGO LIMA,ONLINE,CONCLUÍDO
PED-08933,2022-11-13,MOUSE,,8539.36,0.0,SUL,BRUNO COSTA,ONLINE,CANCELADO
PED-06074,2024-08-13,MONITOR,,5511.42,0.0,CENTRO-OESTE,BRUNO COSTA,LOJA FÍSICA,CONCLUÍDO
PED-08031,2022-07-13,SMARTPHONE,,,1.0,NORTE,ANA SILVA,LOJA FÍSICA,PENDENTE
PED-08509,,IMPRESSORA,999999,11731.49,0.0,SUL,ANA SILVA,TELEVENDAS,CANCELADO
PED-02666,2022-04-10,IMPRESSORA,,,0.364,SUL,ANA SILVA,TELEVENDAS,EM ANÁLISE
PED-00826,,HEADSET,,648.43,0.48100000000000004,SUL,ANA SILVA,ONLINE,EM ANÁLISE
PED-03109,,SMARTPHONE,52,5174.36,0.0,SUL,ANA SILVA,LOJA FÍSICA,PENDENTE
PED-05824,2023-02-11,SMARTPHONE,,7232.0,0.0,NORTE,DIEGO LIMA,TELEVENDAS,CANCELADO
PED-09430,2023-06-13,HEADSET,,,0.428,CENTRO-OESTE,BRUNO COSTA,LOJA FÍSICA,CONCLUÍDO
PED-00069,2023-12-16,IMPRESSORA,188,,0.401,NORTE,ANA SILVA,LOJA FÍSICA,CONCLUÍDO
PED-02586,2022-03-03,TECLADO,391,2324.0,0.0,NORDESTE,DIEGO LIMA,TELEVENDAS,PENDENTE
PED-03769,2023-07-03,HEADSET,,,0.213,CENTRO-OESTE,CARLA MENDES,ONLINE,EM ANÁLISE
PED-04246,2024-03-11,HD EXTERNO,,8477.0,0.0,NORDESTE,ELENA SOUZA,REVENDEDOR,CANCELADO
PED-09207,2023-03-07,SMARTPHONE,,,0.18,SUDESTE,ELENA SOUZA,LOJA FÍSICA,CONCLUÍDO
PED-08148,,MONITOR,,12316.56,0.0,NORTE,ELENA SOUZA,REVENDEDOR,PENDENTE
PED-06433,2022-01-17,HEADSET,465,14607.0,1.0,NORDESTE,BRUNO COSTA,REVENDEDOR,CONCLUÍDO
PED-03226,2024-09-27,SMARTPHONE,,7223.73,0.154,SUL,DIEGO LIMA,REVENDEDOR,CONCLUÍDO
PED-02845,2023-10-13,HD EXTERNO,181,6423.85,1.0,SUDESTE,ANA SILVA,TELEVENDAS,EM ANÁLISE
PED-07720,2023-03-04,IMPRESSORA,,,0.0,NORDESTE,CARLA MENDES,REVENDEDOR,EM ANÁLISE
PED-08401,2022-06-25,MONITOR,296,,0.0,NORDESTE,DIEGO LIMA,TELEVENDAS,CANCELADO
PED-54217,2022-11-12,HD EXTERNO,17,1513.13,0.0,SUL,ANA SILVA,LOJA FÍSICA,CONCLUÍDO
PED-06961,2023-04-25,TECLADO,,,0.285,NORTE,ELENA SOUZA,REVENDEDOR,CONCLUÍDO
PED-04307,,MONITOR,276,14796.71,0.0,CENTRO-OESTE,ELENA SOUZA,LOJA FÍSICA,EM ANÁLISE
PED-00444,,SMARTPHONE,392,,0.0,CENTRO-OESTE,DIEGO LIMA,ONLINE,EM ANÁLISE
PED-04829,2023-10-27,TABLET,47,8045.77,0.368,CENTRO-OESTE,ANA SILVA,ONLINE,CONCLUÍDO
PED-01820,2022-05-22,SMARTPHONE,278,1006.99,0.178,NORTE,ANA SILVA,ONLINE,CONCLUÍDO
PED-90771,2022-05-03,NOTEBOOK,,3910.76,0.287,SUDESTE,CARLA MENDES,ONLINE,PENDENTE
PED-02296,2022-10-03,HD EXTERNO,,,0.0,SUDESTE,ELENA SOUZA,LOJA FÍSICA,PENDENTE
PED-04188,2024-05-09,WEBCAM,170,9896.87,0.0,SUL,ANA SILVA,LOJA FÍSICA,EM ANÁLISE
PED-05274,2024-02-26,HD EXTERNO,337,,0.0,SUDESTE,CARLA MENDES,REVENDEDOR,PENDENTE
PED-04021,2024-11-26,TECLADO,166,13126.21,0.22,NORTE,DIEGO LIMA,LOJA FÍSICA,CONCLUÍDO
PED-07276,,MOUSE,,229.92,0.0,NORTE,CARLA MENDES,LOJA FÍSICA,EM ANÁLISE
PED-09696,2023-09-08,TECLADO,58,294.31,0.408,NORTE,DIEGO LIMA,ONLINE,EM ANÁLISE
PED-02584,,IMPRESSORA,,7303.0,0.0,CENTRO-OESTE,ANA SILVA,LOJA FÍSICA,CANCELADO
PED-03041,,NOTEBOOK,141,,1.0,NORTE,ELENA SOUZA,LOJA FÍSICA,PENDENTE
PED-04628,2022-12-28,NOTEBOOK,65,5044.84,0.023,SUDESTE,ELENA SOUZA,LOJA FÍSICA,CONCLUÍDO
PED-00347,2022-04-03,TABLET,,1592.97,0.048,NORTE,ANA SILVA,LOJA FÍSICA,CANCELADO
PED-04706,2023-09-05,IMPRESSORA,456,,0.0,NORTE,NAN,ONLINE,PENDENTE
PED-04036,2022-04-16,WEBCAM,90,10506.83,0.0,SUL,ELENA SOUZA,LOJA FÍSICA,CANCELADO
PED-07164,,MONITOR,77,,0.07200000000000001,NORTE,DIEGO LIMA,REVENDEDOR,PENDENTE
PED-06148,2022-09-04,TABLET,419,,0.265,CENTRO-OESTE,BRUNO COSTA,ONLINE,CONCLUÍDO
PED-04590,,HD EXTERNO,,,0.0,SUL,DIEGO LIMA,TELEVENDAS,PENDENTE
PED-01278,,TABLET,,,0.077,SUDESTE,DIEGO LIMA,TELEVENDAS,EM ANÁLISE
PED-02917,2023-08-17,TABLET,,,0.151,CENTRO-OESTE,CARLA MENDES,ONLINE,EM ANÁLISE
PED-06630,2023-04-22,HD EXTERNO,2,,0.0,SUL,BRUNO COSTA,LOJA FÍSICA,PENDENTE
PED-01662,,HD EXTERNO,406,,0.057999999999999996,SUDESTE,ELENA SOUZA,LOJA FÍSICA,EM ANÁLISE
PED-01878,2023-06-28,TABLET,75,,0.335,CENTRO-OESTE,CARLA MENDES,TELEVENDAS,EM ANÁLISE
PED-05971,2023-04-25,HEADSET,388,4492.35,0.0,NORTE,ELENA SOUZA,ONLINE,CONCLUÍDO
PED-02175,2024-09-18,MONITOR,429,5245.19,0.461,NORDESTE,BRUNO COSTA,LOJA FÍSICA,CANCELADO
PED-07831,,SMARTPHONE,,4907.32,0.34700000000000003,SUL,ELENA SOUZA,TELEVENDAS,EM ANÁLISE
PED-01924,2024-03-11,MONITOR,,13082.05,0.478,SUDESTE,CARLA MENDES,LOJA FÍSICA,CONCLUÍDO
PED-05810,2023-12-06,HD EXTERNO,,,0.055999999999999994,NORTE,ANA SILVA,LOJA FÍSICA,CANCELADO
PED-04088,2024-06-07,SMARTPHONE,999999,4544.06,0.0,SUDESTE,CARLA MENDES,LOJA FÍSICA,CONCLUÍDO
PED-08768,,MOUSE,468,,0.465,NORTE,BRUNO COSTA,ONLINE,EM ANÁLISE
PED-01498,2024-09-25,SMARTPHONE,,,0.0,NORDESTE,BRUNO COSTA,TELEVENDAS,CANCELADO
PED-05588,2024-01-11,HD EXTERNO,397,,0.3,SUDESTE,CARLA MENDES,ONLINE,PENDENTE
PED-09543,2022-05-11,MOUSE,468,9787.0,0.248,SUL,ANA SILVA,LOJA FÍSICA,PENDENTE
PED-02897,,MONITOR,,14395.64,0.0,NORTE,ELENA SOUZA,LOJA FÍSICA,PENDENTE
PED-05089,2022-09-16,SMARTPHONE,,8261.09,0.381,SUDESTE,ANA SILVA,ONLINE,CONCLUÍDO
PED-03904,,SMARTPHONE,,,0.0,SUL,CARLA MENDES,REVENDEDOR,PENDENTE
PED-09761,,MONITOR,,,0.8,CENTRO-OESTE,ANA SILVA,TELEVENDAS,CONCLUÍDO
PED-07155,2024-01-18,TECLADO,166,2377.16,1.0,SUL,ELENA SOUZA,ONLINE,PENDENTE
PED-02802,2024-09-16,WEBCAM,,7800.29,1.0,SUL,ANA SILVA,ONLINE,PENDENTE
PED-08379,,IMPRESSORA,415,9688.73,0.4,CENTRO-OESTE,BRUNO COSTA,TELEVENDAS,PENDENTE
PED-05277,2023-02-24,MOUSE,,4633.79,0.0,NORTE,BRUNO COSTA,LOJA FÍSICA,PENDENTE
PED-07845,2022-11-16,MOUSE,45,8708.08,0.465,SUDESTE,ANA SILVA,REVENDEDOR,PENDENTE
PED-05343,2022-02-22,HEADSET,,,0.0,CENTRO-OESTE,ANA SILVA,REVENDEDOR,CONCLUÍDO
PED-66011,2024-07-18,HEADSET,393,2876.56,0.479,NORDESTE,ELENA SOUZA,TELEVENDAS,EM ANÁLISE
PED-06927,2024-04-04,IMPRESSORA,105,,1.0,NORDESTE,BRUNO COSTA,REVENDEDOR,CANCELADO
PED-07275,2024-03-13,HEADSET,281,,0.368,CENTRO-OESTE,DIEGO LIMA,LOJA FÍSICA,EM ANÁLISE
PED-09785,2022-11-21,SMARTPHONE,344,14974.8,0.057,SUL,CARLA MENDES,REVENDEDOR,CONCLUÍDO
PED-04515,2023-05-23,TECLADO,78,,0.0,CENTRO-OESTE,CARLA MENDES,REVENDEDOR,PENDENTE
PED-08341,2023-05-08,HD EXTERNO,182,,0.0,SUDESTE,DIEGO LIMA,ONLINE,CANCELADO
PED-02587,,HD EXTERNO,276,13667.19,0.3,CENTRO-OESTE,BRUNO COSTA,ONLINE,PENDENTE
PED-01884,2022-05-10,HEADSET,204,2941.63,0.0,NORTE,ANA SILVA,TELEVENDAS,EM ANÁLISE
PED-01806,2022-10-26,WEBCAM,449,8869.78,0.0,NORTE,DIEGO LIMA,ONLINE,PENDENTE
PED-03135,,NAN,999999,,0.13,SUL,CARLA MENDES,LOJA FÍSICA,EM ANÁLISE
PED-06403,2023-05-07,NOTEBOOK,357,14764.12,0.0,NORTE,BRUNO COSTA,TELEVENDAS,CONCLUÍDO
PED-05726,2022-10-26,IMPRESSORA,319,,0.14800000000000002,CENTRO-OESTE,BRUNO COSTA,ONLINE,PENDENTE
PED-07026,2023-02-26,HD EXTERNO,,,0.332,SUL,ELENA SOUZA,TELEVENDAS,PENDENTE
PED-03949,2024-06-08,SMARTPHONE,999999,11078.0,0.36700000000000005,NORTE,ELENA SOUZA,TELEVENDAS,CONCLUÍDO
PED-08525,2022-05-26,WEBCAM,,,0.233,NORDESTE,BRUNO COSTA,LOJA FÍSICA,EM ANÁLISE
PED-03775,,IMPRESSORA,,,0.11,NORTE,ELENA SOUZA,REVENDEDOR,CANCELADO
PED-03759,2024-01-08,MOUSE,38,,0.423,NORTE,CARLA MENDES,LOJA FÍSICA,PENDENTE
PED-02783,2022-01-24,TECLADO,999999,,0.0,SUDESTE,ANA SILVA,LOJA FÍSICA,CONCLUÍDO
PED-08599,,NOTEBOOK,280,12956.0,0.0,SUDESTE,ANA SILVA,LOJA FÍSICA,PENDENTE
PED-03962,,TABLET,448,,0.038,NORTE,DIEGO LIMA,LOJA FÍSICA,EM ANÁLISE
PED-08125,,MOUSE,999999,8221.25,0.19,SUDESTE,CARLA MENDES,LOJA FÍSICA,CANCELADO
PED-03628,,IMPRESSORA,999999,2379.34,0.204,SUL,ELENA SOUZA,REVENDEDOR,PENDENTE
PED-02050,2024-07-21,MOUSE,,10927.81,0.376,SUL,CARLA MENDES,TELEVENDAS,PENDENTE
PED-07463,,NOTEBOOK,,,0.0,NORTE,DIEGO LIMA,ONLINE,CONCLUÍDO
PED-05045,,MOUSE,487,,0.275,NORTE,DIEGO LIMA,LOJA FÍSICA,PENDENTE
PED-06990,2022-12-26,HD EXTERNO,195,,1.0,CENTRO-OESTE,ELENA SOUZA,ONLINE,PENDENTE
PED-06777,2022-06-19,IMPRESSORA,,,0.0,NORTE,ANA SILVA,LOJA FÍSICA,CONCLUÍDO
PED-08986,2022-08-20,HD EXTERNO,,14825.0,0.0,NORTE,CARLA MENDES,REVENDEDOR,CONCLUÍDO
PED-02411,2022-08-14,TECLADO,8,,0.13,NORDESTE,ELENA SOUZA,ONLINE,EM ANÁLISE
PED-04122,2024-03-16,TECLADO,,,0.474,SUL,BRUNO COSTA,LOJA FÍSICA,CANCELADO
PED-00593,2024-01-07,SMARTPHONE,,,0.377,NORTE,BRUNO COSTA,REVENDEDOR,CONCLUÍDO
PED-05509,2022-03-06,TABLET,427,,0.461,NORTE,ELENA SOUZA,LOJA FÍSICA,CONCLUÍDO
PED-04148,2022-10-11,SMARTPHONE,454,,0.327,SUDESTE,ANA SILVA,LOJA FÍSICA,CANCELADO
PED-05648,2024-01-15,NOTEBOOK,180,,0.0,NORDESTE,ELENA SOUZA,LOJA FÍSICA,EM ANÁLISE
PED-01434,2023-07-08,MONITOR,443,7890.25,0.0,NORTE,BRUNO COSTA,LOJA FÍSICA,EM ANÁLISE
PED-05540,,NAN,,,0.26,CENTRO-OESTE,CARLA MENDES,LOJA FÍSICA,CANCELADO
PED-05956,,HEADSET,,11451.97,0.0,SUL,DIEGO LIMA,LOJA FÍSICA,EM ANÁLISE
PED-03310,,HEADSET,,12570.52,0.34,NORTE,CARLA MENDES,LOJA FÍSICA,CONCLUÍDO
PED-03726,2023-01-15,HD EXTERNO,,10408.85,0.0,CENTRO-OESTE,ANA SILVA,REVENDEDOR,CONCLUÍDO
PED-05469,,NOTEBOOK,115,,0.0,NORTE,NAN,LOJA FÍSICA,CANCELADO
PED-05527,2023-07-01,MONITOR,,,1.0,SUL,DIEGO LIMA,LOJA FÍSICA,PENDENTE
PED-02266,2024-08-13,HEADSET,55,12467.28,0.0,SUDESTE,ELENA SOUZA,LOJA FÍSICA,CANCELADO
PED-02847,2022-09-28,WEBCAM,61,3090.13,0.0,SUL,DIEGO LIMA,REVENDEDOR,CONCLUÍDO
PED-09534,,HEADSET,999999,,0.331,NORTE,CARLA MENDES,LOJA FÍSICA,CONCLUÍDO
PED-09175,2022-02-19,MONITOR,414,10126.0,0.024,NORTE,CARLA MENDES,REVENDEDOR,CONCLUÍDO
PED-07318,,MOUSE,39,,0.0,SUDESTE,ANA SILVA,TELEVENDAS,CONCLUÍDO
PED-00739,2022-08-18,MONITOR,999999,,0.35700000000000004,SUDESTE,ELENA SOUZA,LOJA FÍSICA,EM ANÁLISE
PED-00563,2023-03-14,MONITOR,95,11815.82,0.0,NORDESTE,DIEGO LIMA,TELEVENDAS,PENDENTE
PED-07408,2024-04-20,SMARTPHONE,102,,0.222,NORDESTE,ELENA SOUZA,LOJA FÍSICA,CANCELADO
PED-06440,2022-01-10,TECLADO,,,0.491,SUL,DIEGO LIMA,LOJA FÍSICA,EM ANÁLISE
PED-05459,,SMARTPHONE,,7564.24,0.006,SUL,BRUNO COSTA,TELEVENDAS,PENDENTE
PED-04667,2024-03-22,HEADSET,,,0.35600000000000004,NORTE,ELENA SOUZA,TELEVENDAS,CANCELADO
PED-03238,,TABLET,999999,1155.38,0.0,CENTRO-OESTE,DIEGO LIMA,REVENDEDOR,CANCELADO
PED-02893,2022-05-18,NOTEBOOK,310,,0.222,NORDESTE,DIEGO LIMA,LOJA FÍSICA,CONCLUÍDO
PED-03273,2022-02-06,TABLET,492,,0.0,NORTE,ANA SILVA,LOJA FÍSICA,CONCLUÍDO
PED-08350,2023-11-09,MOUSE,473,10803.24,0.13699999999999998,NORDESTE,ANA SILVA,ONLINE,CONCLUÍDO
PED-09957,2023-09-26,TECLADO,,,0.17300000000000001,CENTRO-OESTE,CARLA MENDES,ONLINE,CONCLUÍDO
PED-07735,2024-03-09,TABLET,499,,0.011,SUL,ELENA SOUZA,REVENDEDOR,PENDENTE
PED-00003,,WEBCAM,,494.59,0.0,SUL,DIEGO LIMA,LOJA FÍSICA,PENDENTE
PED-01960,2023-02-05,WEBCAM,,10405.0,0.026000000000000002,NORDESTE,ELENA SOUZA,LOJA FÍSICA,EM ANÁLISE
PED-08572,,HEADSET,999999,4730.33,0.21,CENTRO-OESTE,ANA SILVA,TELEVENDAS,PENDENTE
PED-00296,,MOUSE,133,5033.0,0.0,NORTE,ELENA SOUZA,ONLINE,CONCLUÍDO
PED-07066,2024-02-16,SMARTPHONE,,6965.39,0.08800000000000001,SUDESTE,ANA SILVA,REVENDEDOR,CANCELADO
PED-01898,2023-09-23,HEADSET,2,,0.0,SUDESTE,DIEGO LIMA,ONLINE,EM ANÁLISE
PED-06260,,IMPRESSORA,430,6621.53,0.0,SUL,ANA SILVA,LOJA FÍSICA,PENDENTE
PED-04183,,MOUSE,215,12154.05,0.22,NORTE,ANA SILVA,TELEVENDAS,PENDENTE
PED-07535,2024-06-19,TABLET,58,9821.73,0.246,SUL,CARLA MENDES,TELEVENDAS,PENDENTE
PED-00002,,HD EXTERNO,68,11392.45,0.3,CENTRO-OESTE,ANA SILVA,ONLINE,EM ANÁLISE
PED-05069,2024-12-12,HD EXTERNO,176,13500.14,0.231,SUDESTE,ELENA SOUZA,REVENDEDOR,CANCELADO
PED-04245,2023-03-03,HEADSET,284,5147.22,0.0,CENTRO-OESTE,CARLA MENDES,ONLINE,PENDENTE
PED-09313,2022-08-19,HEADSET,,,0.0,SUDESTE,DIEGO LIMA,TELEVENDAS,CANCELADO
PED-00088,,NOTEBOOK,145,4902.49,0.0,SUDESTE,BRUNO COSTA,TELEVENDAS,PENDENTE
PED-39303,2022-12-13,HD EXTERNO,,6983.76,0.0,NORTE,CARLA MENDES,ONLINE,PENDENTE
PED-04050,,NOTEBOOK,191,7972.5,0.0,SUL,ELENA SOUZA,REVENDEDOR,PENDENTE
PED-01436,,TECLADO,317,,0.0,NORTE,DIEGO LIMA,REVENDEDOR,PENDENTE
PED-09315,2023-08-16,HD EXTERNO,218,,0.398,CENTRO-OESTE,ELENA SOUZA,LOJA FÍSICA,CONCLUÍDO
PED-06395,,IMPRESSORA,,7410.36,0.036000000000000004,NORTE,CARLA MENDES,LOJA FÍSICA,CONCLUÍDO
PED-08428,2023-02-07,HEADSET,,10474.41,0.061,CENTRO-OESTE,ELENA SOUZA,LOJA FÍSICA,PENDENTE
PED-03283,2022-08-09,HEADSET,56,6391.13,0.0,SUDESTE,CARLA MENDES,ONLINE,CANCELADO
PED-03149,2022-10-12,WEBCAM,,,0.0,SUDESTE,BRUNO COSTA,REVENDEDOR,PENDENTE
PED-09309,,HD EXTERNO,,10112.83,0.482,NORTE,DIEGO LIMA,LOJA FÍSICA,CONCLUÍDO
PED-00656,,MONITOR,121,9134.0,1.0,NORTE,ELENA SOUZA,TELEVENDAS,CANCELADO
PED-03038,2022-04-07,HEADSET,492,,0.3320000000000001,CENTRO-OESTE,ANA SILVA,ONLINE,PENDENTE
PED-06843,,HEADSET,,,0.0,CENTRO-OESTE,CARLA MENDES,LOJA FÍSICA,EM ANÁLISE
PED-02156,2023-02-12,WEBCAM,,11007.67,0.266,SUL,CARLA MENDES,LOJA FÍSICA,EM ANÁLISE
PED-00525,2022-03-02,TECLADO,141,12102.18,1.0,NORTE,ELENA SOUZA,LOJA FÍSICA,EM ANÁLISE
PED-09644,2022-10-04,SMARTPHONE,,,0.0,SUDESTE,BRUNO COSTA,LOJA FÍSICA,CANCELADO
PED-05731,2023-09-01,TECLADO,180,,0.0,NORTE,ELENA SOUZA,ONLINE,CANCELADO
PED-07980,2023-03-24,SMARTPHONE,257,,0.02,NORTE,CARLA MENDES,REVENDEDOR,CANCELADO
PED-07292,2023-05-16,HD EXTERNO,345,,0.121,NORDESTE,DIEGO LIMA,REVENDEDOR,CANCELADO
PED-08529,2022-02-09,HEADSET,,,0.0,NORTE,DIEGO LIMA,LOJA FÍSICA,EM ANÁLISE
PED-09195,2024-01-03,SMARTPHONE,,8568.54,0.084,SUDESTE,ELENA SOUZA,TELEVENDAS,PENDENTE
PED-07175,2024-09-13,HD EXTERNO,,,0.2,NORTE,ELENA SOUZA,LOJA FÍSICA,EM ANÁLISE
PED-01317,,HEADSET,,11715.63,0.0,NORDESTE,ELENA SOUZA,LOJA FÍSICA,CONCLUÍDO
PED-00427,2024-10-01,NOTEBOOK,,1743.96,0.0,NORTE,DIEGO LIMA,REVENDEDOR,CANCELADO
PED-09292,2024-11-20,WEBCAM,,,0.0,NORTE,CARLA MENDES,LOJA FÍSICA,CANCELADO
PED-02773,2022-06-16,NOTEBOOK,378,3717.59,0.115,NORTE,ANA SILVA,LOJA FÍSICA,EM ANÁLISE
PED-08560,,MOUSE,,,0.495,NORTE,CARLA MENDES,ONLINE,CONCLUÍDO
PED-05116,,TABLET,286,,0.0,SUL,CARLA MENDES,LOJA FÍSICA,PENDENTE
PED-01757,,SMARTPHONE,999999,14791.19,0.172,NORTE,BRUNO COSTA,ONLINE,CANCELADO
PED-09723,2023-03-02,TABLET,,11512.38,0.0,NORTE,CARLA MENDES,ONLINE,CONCLUÍDO
PED-01326,2024-07-04,MOUSE,46,,0.0,SUL,ELENA SOUZA,LOJA FÍSICA,CANCELADO
PED-05898,2022-04-15,HEADSET,,,0.498,SUL,CARLA MENDES,ONLINE,EM ANÁLISE
PED-04647,2023-05-08,HD EXTERNO,175,,0.243,SUL,ELENA SOUZA,LOJA FÍSICA,CANCELADO
PED-00976,,TABLET,,2942.35,0.0,SUL,ELENA SOUZA,ONLINE,PENDENTE
PED-05095,2024-10-15,MONITOR,313,,0.009,NORTE,CARLA MENDES,ONLINE,PENDENTE
PED-03262,,NOTEBOOK,,12764.0,0.0,NORTE,ANA SILVA,ONLINE,EM ANÁLISE
PED-05411,2022-11-28,MONITOR,,,0.023,CENTRO-OESTE,ELENA SOUZA,REVENDEDOR,CONCLUÍDO
PED-02513,2023-11-15,WEBCAM,416,510.71,0.212,SUDESTE,ELENA SOUZA,REVENDEDOR,PENDENTE
PED-02079,,IMPRESSORA,22,13142.0,0.257,SUDESTE,ANA SILVA,LOJA FÍSICA,PENDENTE
PED-03963,2023-04-01,IMPRESSORA,,,0.44,SUL,DIEGO LIMA,LOJA FÍSICA,PENDENTE
PED-06757,2024-06-10,TECLADO,,,0.488,NORTE,NAN,REVENDEDOR,CONCLUÍDO
PED-03033,,IMPRESSORA,444,8581.6,0.11,SUDESTE,ELENA SOUZA,ONLINE,CONCLUÍDO
PED-01465,2022-11-26,MOUSE,290,,0.302,SUDESTE,ELENA SOUZA,ONLINE,CANCELADO
PED-03953,2024-07-01,MONITOR,,,0.0,SUL,ELENA SOUZA,LOJA FÍSICA,PENDENTE
PED-04568,,SMARTPHONE,,13761.0,0.455,NORTE,ANA SILVA,TELEVENDAS,CANCELADO
PED-09677,,MOUSE,,14337.17,0.336,NORDESTE,ANA SILVA,ONLINE,PENDENTE
PED-07867,,NOTEBOOK,408,13381.79,0.0,NORTE,DIEGO LIMA,LOJA FÍSICA,CONCLUÍDO
PED-01669,,MONITOR,,4379.93,0.276,SUDESTE,CARLA MENDES,TELEVENDAS,CONCLUÍDO
PED-05720,,MONITOR,,,0.0,SUDESTE,BRUNO COSTA,ONLINE,CANCELADO
PED-02258,,NOTEBOOK,100,301.0,1.0,SUDESTE,NAN,REVENDEDOR,CONCLUÍDO
PED-08087,2023-10-10,WEBCAM,468,,0.08800000000000001,NORDESTE,DIEGO LIMA,LOJA FÍSICA,CONCLUÍDO
PED-06389,,SMARTPHONE,,,0.467,SUL,ELENA SOUZA,LOJA FÍSICA,EM ANÁLISE
PED-04392,2023-05-16,TABLET,,663.75,0.033,NORTE,BRUNO COSTA,LOJA FÍSICA,PENDENTE
PED-02141,2022-07-07,SMARTPHONE,384,,0.326,SUL,CARLA MENDES,LOJA FÍSICA,EM ANÁLISE
PED-02078,,HEADSET,,4312.9,0.0,SUL,DIEGO LIMA,LOJA FÍSICA,PENDENTE
PED-03491,2024-07-26,NOTEBOOK,204,,0.049,CENTRO-OESTE,CARLA MENDES,REVENDEDOR,EM ANÁLISE
PED-02786,2024-07-26,MOUSE,,,1.0,SUL,CARLA MENDES,ONLINE,CONCLUÍDO
PED-00874,,MOUSE,,234.85,1.0,NORTE,ELENA SOUZA,ONLINE,PENDENTE
PED-07832,,MONITOR,172,13265.37,0.45399999999999996,NORDESTE,ELENA SOUZA,LOJA FÍSICA,CONCLUÍDO
PED-07608,2024-05-27,TECLADO,251,5790.68,0.0,NORDESTE,ANA SILVA,ONLINE,EM ANÁLISE
PED-02588,2024-05-15,HEADSET,,,0.0,NORTE,ANA SILVA,REVENDEDOR,PENDENTE
PED-09777,2023-06-27,IMPRESSORA,41,10476.23,0.0,SUL,ANA SILVA,ONLINE,CANCELADO
PED-03073,2023-08-09,NOTEBOOK,43,10856.65,0.0,SUL,ELENA SOUZA,TELEVENDAS,EM ANÁLISE
PED-05590,2024-01-23,SMARTPHONE,999999,2471.59,1.0,CENTRO-OESTE,CARLA MENDES,LOJA FÍSICA,CANCELADO
PED-05716,2023-01-25,MONITOR,,7102.13,0.461,SUL,DIEGO LIMA,TELEVENDAS,CONCLUÍDO
PED-08773,2022-08-16,MOUSE,999999,5529.0,0.455,SUDESTE,BRUNO COSTA,ONLINE,CANCELADO
PED-05711,,MONITOR,409,,0.0,NORTE,ANA SILVA,ONLINE,EM ANÁLISE
PED-09643,,MONITOR,,,0.0,SUL,CARLA MENDES,ONLINE,CONCLUÍDO
PED-00045,2024-07-11,HD EXTERNO,,2707.55,0.0,CENTRO-OESTE,CARLA MENDES,LOJA FÍSICA,CONCLUÍDO
PED-08551,2024-10-09,HEADSET,133,7633.63,0.16699999999999998,SUL,DIEGO LIMA,ONLINE,PENDENTE
PED-02112,2022-04-15,WEBCAM,,873.34,0.0,NORTE,CARLA MENDES,ONLINE,CANCELADO
PED-06915,2023-09-28,TECLADO,,,0.427,CENTRO-OESTE,BRUNO COSTA,REVENDEDOR,CANCELADO
PED-04455,2023-09-01,HEADSET,424,11267.36,0.10400000000000001,SUL,CARLA MENDES,ONLINE,CANCELADO
PED-02321,2022-09-07,TECLADO,396,,0.0,NORDESTE,DIEGO LIMA,LOJA FÍSICA,CONCLUÍDO
PED-08378,,WEBCAM,467,,0.261,CENTRO-OESTE,DIEGO LIMA,REVENDEDOR,CONCLUÍDO
PED-01905,2024-04-06,SMARTPHONE,,3165.06,0.0,CENTRO-OESTE,CARLA MENDES,TELEVENDAS,PENDENTE
PED-09374,2022-04-14,IMPRESSORA,62,,0.25,SUDESTE,ANA SILVA,LOJA FÍSICA,PENDENTE
PED-09538,,MONITOR,,,0.47100000000000003,SUL,DIEGO LIMA,LOJA FÍSICA,EM ANÁLISE
PED-04766,2022-12-09,IMPRESSORA,189,4237.92,0.215,NORDESTE,DIEGO LIMA,ONLINE,CONCLUÍDO
PED-08740,2023-04-15,TECLADO,320,,0.078,NORTE,ELENA SOUZA,TELEVENDAS,CONCLUÍDO
PED-07159,2022-05-03,MOUSE,,1468.2,0.10099999999999999,SUL,DIEGO LIMA,REVENDEDOR,EM ANÁLISE
PED-08591,2022-12-13,MONITOR,8,,0.453,SUDESTE,BRUNO COSTA,LOJA FÍSICA,CONCLUÍDO
PED-03124,2022-12-09,WEBCAM,28,9783.88,0.0,CENTRO-OESTE,ELENA SOUZA,TELEVENDAS,PENDENTE
PED-04707,2023-02-02,TECLADO,,,0.122,CENTRO-OESTE,ANA SILVA,ONLINE,EM ANÁLISE
PED-01880,2023-06-17,MONITOR,238,,0.0,NORTE,DIEGO LIMA,LOJA FÍSICA,PENDENTE
PED-02706,2024-08-21,TECLADO,,,0.028999999999999998,NORDESTE,ELENA SOUZA,ONLINE,EM ANÁLISE
PED-08845,2023-04-07,MONITOR,238,,0.0,NORTE,DIEGO LIMA,ONLINE,EM ANÁLISE
PED-00356,,HD EXTERNO,197,4395.19,0.0,NORDESTE,DIEGO LIMA,ONLINE,CANCELADO
PED-03035,,IMPRESSORA,278,10057.76,1.0,SUDESTE,BRUNO COSTA,ONLINE,EM ANÁLISE
PED-03447,2023-12-02,NOTEBOOK,106,,0.0,SUDESTE,BRUNO COSTA,LOJA FÍSICA,PENDENTE
PED-08009,2022-03-16,HEADSET,,,0.0,NORTE,DIEGO LIMA,TELEVENDAS,EM ANÁLISE
PED-03535,2024-10-16,MOUSE,268,1588.78,0.316,NORTE,BRUNO COSTA,ONLINE,CONCLUÍDO
PED-09850,2022-06-20,MONITOR,999999,,0.446,SUDESTE,BRUNO COSTA,LOJA FÍSICA,EM ANÁLISE
PED-07586,2022-12-25,NOTEBOOK,302,,0.0,NORTE,CARLA MENDES,ONLINE,PENDENTE
PED-01068,2023-02-02,SMARTPHONE,80,3558.47,1.0,NORDESTE,ELENA SOUZA,TELEVENDAS,PENDENTE
PED-08397,,IMPRESSORA,443,,0.0,SUL,ANA SILVA,LOJA FÍSICA,EM ANÁLISE
PED-09165,,NOTEBOOK,146,,0.0,SUL,CARLA MENDES,ONLINE,CONCLUÍDO
PED-00963,2022-11-28,MONITOR,,4778.57,0.0,SUDESTE,ELENA SOUZA,REVENDEDOR,CONCLUÍDO
PED-05406,2023-02-13,HD EXTERNO,397,,0.0,CENTRO-OESTE,CARLA MENDES,REVENDEDOR,CANCELADO
PED-04354,,TABLET,,11036.8,0.28,CENTRO-OESTE,ELENA SOUZA,TELEVENDAS,CONCLUÍDO
PED-09846,,MOUSE,265,5240.19,0.353,NORTE,ELENA SOUZA,ONLINE,EM ANÁLISE
PED-08824,2022-09-07,WEBCAM,111,3032.83,0.0,SUL,CARLA MENDES,ONLINE,CONCLUÍDO
PED-05018,2022-07-03,TECLADO,304,13171.24,0.272,SUDESTE,CARLA MENDES,TELEVENDAS,EM ANÁLISE
PED-00789,,MOUSE,303,2512.78,0.006999999999999999,NORTE,ANA SILVA,REVENDEDOR,PENDENTE
PED-49932,,WEBCAM,,,0.0,NORTE,DIEGO LIMA,REVENDEDOR,PENDENTE
PED-03439,2024-10-07,HEADSET,999999,,0.0,SUDESTE,BRUNO COSTA,ONLINE,CONCLUÍDO
PED-04132,2022-06-22,SMARTPHONE,480,14549.0,0.205,SUDESTE,ANA SILVA,TELEVENDAS,PENDENTE
PED-05066,,TABLET,,,0.0,SUDESTE,BRUNO COSTA,TELEVENDAS,PENDENTE
PED-08362,,MONITOR,,,0.0,NORTE,ELENA SOUZA,ONLINE,CONCLUÍDO
PED-00136,,SMARTPHONE,359,,0.3,SUDESTE,DIEGO LIMA,LOJA FÍSICA,CONCLUÍDO
PED-00890,,HD EXTERNO,,,0.0,NORTE,ELENA SOUZA,LOJA FÍSICA,CANCELADO
PED-05616,2024-02-06,MONITOR,,4734.45,0.0,NORDESTE,ANA SILVA,LOJA FÍSICA,CANCELADO
PED-03158,,HEADSET,361,8553.74,1.0,NORTE,ELENA SOUZA,ONLINE,CANCELADO
PED-03099,2022-04-19,MOUSE,,,0.483,NORTE,DIEGO LIMA,ONLINE,PENDENTE
PED-64457,,MONITOR,,4188.41,0.0,NORTE,ANA SILVA,LOJA FÍSICA,CONCLUÍDO
PED-00564,2023-06-20,WEBCAM,,9525.44,0.0,NORDESTE,BRUNO COSTA,LOJA FÍSICA,EM ANÁLISE
PED-06353,2024-05-22,HD EXTERNO,,,0.0,NORTE,NAN,LOJA FÍSICA,CONCLUÍDO
PED-05275,2024-12-07,MOUSE,473,5498.81,0.0,NORTE,BRUNO COSTA,LOJA FÍSICA,CONCLUÍDO
PED-01374,,HEADSET,,14983.28,0.349,SUDESTE,DIEGO LIMA,LOJA FÍSICA,CONCLUÍDO
PED-08124,,MOUSE,,5437.39,0.11699999999999999,SUDESTE,BRUNO COSTA,ONLINE,CONCLUÍDO
PED-06309,2022-08-19,TABLET,242,8588.0,0.0,SUDESTE,BRUNO COSTA,ONLINE,PENDENTE
PED-09889,,HEADSET,182,,0.26,NORTE,CARLA MENDES,TELEVENDAS,CANCELADO
PED-03013,2024-06-04,NOTEBOOK,132,12919.87,0.331,SUL,BRUNO COSTA,TELEVENDAS,PENDENTE
PED-03366,,SMARTPHONE,,,0.0,SUL,CARLA MENDES,REVENDEDOR,EM ANÁLISE
PED-06012,2022-08-17,IMPRESSORA,,,0.0,SUL,DIEGO LIMA,ONLINE,CANCELADO
PED-01398,2024-11-21,MONITOR,364,3272.81,0.0,NORTE,CARLA MENDES,LOJA FÍSICA,CANCELADO
PED-08982,2023-09-24,HD EXTERNO,999999,5147.36,0.41200000000000003,NORTE,ELENA SOUZA,TELEVENDAS,PENDENTE
PED-03862,2024-04-26,SMARTPHONE,,2333.2,0.21899999999999997,NORTE,ANA SILVA,REVENDEDOR,PENDENTE
PED-03680,2022-05-17,HEADSET,,,0.0,SUL,ELENA SOUZA,ONLINE,CONCLUÍDO
PED-01775,2023-04-14,HEADSET,999999,397.16,0.16,NORTE,ANA SILVA,REVENDEDOR,CONCLUÍDO
PED-05771,2024-05-23,TABLET,,,1.0,SUL,BRUNO COSTA,LOJA FÍSICA,CANCELADO
PED-02323,2023-05-20,IMPRESSORA,,,0.126,NORDESTE,BRUNO COSTA,LOJA FÍSICA,CONCLUÍDO
PED-04784,2023-03-17,HEADSET,999999,,0.0,NORDESTE,ELENA SOUZA,ONLINE,EM ANÁLISE
PED-08924,2024-07-01,TABLET,,10537.0,0.04,CENTRO-OESTE,ANA SILVA,LOJA FÍSICA,EM ANÁLISE
PED-07722,,SMARTPHONE,299,11633.22,0.0,SUL,ELENA SOUZA,REVENDEDOR,PENDENTE
PED-77375,,NOTEBOOK,,,0.0,SUL,NAN,ONLINE,PENDENTE
PED-09116,2023-04-24,NAN,,,0.0,SUL,CARLA MENDES,ONLINE,PENDENTE
PED-02116,,TABLET,450,12365.29,0.36,SUL,ANA SILVA,REVENDEDOR,CONCLUÍDO
PED-05883,,IMPRESSORA,,8340.7,0.08,NORTE,ANA SILVA,ONLINE,CANCELADO
PED-08583,2023-05-09,TECLADO,999999,12314.06,0.225,CENTRO-OESTE,CARLA MENDES,ONLINE,CONCLUÍDO
PED-01204,2024-09-22,WEBCAM,324,11391.2,0.44,SUDESTE,BRUNO COSTA,ONLINE,EM ANÁLISE
PED-00322,2023-12-19,MOUSE,,,0.0,SUL,DIEGO LIMA,TELEVENDAS,PENDENTE
PED-04200,2022-04-06,HEADSET,212,,0.321,SUL,DIEGO LIMA,TELEVENDAS,CONCLUÍDO
PED-01104,,WEBCAM,165,5949.35,0.0,SUDESTE,ANA SILVA,ONLINE,CONCLUÍDO
PED-01320,2022-12-27,MONITOR,999999,1322.8,0.0,SUDESTE,ANA SILVA,TELEVENDAS,CONCLUÍDO
PED-01048,2022-07-20,SMARTPHONE,458,,0.0,CENTRO-OESTE,DIEGO LIMA,ONLINE,CONCLUÍDO
PED-00354,2022-02-24,HD EXTERNO,,12551.55,0.175,NORTE,ANA SILVA,ONLINE,EM ANÁLISE
PED-08431,2022-04-27,NOTEBOOK,,14877.52,0.368,NORTE,CARLA MENDES,LOJA FÍSICA,EM ANÁLISE
PED-00184,2022-10-20,NOTEBOOK,376,,0.0,SUL,CARLA MENDES,REVENDEDOR,CANCELADO
PED-05695,2023-07-07,TECLADO,,,0.218,NORTE,CARLA MENDES,LOJA FÍSICA,CONCLUÍDO
PED-98304,2022-10-27,TECLADO,,12396.8,0.0,CENTRO-OESTE,ANA SILVA,LOJA FÍSICA,CANCELADO
PED-04930,,WEBCAM,,,0.44799999999999995,SUL,CARLA MENDES,LOJA FÍSICA,CONCLUÍDO
PED-08899,2023-05-01,MOUSE,,14879.86,0.468,SUL,CARLA MENDES,TELEVENDAS,CONCLUÍDO
PED-03923,2022-08-20,MONITOR,135,,0.0,NORDESTE,CARLA MENDES,REVENDEDOR,PENDENTE
PED-03945,2022-06-09,MOUSE,425,,1.0,CENTRO-OESTE,ANA SILVA,LOJA FÍSICA,CONCLUÍDO
PED-81812,2022-11-15,TABLET,,,0.0,SUL,ANA SILVA,REVENDEDOR,CONCLUÍDO
PED-75190,2022-01-04,NOTEBOOK,153,,0.0,NORTE,ANA SILVA,ONLINE,CANCELADO
PED-49896,2024-10-12,MOUSE,,9305.73,0.46399999999999997,NORTE,DIEGO LIMA,LOJA FÍSICA,CONCLUÍDO
PED-08915,2022-09-11,HEADSET,242,9884.36,0.16,SUL,BRUNO COSTA,LOJA FÍSICA,CANCELADO
PED-08352,2022-05-05,NOTEBOOK,297,,0.1,SUDESTE,ELENA SOUZA,REVENDEDOR,CONCLUÍDO
PED-02968,2022-11-18,MONITOR,,,1.0,NORTE,DIEGO LIMA,LOJA FÍSICA,CONCLUÍDO
PED-01290,,HD EXTERNO,258,2510.39,0.375,SUL,ANA SILVA,REVENDEDOR,CANCELADO
PED-06352,2024-03-26,NOTEBOOK,442,8370.56,0.252,NORTE,BRUNO COSTA,LOJA FÍSICA,CONCLUÍDO
PED-01231,2023-09-28,IMPRESSORA,23,5391.72,0.204,NORDESTE,CARLA MENDES,ONLINE,CONCLUÍDO
PED-01733,2024-01-19,WEBCAM,396,10058.02,0.107,CENTRO-OESTE,ELENA SOUZA,LOJA FÍSICA,PENDENTE
PED-02301,,NOTEBOOK,409,485.99,0.0,NORTE,BRUNO COSTA,REVENDEDOR,CONCLUÍDO
PED-04216,2023-12-15,HD EXTERNO,229,13161.38,0.0,SUDESTE,BRUNO COSTA,LOJA FÍSICA,EM ANÁLISE
PED-09562,,HD EXTERNO,357,,0.368,NORDESTE,CARLA MENDES,TELEVENDAS,EM ANÁLISE
PED-07762,2024-08-07,HD EXTERNO,285,6374.0,0.0,SUL,BRUNO COSTA,TELEVENDAS,CONCLUÍDO
PED-01357,2024-12-05,WEBCAM,496,,0.178,SUL,DIEGO LIMA,REVENDEDOR,CONCLUÍDO
PED-03604,2024-06-21,MONITOR,,14117.0,1.0,SUL,DIEGO LIMA,LOJA FÍSICA,CANCELADO
PED-01139,2022-09-27,HEADSET,303,8167.29,0.106,CENTRO-OESTE,BRUNO COSTA,REVENDEDOR,CANCELADO
PED-04112,2023-02-18,HD EXTERNO,194,7954.55,0.044000000000000004,SUL,DIEGO LIMA,REVENDEDOR,EM ANÁLISE
PED-09593,2023-03-28,TABLET,,10975.63,0.414,SUDESTE,ANA SILVA,TELEVENDAS,PENDENTE
PED-03950,2024-03-14,HD EXTERNO,,,0.077,NORTE,CARLA MENDES,TELEVENDAS,EM ANÁLISE
PED-03989,2022-12-10,SMARTPHONE,999999,,0.0,SUL,DIEGO LIMA,LOJA FÍSICA,CANCELADO
PED-02827,2024-06-06,NOTEBOOK,280,260.62,0.0,SUL,CARLA MENDES,TELEVENDAS,PENDENTE
PED-08143,,MOUSE,,11329.1,0.149,SUDESTE,DIEGO LIMA,REVENDEDOR,EM ANÁLISE
PED-03325,2024-09-22,WEBCAM,265,,0.0,SUDESTE,ANA SILVA,LOJA FÍSICA,CONCLUÍDO
PED-04231,2023-06-19,MONITOR,353,3570.04,0.0,NORTE,ELENA SOUZA,LOJA FÍSICA,CONCLUÍDO
PED-01826,2022-01-17,MOUSE,469,,0.0,SUDESTE,ELENA SOUZA,REVENDEDOR,CONCLUÍDO
PED-16847,2024-07-24,IMPRESSORA,,11967.85,0.326,SUDESTE,ANA SILVA,ONLINE,CONCLUÍDO
PED-09833,,TABLET,499,,0.033,SUDESTE,BRUNO COSTA,LOJA FÍSICA,CANCELADO
PED-09308,2023-07-04,IMPRESSORA,328,,0.0,SUL,CARLA MENDES,TELEVENDAS,EM ANÁLISE
PED-08412,2022-12-25,IMPRESSORA,999999,,0.0,NORDESTE,CARLA MENDES,REVENDEDOR,CONCLUÍDO
PED-02993,2024-09-10,HD EXTERNO,15,9130.61,0.18,NORDESTE,BRUNO COSTA,LOJA FÍSICA,CONCLUÍDO
PED-03101,2024-02-23,IMPRESSORA,,12926.2,0.0,NORTE,DIEGO LIMA,REVENDEDOR,PENDENTE
PED-03086,2024-01-17,HEADSET,314,11806.9,0.465,NORTE,BRUNO COSTA,ONLINE,EM ANÁLISE
PED-07699,2022-11-09,HEADSET,500,,0.0,NORTE,DIEGO LIMA,LOJA FÍSICA,CONCLUÍDO
PED-08329,2023-12-10,MONITOR,,1564.88,0.0,NORTE,CARLA MENDES,ONLINE,CONCLUÍDO
PED-01763,,IMPRESSORA,,3788.1,0.0,NORTE,ANA SILVA,LOJA FÍSICA,EM ANÁLISE
PED-05780,2023-10-12,MONITOR,,,0.373,SUL,CARLA MENDES,LOJA FÍSICA,CANCELADO
PED-06591,2023-10-23,IMPRESSORA,60,,0.29,SUL,DIEGO LIMA,ONLINE,EM ANÁLISE
PED-04272,,HD EXTERNO,,14708.0,0.0,CENTRO-OESTE,BRUNO COSTA,REVENDEDOR,CONCLUÍDO
PED-06500,2022-01-17,WEBCAM,,,0.0,SUL,DIEGO LIMA,LOJA FÍSICA,CANCELADO
PED-02655,,TECLADO,245,,0.11699999999999999,NORDESTE,ANA SILVA,TELEVENDAS,PENDENTE
PED-09669,,IMPRESSORA,,9243.25,0.013999999999999999,SUL,ANA SILVA,REVENDEDOR,EM ANÁLISE
PED-05132,2024-08-16,TABLET,467,,0.0,SUL,CARLA MENDES,ONLINE,PENDENTE
PED-06602,2023-10-28,MONITOR,,,0.0,SUDESTE,CARLA MENDES,LOJA FÍSICA,EM ANÁLISE
PED-03848,2023-05-23,MOUSE,,13942.44,0.365,SUL,ANA SILVA,REVENDEDOR,EM ANÁLISE
PED-05722,,WEBCAM,,,0.284,SUL,BRUNO COSTA,ONLINE,CONCLUÍDO
PED-02960,2022-05-24,TABLET,385,,0.3,SUDESTE,CARLA MENDES,LOJA FÍSICA,EM ANÁLISE
PED-04243,,HD EXTERNO,381,169.88,0.013999999999999999,NORTE,BRUNO COSTA,LOJA FÍSICA,CONCLUÍDO
PED-05589,,NOTEBOOK,,10119.89,0.235,SUL,DIEGO LIMA,ONLINE,CONCLUÍDO
PED-00351,2022-12-10,SMARTPHONE,999999,13944.12,0.0,SUDESTE,ANA SILVA,ONLINE,CONCLUÍDO
PED-01918,,TECLADO,258,,0.354,SUL,ELENA SOUZA,ONLINE,CONCLUÍDO
PED-05787,,HD EXTERNO,402,13172.1,0.29100000000000004,SUDESTE,CARLA MENDES,LOJA FÍSICA,CANCELADO
PED-07947,2023-05-24,TABLET,241,13618.02,0.324,NORDESTE,DIEGO LIMA,ONLINE,CONCLUÍDO
PED-09800,2023-07-05,SMARTPHONE,,1137.84,0.381,NORTE,DIEGO LIMA,ONLINE,CANCELADO
PED-01899,,NOTEBOOK,22,,0.0,CENTRO-OESTE,CARLA MENDES,REVENDEDOR,PENDENTE
PED-05450,2024-08-04,MONITOR,84,13255.3,0.0,NORTE,ANA SILVA,TELEVENDAS,EM ANÁLISE
PED-06463,2023-06-19,MOUSE,,14854.08,0.0,NORDESTE,ANA SILVA,REVENDEDOR,PENDENTE
PED-00332,,NOTEBOOK,391,,1.0,NORTE,CARLA MENDES,REVENDEDOR,CONCLUÍDO
PED-09659,2023-08-09,HEADSET,336,,0.0,NORDESTE,ELENA SOUZA,ONLINE,CONCLUÍDO
PED-03961,2024-01-13,TABLET,,9273.26,0.0,NORTE,CARLA MENDES,REVENDEDOR,CONCLUÍDO
PED-01198,2022-03-25,HEADSET,,,0.077,CENTRO-OESTE,ELENA SOUZA,TELEVENDAS,CANCELADO
PED-07852,,TECLADO,,6653.23,0.0,SUL,DIEGO LIMA,LOJA FÍSICA,CONCLUÍDO
PED-04640,2023-07-06,HEADSET,95,6460.0,0.27899999999999997,NORTE,ELENA SOUZA,TELEVENDAS,CANCELADO
PED-01468,2023-06-04,NOTEBOOK,376,933.26,0.0,CENTRO-OESTE,DIEGO LIMA,REVENDEDOR,PENDENTE
PED-01305,2023-02-16,HEADSET,4,,0.17800000000000002,NORTE,ANA SILVA,LOJA FÍSICA,PENDENTE
PED-03656,2022-06-10,HEADSET,,,0.2,NORTE,DIEGO LIMA,REVENDEDOR,PENDENTE
PED-06753,2023-09-08,MOUSE,264,8478.45,0.0,CENTRO-OESTE,ANA SILVA,LOJA FÍSICA,PENDENTE
PED-04212,2023-06-20,MOUSE,400,,0.42700000000000005,SUDESTE,ANA SILVA,LOJA FÍSICA,PENDENTE
PED-01359,2023-07-26,SMARTPHONE,499,,0.0,NORDESTE,CARLA MENDES,ONLINE,EM ANÁLISE
PED-01957,2022-07-18,TECLADO,,11282.37,0.245,SUDESTE,CARLA MENDES,ONLINE,PENDENTE
PED-06918,,HEADSET,,,0.0,NORTE,DIEGO LIMA,LOJA FÍSICA,PENDENTE
PED-05749,,IMPRESSORA,,,0.25,SUL,CARLA MENDES,REVENDEDOR,PENDENTE
PED-02981,2022-09-27,HD EXTERNO,,12571.97,0.20600000000000002,NORTE,CARLA MENDES,LOJA FÍSICA,CONCLUÍDO
PED-05065,2023-01-10,TABLET,,,1.0,CENTRO-OESTE,CARLA MENDES,LOJA FÍSICA,CONCLUÍDO
PED-00742,,MONITOR,999999,,1.0,SUDESTE,BRUNO COSTA,TELEVENDAS,PENDENTE
PED-04182,2024-01-10,MONITOR,,,0.0,NORTE,ANA SILVA,LOJA FÍSICA,EM ANÁLISE
PED-08234,2022-08-03,NAN,,,0.048,NORDESTE,CARLA MENDES,REVENDEDOR,PENDENTE
PED-03807,,MONITOR,325,,0.159,NORDESTE,ANA SILVA,ONLINE,CONCLUÍDO
PED-07197,2023-03-03,WEBCAM,360,,0.0,SUDESTE,ANA SILVA,ONLINE,PENDENTE
PED-02384,2023-10-08,SMARTPHONE,192,10064.77,1.0,SUL,ELENA SOUZA,LOJA FÍSICA,EM ANÁLISE
PED-05487,2023-09-13,WEBCAM,136,,0.149,SUL,ELENA SOUZA,TELEVENDAS,CONCLUÍDO
PED-03190,2024-08-11,IMPRESSORA,,13899.24,0.205,SUDESTE,ANA SILVA,ONLINE,PENDENTE
PED-09438,2024-11-14,HEADSET,,10119.73,0.461,CENTRO-OESTE,CARLA MENDES,REVENDEDOR,CONCLUÍDO
PED-05223,,TABLET,239,7483.04,0.0,CENTRO-OESTE,NAN,LOJA FÍSICA,CONCLUÍDO
PED-07611,2024-06-21,TABLET,999999,,0.0,CENTRO-OESTE,BRUNO COSTA,REVENDEDOR,PENDENTE
PED-07522,2022-01-12,TABLET,,,0.25,SUL,DIEGO LIMA,TELEVENDAS,CONCLUÍDO
PED-04453,2024-04-20,NAN,305,,0.43,NORTE,ANA SILVA,LOJA FÍSICA,PENDENTE
PED-05482,2022-02-12,TABLET,,7169.97,0.0,NORTE,DIEGO LIMA,LOJA FÍSICA,EM ANÁLISE
PED-04519,,SMARTPHONE,,11136.77,0.0,SUL,ANA SILVA,LOJA FÍSICA,PENDENTE
PED-00301,2023-01-02,TABLET,263,695.8,0.0,SUDESTE,CARLA MENDES,REVENDEDOR,CANCELADO
PED-01743,2024-04-22,SMARTPHONE,,12221.87,0.0,CENTRO-OESTE,DIEGO LIMA,ONLINE,EM ANÁLISE
PED-08648,,TABLET,,,0.0,SUL,ANA SILVA,REVENDEDOR,PENDENTE
PED-89592,2022-08-19,HD EXTERNO,999999,12244.0,0.129,NORTE,ELENA SOUZA,LOJA FÍSICA,CANCELADO
PED-04767,2022-01-22,HD EXTERNO,,,0.0,SUL,ELENA SOUZA,ONLINE,CONCLUÍDO
PED-00256,,IMPRESSORA,,,0.282,NORDESTE,CARLA MENDES,ONLINE,PENDENTE
PED-04155,2024-03-21,TECLADO,,8354.68,0.0,NORTE,ELENA SOUZA,LOJA FÍSICA,PENDENTE
PED-09687,2024-09-20,HEADSET,403,,0.078,SUL,ELENA SOUZA,ONLINE,CANCELADO
PED-00618,,HD EXTERNO,,2622.85,0.39299999999999996,SUDESTE,DIEGO LIMA,TELEVENDAS,PENDENTE
PED-09570,,TABLET,,213.0,0.044000000000000004,NORTE,ANA SILVA,LOJA FÍSICA,EM ANÁLISE
PED-05783,2023-07-13,SMARTPHONE,,,0.0,SUL,DIEGO LIMA,LOJA FÍSICA,CANCELADO
PED-08342,2024-05-27,HD EXTERNO,,10731.86,1.0,NORTE,ELENA SOUZA,LOJA FÍSICA,CONCLUÍDO
PED-07889,2024-01-18,HEADSET,287,,0.108,CENTRO-OESTE,ANA SILVA,LOJA FÍSICA,PENDENTE
PED-07769,2023-09-23,TABLET,,,0.253,NORTE,ELENA SOUZA,ONLINE,CANCELADO
PED-02299,,NOTEBOOK,432,10800.35,0.0,SUL,DIEGO LIMA,ONLINE,CONCLUÍDO
PED-97553,2023-05-16,NOTEBOOK,70,,0.365,NORTE,CARLA MENDES,ONLINE,EM ANÁLISE
PED-01440,,SMARTPHONE,431,,0.0,CENTRO-OESTE,CARLA MENDES,REVENDEDOR,CANCELADO
PED-00892,2023-05-28,TECLADO,165,,0.158,NORDESTE,ANA SILVA,LOJA FÍSICA,EM ANÁLISE
PED-07282,,MOUSE,,,0.115,SUL,ANA SILVA,LOJA FÍSICA,CONCLUÍDO
PED-03990,2022-11-25,TABLET,,9651.0,0.0,SUDESTE,BRUNO COSTA,REVENDEDOR,CANCELADO
PED-07653,,SMARTPHONE,478,,1.0,SUL,ANA SILVA,TELEVENDAS,PENDENTE
PED-06663,2023-04-15,HEADSET,431,304.37,0.171,SUL,CARLA MENDES,LOJA FÍSICA,PENDENTE
PED-03649,2024-06-17,SMARTPHONE,445,,0.494,NORTE,CARLA MENDES,LOJA FÍSICA,PENDENTE
PED-03792,,TECLADO,296,2979.36,0.0,NORDESTE,DIEGO LIMA,ONLINE,PENDENTE
PED-03932,2023-05-09,TECLADO,,,0.43700000000000006,SUDESTE,DIEGO LIMA,REVENDEDOR,EM ANÁLISE
PED-06092,,NOTEBOOK,,,0.0,SUDESTE,ANA SILVA,ONLINE,PENDENTE
PED-05660,2024-08-22,IMPRESSORA,,8516.47,0.0,CENTRO-OESTE,DIEGO LIMA,TELEVENDAS,CONCLUÍDO
PED-02945,2023-05-13,MONITOR,,11453.28,0.0,NORTE,CARLA MENDES,TELEVENDAS,CONCLUÍDO
PED-09959,2022-10-20,SMARTPHONE,230,7353.8,0.43799999999999994,SUDESTE,BRUNO COSTA,LOJA FÍSICA,CONCLUÍDO
PED-03573,2022-02-26,WEBCAM,,,0.145,SUDESTE,DIEGO LIMA,REVENDEDOR,CONCLUÍDO
PED-01815,2023-07-13,WEBCAM,,7605.64,0.0,CENTRO-OESTE,CARLA MENDES,ONLINE,CONCLUÍDO
PED-02017,2024-03-07,IMPRESSORA,,,0.0,CENTRO-OESTE,DIEGO LIMA,LOJA FÍSICA,CONCLUÍDO
PED-06781,,NOTEBOOK,,5731.0,0.20199999999999999,CENTRO-OESTE,ANA SILVA,LOJA FÍSICA,EM ANÁLISE
PED-00040,,WEBCAM,999999,,0.0,NORTE,CARLA MENDES,REVENDEDOR,CONCLUÍDO
PED-08367,2024-07-09,TABLET,,8153.79,0.0,SUDESTE,DIEGO LIMA,TELEVENDAS,PENDENTE
PED-03509,,HD EXTERNO,383,7261.6,0.146,SUDESTE,ANA SILVA,REVENDEDOR,CANCELADO
PED-08966,,TECLADO,75,6908.78,0.101,NORTE,ANA SILVA,ONLINE,EM ANÁLISE
PED-02986,2022-03-19,HD EXTERNO,27,400.39,0.39899999999999997,NORDESTE,ELENA SOUZA,TELEVENDAS,EM ANÁLISE
PED-09881,2022-11-25,HEADSET,321,6569.64,0.12300000000000001,CENTRO-OESTE,ELENA SOUZA,ONLINE,PENDENTE
PED-06038,,NOTEBOOK,226,,0.135,NORDESTE,DIEGO LIMA,REVENDEDOR,CONCLUÍDO
PED-07352,2022-03-02,HEADSET,999999,10438.91,0.385,SUDESTE,DIEGO LIMA,TELEVENDAS,PENDENTE
PED-04786,,HD EXTERNO,,,0.0,NORDESTE,CARLA MENDES,REVENDEDOR,CONCLUÍDO
PED-08611,2024-09-25,HEADSET,,13119.52,0.431,CENTRO-OESTE,CARLA MENDES,ONLINE,EM ANÁLISE
PED-01475,2022-07-22,IMPRESSORA,999999,,0.0,SUL,DIEGO LIMA,ONLINE,PENDENTE
PED-03692,,MOUSE,245,13003.77,0.0,NORTE,BRUNO COSTA,LOJA FÍSICA,CONCLUÍDO
PED-03981,2023-12-17,HEADSET,221,,0.0,CENTRO-OESTE,ANA SILVA,LOJA FÍSICA,EM ANÁLISE
PED-07235,2023-09-08,MONITOR,,,0.0,SUDESTE,CARLA MENDES,REVENDEDOR,EM ANÁLISE
PED-06189,2023-06-11,IMPRESSORA,,,0.0,NORTE,ELENA SOUZA,TELEVENDAS,PENDENTE
PED-00572,2023-11-26,IMPRESSORA,999999,14690.0,0.0,CENTRO-OESTE,ANA SILVA,LOJA FÍSICA,CONCLUÍDO
PED-03557,,IMPRESSORA,,511.63,0.385,SUDESTE,CARLA MENDES,ONLINE,CANCELADO
PED-00820,2024-11-26,NOTEBOOK,,8415.38,0.217,SUL,ELENA SOUZA,REVENDEDOR,PENDENTE
PED-09320,,MOUSE,65,9508.92,0.39,SUL,DIEGO LIMA,REVENDEDOR,CANCELADO
PED-01051,2024-01-02,MONITOR,,,0.37,NORTE,ELENA SOUZA,LOJA FÍSICA,CONCLUÍDO
PED-09573,2023-02-28,MOUSE,,2781.41,1.0,NORTE,BRUNO COSTA,TELEVENDAS,PENDENTE
PED-05209,,SMARTPHONE,999999,,0.038,NORTE,ANA SILVA,LOJA FÍSICA,CANCELADO
PED-00331,2024-07-09,WEBCAM,,,0.45399999999999996,SUDESTE,CARLA MENDES,TELEVENDAS,PENDENTE
PED-04757,,MONITOR,139,,0.0,SUL,ANA SILVA,LOJA FÍSICA,CANCELADO
PED-01618,2022-03-15,SMARTPHONE,286,7434.76,0.0,NORDESTE,ELENA SOUZA,LOJA FÍSICA,EM ANÁLISE
PED-09278,2023-07-04,MONITOR,193,,0.085,NORTE,BRUNO COSTA,ONLINE,EM ANÁLISE
PED-08256,2023-06-07,TECLADO,255,,0.0,SUL,BRUNO COSTA,LOJA FÍSICA,PENDENTE
PED-61904,2023-03-02,NOTEBOOK,,1050.17,1.0,NORDESTE,CARLA MENDES,LOJA FÍSICA,EM ANÁLISE
PED-02382,,HD EXTERNO,27,5320.52,0.0,SUL,BRUNO COSTA,LOJA FÍSICA,EM ANÁLISE
PED-08372,,HEADSET,330,,0.032,CENTRO-OESTE,BRUNO COSTA,ONLINE,CONCLUÍDO
PED-51411,2024-02-28,MONITOR,,,0.0,NORTE,BRUNO COSTA,LOJA FÍSICA,CANCELADO
PED-03779,2022-01-08,WEBCAM,202,,0.0,NORTE,DIEGO LIMA,LOJA FÍSICA,CONCLUÍDO
PED-08232,2022-11-19,SMARTPHONE,999999,4965.3,0.255,SUDESTE,DIEGO LIMA,ONLINE,CANCELADO
PED-00446,2024-09-12,IMPRESSORA,,,0.0,NORDESTE,DIEGO LIMA,LOJA FÍSICA,CONCLUÍDO
PED-04648,2023-12-07,SMARTPHONE,342,6699.58,0.08,NORDESTE,CARLA MENDES,LOJA FÍSICA,PENDENTE
PED-01486,,IMPRESSORA,28,,0.0,SUL,DIEGO LIMA,ONLINE,CANCELADO
PED-00939,2023-01-18,HD EXTERNO,,,0.318,CENTRO-OESTE,ELENA SOUZA,LOJA FÍSICA,CONCLUÍDO
PED-09630,2024-05-07,IMPRESSORA,,,0.0,NORTE,ELENA SOUZA,LOJA FÍSICA,PENDENTE
PED-07584,,MONITOR,424,13121.16,0.059000000000000004,SUDESTE,CARLA MENDES,LOJA FÍSICA,PENDENTE
PED-01809,2023-07-14,NOTEBOOK,,,0.32,CENTRO-OESTE,ANA SILVA,LOJA FÍSICA,CONCLUÍDO
PED-07321,2022-08-22,MONITOR,,8058.89,0.201,SUL,BRUNO COSTA,LOJA FÍSICA,EM ANÁLISE
PED-05143,2024-12-02,HD EXTERNO,133,,0.18,CENTRO-OESTE,BRUNO COSTA,TELEVENDAS,EM ANÁLISE
PED-06206,,MONITOR,171,9841.22,0.0,SUL,ANA SILVA,ONLINE,CONCLUÍDO
PED-09367,2022-01-13,HD EXTERNO,496,6205.26,0.098,SUL,BRUNO COSTA,TELEVENDAS,CONCLUÍDO
PED-09395,2024-09-20,NOTEBOOK,,,0.1,SUDESTE,ELENA SOUZA,TELEVENDAS,CONCLUÍDO
PED-08637,2024-08-02,SMARTPHONE,,,0.0,NORDESTE,CARLA MENDES,REVENDEDOR,CANCELADO
PED-07018,2023-03-05,SMARTPHONE,,14224.56,0.365,SUDESTE,ANA SILVA,LOJA FÍSICA,CONCLUÍDO
PED-01721,2022-09-09,WEBCAM,,,0.254,SUL,ELENA SOUZA,LOJA FÍSICA,PENDENTE
PED-09375,2023-11-25,SMARTPHONE,94,2952.47,1.0,NORTE,ELENA SOUZA,LOJA FÍSICA,EM ANÁLISE
PED-00698,2024-07-12,NOTEBOOK,,5552.0,0.0,SUL,DIEGO LIMA,REVENDEDOR,CONCLUÍDO
PED-04486,2024-01-11,TABLET,,,1.0,SUL,ANA SILVA,LOJA FÍSICA,CANCELADO
PED-04401,2023-01-23,WEBCAM,200,,0.0,SUL,ELENA SOUZA,TELEVENDAS,EM ANÁLISE
PED-09553,,IMPRESSORA,,8248.35,0.0,CENTRO-OESTE,ELENA SOUZA,LOJA FÍSICA,EM ANÁLISE
PED-04991,2022-02-26,MOUSE,,7303.0,0.0,SUL,ANA SILVA,REVENDEDOR,PENDENTE
PED-00042,2022-06-17,IMPRESSORA,,7840.63,0.39,NORDESTE,DIEGO LIMA,LOJA FÍSICA,EM ANÁLISE
PED-00343,2022-05-28,MOUSE,30,,0.446,NORTE,ANA SILVA,LOJA FÍSICA,PENDENTE
PED-06564,2024-08-16,HD EXTERNO,126,4793.81,0.0,NORDESTE,ELENA SOUZA,REVENDEDOR,CANCELADO
PED-06773,,TABLET,47,8065.92,0.34700000000000003,NORTE,CARLA MENDES,ONLINE,PENDENTE
PED-04548,2022-01-20,WEBCAM,,13735.03,0.28,NORTE,BRUNO COSTA,REVENDEDOR,PENDENTE
PED-05088,,MONITOR,,2918.93,0.0,SUL,ANA SILVA,ONLINE,CONCLUÍDO
PED-00092,2024-08-10,IMPRESSORA,483,,0.27399999999999997,SUDESTE,ELENA SOUZA,REVENDEDOR,CANCELADO
PED-05421,2022-08-04,TABLET,286,13307.35,0.0,SUDESTE,ELENA SOUZA,LOJA FÍSICA,EM ANÁLISE
PED-09177,2023-04-27,MOUSE,,,0.42,SUDESTE,CARLA MENDES,ONLINE,CONCLUÍDO
PED-08658,2022-08-05,MOUSE,231,,0.0,SUDESTE,DIEGO LIMA,TELEVENDAS,CONCLUÍDO
PED-07708,2024-03-15,MONITOR,431,1989.63,1.0,NORTE,BRUNO COSTA,ONLINE,EM ANÁLISE
PED-04471,,HD EXTERNO,191,,0.408,NORDESTE,BRUNO COSTA,REVENDEDOR,CANCELADO
PED-48498,,TECLADO,245,3632.19,0.0,NORTE,CARLA MENDES,LOJA FÍSICA,EM ANÁLISE
PED-05949,,TECLADO,,13869.98,0.29,SUDESTE,DIEGO LIMA,LOJA FÍSICA,CANCELADO
PED-04985,2023-02-14,NOTEBOOK,,8039.03,0.0,NORDESTE,DIEGO LIMA,TELEVENDAS,CONCLUÍDO
PED-04371,,IMPRESSORA,384,10544.39,0.391,CENTRO-OESTE,ELENA SOUZA,TELEVENDAS,CONCLUÍDO
PED-01281,2022-05-15,WEBCAM,,,0.0,CENTRO-OESTE,CARLA MENDES,ONLINE,EM ANÁLISE
PED-03883,,IMPRESSORA,,10555.99,0.0,SUDESTE,BRUNO COSTA,REVENDEDOR,CANCELADO
PED-06726,2023-03-02,MOUSE,999999,,0.49,NORTE,BRUNO COSTA,TELEVENDAS,EM ANÁLISE
PED-03237,2023-11-16,HD EXTERNO,494,4370.45,0.18899999999999997,SUL,BRUNO COSTA,ONLINE,CONCLUÍDO
PED-04955,2022-08-24,NOTEBOOK,,14658.73,0.0,SUL,ANA SILVA,ONLINE,EM ANÁLISE
PED-09523,2022-01-01,HEADSET,,,0.0,SUDESTE,ELENA SOUZA,TELEVENDAS,EM ANÁLISE
PED-09238,,NAN,,7602.1,0.0,NORTE,BRUNO COSTA,REVENDEDOR,CANCELADO
PED-00709,2023-01-14,TABLET,133,926.0,1.0,SUL,CARLA MENDES,ONLINE,CANCELADO
PED-02469,2022-06-15,NOTEBOOK,411,7833.91,0.0,SUDESTE,DIEGO LIMA,REVENDEDOR,PENDENTE
PED-02375,,HD EXTERNO,,6126.02,1.0,SUL,BRUNO COSTA,REVENDEDOR,CONCLUÍDO
PED-00870,2022-07-15,TECLADO,,,0.0,NORTE,CARLA MENDES,LOJA FÍSICA,EM ANÁLISE
PED-09876,2022-03-08,IMPRESSORA,,,0.5,CENTRO-OESTE,ANA SILVA,REVENDEDOR,PENDENTE
PED-02931,2022-10-26,NOTEBOOK,165,,0.0,SUL,CARLA MENDES,ONLINE,CONCLUÍDO
PED-07976,2024-04-01,WEBCAM,410,,0.376,CENTRO-OESTE,DIEGO LIMA,TELEVENDAS,CONCLUÍDO
PED-00373,2023-09-10,TABLET,,11804.44,0.0,SUDESTE,ANA SILVA,TELEVENDAS,PENDENTE
PED-04798,,TECLADO,55,,0.018,SUL,ELENA SOUZA,ONLINE,CONCLUÍDO
PED-05241,2023-08-27,HD EXTERNO,999999,,0.478,SUDESTE,ELENA SOUZA,TELEVENDAS,CONCLUÍDO
PED-00049,2023-10-10,IMPRESSORA,,,0.0,NORTE,ANA SILVA,ONLINE,CANCELADO
PED-09834,,TECLADO,,,0.0,SUDESTE,ANA SILVA,REVENDEDOR,PENDENTE
PED-00970,2022-01-05,SMARTPHONE,999999,6264.56,0.033,CENTRO-OESTE,CARLA MENDES,LOJA FÍSICA,CONCLUÍDO
PED-66973,2022-07-22,WEBCAM,451,9679.97,0.002,SUDESTE,ANA SILVA,ONLINE,PENDENTE
PED-00139,2023-12-17,IMPRESSORA,323,,0.0,NORDESTE,ELENA SOUZA,LOJA FÍSICA,CANCELADO
PED-06084,2024-11-11,TABLET,406,188.89,0.454,NORTE,DIEGO LIMA,TELEVENDAS,CONCLUÍDO
PED-03548,2024-01-05,HEADSET,,,0.0,CENTRO-OESTE,CARLA MENDES,LOJA FÍSICA,PENDENTE
PED-03314,2023-02-28,NOTEBOOK,287,9236.31,0.245,SUL,CARLA MENDES,REVENDEDOR,CONCLUÍDO
PED-03696,,MOUSE,348,11882.38,0.0,SUL,DIEGO LIMA,LOJA FÍSICA,CANCELADO
PED-09111,2024-01-25,TECLADO,95,,0.286,CENTRO-OESTE,ELENA SOUZA,LOJA FÍSICA,CONCLUÍDO
PED-06415,2022-01-20,MONITOR,,10812.79,0.455,NORDESTE,ELENA SOUZA,REVENDEDOR,CONCLUÍDO
PED-06807,2022-05-13,HEADSET,283,,0.05,NORTE,DIEGO LIMA,REVENDEDOR,CONCLUÍDO
PED-08016,,MOUSE,59,13905.42,0.0,SUDESTE,ANA SILVA,LOJA FÍSICA,CONCLUÍDO
PED-07519,2022-04-01,NOTEBOOK,474,,0.0,CENTRO-OESTE,CARLA MENDES,ONLINE,EM ANÁLISE
PED-00578,2023-12-25,IMPRESSORA,,2709.68,0.0,NORDESTE,CARLA MENDES,LOJA FÍSICA,CONCLUÍDO
PED-06911,,MONITOR,,8681.17,1.0,SUDESTE,ANA SILVA,REVENDEDOR,CONCLUÍDO
PED-08843,2024-01-01,WEBCAM,458,6875.0,0.09,SUL,ELENA SOUZA,REVENDEDOR,PENDENTE
PED-01459,,WEBCAM,,1055.42,0.1,SUDESTE,BRUNO COSTA,LOJA FÍSICA,PENDENTE
PED-08377,,MONITOR,98,8199.73,0.0,SUDESTE,ANA SILVA,REVENDEDOR,CANCELADO
PED-00601,2022-11-21,MOUSE,39,10812.63,0.019,SUDESTE,BRUNO COSTA,ONLINE,CANCELADO
PED-00717,,TECLADO,,,0.0,SUDESTE,ANA SILVA,TELEVENDAS,EM ANÁLISE
PED-05986,,HD EXTERNO,,5205.49,0.083,NORTE,ANA SILVA,REVENDEDOR,CANCELADO
PED-46684,2023-12-23,TABLET,,5700.8,0.0,SUL,DIEGO LIMA,REVENDEDOR,CONCLUÍDO
PED-03762,2022-09-22,TABLET,430,,0.37,SUDESTE,ANA SILVA,ONLINE,CANCELADO
PED-00195,2022-11-27,MONITOR,,,0.418,SUL,BRUNO COSTA,LOJA FÍSICA,PENDENTE
PED-04997,,IMPRESSORA,412,,0.0,NORDESTE,DIEGO LIMA,ONLINE,CONCLUÍDO
PED-09629,,MOUSE,76,,0.0,CENTRO-OESTE,CARLA MENDES,ONLINE,PENDENTE
PED-03566,,WEBCAM,444,4150.76,0.4,NORTE,ELENA SOUZA,REVENDEDOR,PENDENTE
PED-04406,2024-08-12,SMARTPHONE,,10146.37,1.0,SUDESTE,ELENA SOUZA,LOJA FÍSICA,CONCLUÍDO
PED-08616,,HD EXTERNO,406,3347.53,0.369,SUDESTE,BRUNO COSTA,ONLINE,EM ANÁLISE
PED-06213,2024-04-23,NAN,999999,8912.0,0.21600000000000003,SUL,ANA SILVA,LOJA FÍSICA,CONCLUÍDO
PED-09162,2022-01-25,NOTEBOOK,,8656.93,0.0,NORTE,DIEGO LIMA,ONLINE,PENDENTE
PED-09728,2022-11-12,MOUSE,,12733.0,0.0,SUL,ANA SILVA,ONLINE,PENDENTE
PED-01727,,NOTEBOOK,,,0.0,SUDESTE,BRUNO COSTA,ONLINE,CANCELADO
PED-09012,2024-09-07,HD EXTERNO,,2690.68,1.0,SUDESTE,BRUNO COSTA,ONLINE,CANCELADO
PED-05556,,TECLADO,402,13036.26,0.198,SUL,ANA SILVA,REVENDEDOR,PENDENTE
PED-04369,2024-04-13,IMPRESSORA,463,9629.44,1.0,SUDESTE,ANA SILVA,ONLINE,CANCELADO
PED-04408,,NOTEBOOK,440,,0.0,CENTRO-OESTE,DIEGO LIMA,REVENDEDOR,PENDENTE
PED-01372,2024-12-27,HD EXTERNO,999999,,0.055,SUDESTE,BRUNO COSTA,LOJA FÍSICA,PENDENTE
PED-00787,,MONITOR,488,10205.67,0.0,SUL,BRUNO COSTA,TELEVENDAS,CONCLUÍDO
PED-08224,2023-12-23,WEBCAM,,992.91,0.342,SUL,ANA SILVA,ONLINE,PENDENTE
PED-05014,2023-03-24,SMARTPHONE,,8845.26,0.0,SUL,DIEGO LIMA,LOJA FÍSICA,PENDENTE
PED-02625,2024-04-27,MONITOR,,,0.223,SUL,ANA SILVA,TELEVENDAS,CANCELADO
PED-06681,,NOTEBOOK,,3387.0,0.0,NORTE,BRUNO COSTA,ONLINE,PENDENTE
PED-34209,2023-06-01,HD EXTERNO,449,11137.41,0.0,CENTRO-OESTE,ELENA SOUZA,TELEVENDAS,PENDENTE
PED-09953,2023-07-06,TABLET,197,7042.17,0.243,NORTE,ELENA SOUZA,ONLINE,EM ANÁLISE
PED-03988,2023-09-21,TABLET,,,0.462,SUL,BRUNO COSTA,ONLINE,EM ANÁLISE
PED-84409,2023-03-21,MOUSE,,,0.293,NORTE,CARLA MENDES,LOJA FÍSICA,PENDENTE
PED-04168,2023-02-19,NOTEBOOK,368,,0.0,NORTE,CARLA MENDES,TELEVENDAS,PENDENTE
PED-04214,2023-01-25,HEADSET,,435.35,0.028,NORDESTE,CARLA MENDES,ONLINE,EM ANÁLISE
PED-03072,2024-11-13,WEBCAM,149,5443.42,0.0,CENTRO-OESTE,CARLA MENDES,TELEVENDAS,CONCLUÍDO
PED-04235,,MONITOR,182,6983.0,0.052,SUL,CARLA MENDES,REVENDEDOR,EM ANÁLISE
PED-00203,2022-12-04,TECLADO,,9951.05,0.27899999999999997,SUDESTE,ANA SILVA,LOJA FÍSICA,CANCELADO
PED-02317,2024-04-14,SMARTPHONE,118,,0.0,CENTRO-OESTE,BRUNO COSTA,ONLINE,EM ANÁLISE
PED-09330,,TECLADO,283,2031.13,0.0,NORDESTE,ANA SILVA,LOJA FÍSICA,EM ANÁLISE
PED-02102,,SMARTPHONE,142,,0.0,SUL,ELENA SOUZA,TELEVENDAS,CANCELADO
PED-05886,2022-11-15,HEADSET,424,,0.0,NORTE,ANA SILVA,REVENDEDOR,PENDENTE
PED-00929,,WEBCAM,382,3707.0,0.0,SUL,CARLA MENDES,REVENDEDOR,EM ANÁLISE
PED-05788,2024-07-22,MOUSE,338,,0.0,NORTE,BRUNO COSTA,LOJA FÍSICA,CONCLUÍDO
PED-02630,,HD EXTERNO,372,8966.61,0.129,CENTRO-OESTE,BRUNO COSTA,LOJA FÍSICA,EM ANÁLISE
PED-06399,,MOUSE,,11544.62,0.0,NORTE,ELENA SOUZA,REVENDEDOR,CONCLUÍDO
PED-01998,2023-01-03,NOTEBOOK,318,,0.0,CENTRO-OESTE,BRUNO COSTA,LOJA FÍSICA,CANCELADO
PED-05531,2024-10-15,WEBCAM,140,7834.62,0.0,NORTE,CARLA MENDES,REVENDEDOR,CONCLUÍDO
PED-02429,2024-07-17,TABLET,,14737.76,0.242,SUL,DIEGO LIMA,LOJA FÍSICA,EM ANÁLISE
PED-02835,2022-02-19,SMARTPHONE,290,,0.038,SUDESTE,CARLA MENDES,REVENDEDOR,CONCLUÍDO
PED-08331,2023-11-21,HD EXTERNO,419,9510.8,0.159,NORDESTE,BRUNO COSTA,ONLINE,CANCELADO
PED-09235,2023-05-14,WEBCAM,165,,0.374,SUL,ANA SILVA,TELEVENDAS,PENDENTE
PED-04599,2023-08-07,TECLADO,,,0.165,NORTE,ELENA SOUZA,TELEVENDAS,CONCLUÍDO
PED-08044,2024-06-13,MOUSE,98,,0.0,SUL,ANA SILVA,REVENDEDOR,CONCLUÍDO
PED-06487,2024-02-19,SMARTPHONE,999999,1095.0,0.37,CENTRO-OESTE,ELENA SOUZA,ONLINE,CONCLUÍDO
PED-08444,2022-12-01,WEBCAM,,7405.65,0.0,SUL,ANA SILVA,REVENDEDOR,PENDENTE
PED-02405,2022-06-13,TECLADO,,11360.01,0.406,SUDESTE,ANA SILVA,LOJA FÍSICA,EM ANÁLISE
PED-05819,,MOUSE,,10078.79,0.307,NORTE,DIEGO LIMA,LOJA FÍSICA,PENDENTE
PED-07186,2023-12-17,SMARTPHONE,184,,0.0,SUDESTE,BRUNO COSTA,TELEVENDAS,CANCELADO
PED-09172,2022-06-02,HEADSET,80,,0.127,NORTE,CARLA MENDES,REVENDEDOR,CANCELADO
PED-08958,,TECLADO,334,,0.192,SUL,ELENA SOUZA,LOJA FÍSICA,EM ANÁLISE
PED-09339,,TABLET,42,7910.06,0.207,SUDESTE,ANA SILVA,LOJA FÍSICA,EM ANÁLISE
PED-37082,2023-11-16,MOUSE,128,9877.09,0.48,NORTE,DIEGO LIMA,TELEVENDAS,PENDENTE
PED-06093,,TECLADO,41,,0.0,SUL,ELENA SOUZA,TELEVENDAS,PENDENTE
PED-05187,,SMARTPHONE,,11991.66,0.16899999999999998,NORTE,BRUNO COSTA,TELEVENDAS,CONCLUÍDO
PED-67071,,MONITOR,422,,0.0,SUL,ELENA SOUZA,TELEVENDAS,EM ANÁLISE
PED-07199,,NOTEBOOK,,,0.02,SUDESTE,BRUNO COSTA,ONLINE,CONCLUÍDO
PED-09297,2024-04-12,WEBCAM,,,0.17,NORTE,CARLA MENDES,TELEVENDAS,EM ANÁLISE
PED-09135,2024-11-22,WEBCAM,290,752.18,0.365,CENTRO-OESTE,CARLA MENDES,ONLINE,CANCELADO
PED-04139,2024-09-10,WEBCAM,999999,4845.19,0.0,NORDESTE,DIEGO LIMA,LOJA FÍSICA,CANCELADO
PED-00559,,NOTEBOOK,,,0.0,SUL,ANA SILVA,TELEVENDAS,PENDENTE
PED-08296,,NOTEBOOK,277,,1.0,SUL,CARLA MENDES,ONLINE,CANCELADO
PED-07465,2022-03-12,HEADSET,,12016.17,1.0,SUL,CARLA MENDES,LOJA FÍSICA,PENDENTE
PED-08829,2022-02-20,MOUSE,,,0.048,NORDESTE,CARLA MENDES,ONLINE,EM ANÁLISE
PED-07677,2022-12-13,NOTEBOOK,,,0.034,SUL,CARLA MENDES,TELEVENDAS,CANCELADO
PED-02604,2023-11-19,TABLET,,,0.0,SUL,ELENA SOUZA,ONLINE,CONCLUÍDO
PED-07005,,IMPRESSORA,999999,,0.0,CENTRO-OESTE,BRUNO COSTA,ONLINE,PENDENTE
PED-02934,2022-10-03,MONITOR,494,9998.63,0.0,SUL,ELENA SOUZA,REVENDEDOR,CONCLUÍDO
PED-06121,2023-10-19,IMPRESSORA,,12447.93,0.0,NORDESTE,BRUNO COSTA,REVENDEDOR,CANCELADO
PED-05756,2022-06-08,TECLADO,210,10460.89,0.0,SUDESTE,ELENA SOUZA,REVENDEDOR,PENDENTE
PED-07332,2022-11-03,IMPRESSORA,,6245.1,0.034,SUL,DIEGO LIMA,LOJA FÍSICA,PENDENTE
PED-02468,2024-08-18,TABLET,,13313.04,0.475,NORDESTE,BRUNO COSTA,LOJA FÍSICA,EM ANÁLISE
PED-00417,,HEADSET,14,12263.67,0.0,SUDESTE,ANA SILVA,ONLINE,EM ANÁLISE
PED-06652,,WEBCAM,,8842.64,0.474,NORTE,ANA SILVA,TELEVENDAS,PENDENTE
PED-05950,2023-04-08,TABLET,,,0.0,CENTRO-OESTE,DIEGO LIMA,TELEVENDAS,CONCLUÍDO
PED-08310,2023-03-14,MONITOR,,,0.0,CENTRO-OESTE,CARLA MENDES,LOJA FÍSICA,CONCLUÍDO
PED-00328,2022-03-20,SMARTPHONE,,,0.389,SUDESTE,CARLA MENDES,ONLINE,CONCLUÍDO
PED-02127,,TABLET,,3572.0,0.03,NORDESTE,ELENA SOUZA,REVENDEDOR,CONCLUÍDO
PED-03821,2024-02-04,HD EXTERNO,435,3317.35,0.34,CENTRO-OESTE,CARLA MENDES,ONLINE,CONCLUÍDO
PED-02708,2024-03-13,MONITOR,225,8993.39,0.081,SUL,ELENA SOUZA,ONLINE,CONCLUÍDO
PED-09792,2024-10-07,NAN,,7491.42,0.0,SUL,ANA SILVA,REVENDEDOR,PENDENTE
PED-06301,,WEBCAM,437,3708.3,0.155,NORDESTE,ANA SILVA,TELEVENDAS,CONCLUÍDO
PED-06022,2022-10-06,HD EXTERNO,450,,0.0,NORDESTE,CARLA MENDES,ONLINE,PENDENTE
PED-05057,2022-08-10,HD EXTERNO,,1808.99,0.053,SUDESTE,BRUNO COSTA,ONLINE,CONCLUÍDO
PED-01066,,NAN,,,0.0,SUL,ANA SILVA,LOJA FÍSICA,CANCELADO
PED-02165,2023-06-01,HD EXTERNO,,10742.45,0.111,SUL,DIEGO LIMA,REVENDEDOR,CONCLUÍDO
PED-04560,,MOUSE,,10972.37,0.0,NORDESTE,DIEGO LIMA,TELEVENDAS,PENDENTE
PED-09995,2023-11-21,TECLADO,290,,0.076,SUL,CARLA MENDES,LOJA FÍSICA,EM ANÁLISE
PED-28705,,MONITOR,,,0.053,SUL,ELENA SOUZA,ONLINE,CONCLUÍDO
PED-00333,2024-08-25,MONITOR,,,0.238,SUL,BRUNO COSTA,TELEVENDAS,CONCLUÍDO
PED-09048,2022-08-10,HEADSET,383,10928.77,0.192,NORTE,CARLA MENDES,ONLINE,PENDENTE
PED-09173,2022-03-22,TABLET,446,,0.0,SUDESTE,ELENA SOUZA,REVENDEDOR,CONCLUÍDO
PED-03029,2022-05-21,SMARTPHONE,420,12050.24,0.0,NORTE,DIEGO LIMA,LOJA FÍSICA,CONCLUÍDO
PED-09280,,HD EXTERNO,332,,0.0,SUL,CARLA MENDES,TELEVENDAS,CONCLUÍDO
PED-06814,2024-02-03,HEADSET,,,0.0,SUDESTE,BRUNO COSTA,ONLINE,EM ANÁLISE
PED-00611,2023-06-02,NOTEBOOK,,14438.0,1.0,SUDESTE,DIEGO LIMA,ONLINE,CONCLUÍDO
PED-05970,2022-08-06,IMPRESSORA,112,9765.46,0.20199999999999999,CENTRO-OESTE,DIEGO LIMA,ONLINE,CANCELADO
PED-07097,2024-05-17,HD EXTERNO,,,0.225,NORTE,ELENA SOUZA,ONLINE,EM ANÁLISE
PED-05098,2024-04-13,NOTEBOOK,,5758.73,0.17800000000000002,NORTE,ELENA SOUZA,LOJA FÍSICA,EM ANÁLISE
PED-93683,2024-06-15,HEADSET,,10171.0,0.093,SUL,ANA SILVA,TELEVENDAS,CONCLUÍDO
PED-01610,2023-03-20,HD EXTERNO,999999,,0.034,NORDESTE,BRUNO COSTA,LOJA FÍSICA,EM ANÁLISE
PED-06141,2022-04-19,IMPRESSORA,,12168.23,0.018,CENTRO-OESTE,ELENA SOUZA,LOJA FÍSICA,CONCLUÍDO
PED-77290,,MONITOR,135,570.05,0.0,NORTE,ELENA SOUZA,TELEVENDAS,EM ANÁLISE
PED-30082,2022-09-18,WEBCAM,,9773.08,0.0,SUDESTE,CARLA MENDES,LOJA FÍSICA,EM ANÁLISE
PED-08960,2023-01-13,TABLET,369,7714.0,0.075,SUL,ELENA SOUZA,LOJA FÍSICA,CONCLUÍDO
PED-91990,2023-04-25,SMARTPHONE,377,,0.09300000000000001,NORTE,DIEGO LIMA,REVENDEDOR,PENDENTE
PED-05658,2024-09-05,TABLET,87,,0.0,SUL,BRUNO COSTA,TELEVENDAS,PENDENTE
PED-01664,2022-12-03,NOTEBOOK,385,13975.48,0.0,NORTE,DIEGO LIMA,LOJA FÍSICA,EM ANÁLISE
PED-02059,,HEADSET,,,0.131,SUDESTE,DIEGO LIMA,LOJA FÍSICA,CONCLUÍDO
PED-09973,2024-10-16,TABLET,,,0.0,SUL,NAN,ONLINE,CONCLUÍDO
PED-00441,2024-04-12,MONITOR,59,,0.0,NORDESTE,BRUNO COSTA,REVENDEDOR,PENDENTE
PED-04524,2024-03-04,MOUSE,,,0.0,SUDESTE,BRUNO COSTA,TELEVENDAS,PENDENTE
PED-82272,2022-09-26,TABLET,999999,11206.81,0.0,SUL,BRUNO COSTA,ONLINE,CANCELADO
PED-07449,2024-09-21,HEADSET,,3991.57,0.298,SUL,BRUNO COSTA,LOJA FÍSICA,CONCLUÍDO
PED-05791,2023-10-20,TABLET,,,1.0,CENTRO-OESTE,CARLA MENDES,LOJA FÍSICA,CONCLUÍDO
PED-03126,2022-03-25,HD EXTERNO,346,8636.6,0.26,NORTE,ELENA SOUZA,ONLINE,PENDENTE
PED-09480,2022-06-15,MONITOR,,12662.99,0.46,SUL,ELENA SOUZA,LOJA FÍSICA,CANCELADO
PED-07903,,HEADSET,999999,,0.442,SUL,ANA SILVA,REVENDEDOR,EM ANÁLISE
PED-04186,2024-04-02,NOTEBOOK,39,,0.46399999999999997,SUDESTE,CARLA MENDES,ONLINE,CONCLUÍDO
PED-05674,2023-12-16,TABLET,260,,0.261,CENTRO-OESTE,CARLA MENDES,LOJA FÍSICA,CONCLUÍDO
PED-06829,2022-05-15,HD EXTERNO,,,0.418,SUL,BRUNO COSTA,ONLINE,PENDENTE
PED-04598,2023-01-21,NOTEBOOK,,10360.56,0.475,NORTE,ANA SILVA,LOJA FÍSICA,CANCELADO
PED-05383,2023-05-27,MOUSE,35,940.51,0.0,SUL,CARLA MENDES,LOJA FÍSICA,CONCLUÍDO
PED-08114,2023-03-10,MOUSE,262,,1.0,SUL,ANA SILVA,LOJA FÍSICA,EM ANÁLISE
PED-06501,2023-05-14,HEADSET,,8359.71,0.07400000000000001,NORTE,CARLA MENDES,LOJA FÍSICA,CANCELADO
PED-79085,2022-03-04,TECLADO,,,0.0,NORTE,ELENA SOUZA,REVENDEDOR,CONCLUÍDO
PED-09605,,HEADSET,277,726.94,0.48,NORTE,ELENA SOUZA,TELEVENDAS,PENDENTE
PED-06684,2024-12-23,TECLADO,,4920.93,0.0,NORTE,ELENA SOUZA,TELEVENDAS,EM ANÁLISE
PED-07615,2022-11-08,NOTEBOOK,387,3575.0,1.0,SUL,DIEGO LIMA,TELEVENDAS,CONCLUÍDO
PED-01672,2023-01-16,HEADSET,,1082.91,1.0,SUDESTE,DIEGO LIMA,LOJA FÍSICA,CONCLUÍDO
PED-08706,2023-04-22,HD EXTERNO,29,1760.68,0.0,NORDESTE,DIEGO LIMA,ONLINE,PENDENTE
PED-07728,,HEADSET,57,2617.19,0.0,SUL,CARLA MENDES,ONLINE,CANCELADO
PED-09079,2022-10-11,NOTEBOOK,,,0.0,NORTE,DIEGO LIMA,LOJA FÍSICA,CONCLUÍDO
PED-02053,2023-11-02,MOUSE,,,0.092,NORTE,ANA SILVA,ONLINE,EM ANÁLISE
PED-08719,2023-01-26,HD EXTERNO,,,0.0,CENTRO-OESTE,ELENA SOUZA,ONLINE,CONCLUÍDO
PED-05857,2024-09-28,TECLADO,138,13960.45,0.0,NORTE,ANA SILVA,LOJA FÍSICA,PENDENTE
PED-02692,2022-08-19,HD EXTERNO,358,,0.0,SUL,DIEGO LIMA,REVENDEDOR,PENDENTE
PED-01638,2022-07-07,IMPRESSORA,130,,0.273,CENTRO-OESTE,CARLA MENDES,TELEVENDAS,CONCLUÍDO
PED-00464,2022-09-02,HEADSET,999999,,0.0,NORDESTE,ANA SILVA,LOJA FÍSICA,CONCLUÍDO
PED-09982,2024-03-01,IMPRESSORA,450,,1.0,CENTRO-OESTE,BRUNO COSTA,ONLINE,CONCLUÍDO
PED-01191,2022-05-21,HD EXTERNO,999999,,0.498,SUL,CARLA MENDES,REVENDEDOR,CANCELADO
PED-03121,2023-06-13,MONITOR,345,3708.54,0.0,SUL,CARLA MENDES,ONLINE,CONCLUÍDO
PED-09341,2023-09-02,SMARTPHONE,,8493.48,0.257,CENTRO-OESTE,BRUNO COSTA,TELEVENDAS,PENDENTE
PED-07110,2023-09-07,TECLADO,241,9991.64,0.41,SUDESTE,ANA SILVA,REVENDEDOR,CONCLUÍDO
PED-04283,2024-12-11,TECLADO,999999,13531.9,1.0,CENTRO-OESTE,DIEGO LIMA,LOJA FÍSICA,PENDENTE
PED-05313,2022-04-07,NOTEBOOK,467,2335.56,1.0,SUDESTE,DIEGO LIMA,ONLINE,CONCLUÍDO
PED-08673,2023-07-12,WEBCAM,,,0.0,NORTE,CARLA MENDES,ONLINE,CONCLUÍDO
PED-02343,2022-09-11,WEBCAM,349,4875.86,0.024,SUDESTE,CARLA MENDES,REVENDEDOR,PENDENTE
PED-01621,2022-06-14,WEBCAM,170,2164.77,0.473,NORTE,ANA SILVA,TELEVENDAS,EM ANÁLISE
PED-03420,2024-02-15,SMARTPHONE,491,660.21,0.0,NORDESTE,ELENA SOUZA,LOJA FÍSICA,CANCELADO
PED-04675,,MOUSE,,2000.53,0.408,SUL,ANA SILVA,ONLINE,CONCLUÍDO
PED-04775,2024-03-19,MONITOR,,7274.0,0.366,SUDESTE,BRUNO COSTA,LOJA FÍSICA,EM ANÁLISE
PED-08012,2024-06-06,HD EXTERNO,,,0.136,SUDESTE,BRUNO COSTA,TELEVENDAS,EM ANÁLISE
PED-05176,2024-06-03,MOUSE,348,,0.068,SUDESTE,CARLA MENDES,ONLINE,CONCLUÍDO
PED-07327,2024-02-21,NOTEBOOK,,,0.0,SUDESTE,DIEGO LIMA,LOJA FÍSICA,CANCELADO
PED-00946,2024-05-06,TABLET,182,,0.433,CENTRO-OESTE,BRUNO COSTA,LOJA FÍSICA,CONCLUÍDO
PED-02641,,HD EXTERNO,,11089.0,0.0,NORTE,DIEGO LIMA,TELEVENDAS,CONCLUÍDO
PED-04445,2022-05-04,NOTEBOOK,480,,1.0,SUL,ANA SILVA,ONLINE,CONCLUÍDO
PED-07671,,MONITOR,,9156.52,1.0,CENTRO-OESTE,ANA SILVA,REVENDEDOR,CONCLUÍDO
PED-01457,,HD EXTERNO,,12965.5,0.276,NORDESTE,CARLA MENDES,REVENDEDOR,PENDENTE
PED-01087,2024-10-07,TABLET,46,,1.0,SUDESTE,BRUNO COSTA,TELEVENDAS,PENDENTE
PED-08286,2022-05-28,TECLADO,,,0.0,NORTE,CARLA MENDES,ONLINE,PENDENTE
PED-08312,2023-06-05,HEADSET,,,0.09,CENTRO-OESTE,DIEGO LIMA,LOJA FÍSICA,CANCELADO
PED-05895,2022-03-27,TABLET,999999,8742.19,0.0,SUDESTE,CARLA MENDES,LOJA FÍSICA,CONCLUÍDO
PED-07017,2022-08-10,NOTEBOOK,999999,,0.0,NORDESTE,ANA SILVA,LOJA FÍSICA,PENDENTE
PED-01781,,IMPRESSORA,1,,0.0,SUL,BRUNO COSTA,ONLINE,EM ANÁLISE
PED-04090,2024-05-23,SMARTPHONE,,2837.45,0.41,SUDESTE,CARLA MENDES,REVENDEDOR,CANCELADO
PED-02572,,TECLADO,278,13681.92,0.2,SUL,CARLA MENDES,REVENDEDOR,PENDENTE
PED-04488,2024-07-13,HD EXTERNO,,,0.214,NORTE,DIEGO LIMA,ONLINE,CONCLUÍDO
PED-08619,2024-05-18,IMPRESSORA,,,0.276,SUDESTE,ANA SILVA,ONLINE,PENDENTE
PED-04197,,TECLADO,,,0.0,NORTE,ANA SILVA,ONLINE,EM ANÁLISE
PED-08083,2022-10-04,HEADSET,153,2518.55,0.0,CENTRO-OESTE,NAN,TELEVENDAS,PENDENTE
PED-03382,2024-07-15,HEADSET,404,,0.285,CENTRO-OESTE,ELENA SOUZA,REVENDEDOR,PENDENTE
PED-08683,2024-02-14,NOTEBOOK,158,,0.0,SUDESTE,CARLA MENDES,LOJA FÍSICA,CANCELADO
PED-01093,2023-12-21,TECLADO,,,0.0,NORTE,ANA SILVA,ONLINE,PENDENTE
PED-03710,2022-06-07,NOTEBOOK,85,,0.178,NORTE,ANA SILVA,REVENDEDOR,PENDENTE
PED-02410,2024-02-18,NOTEBOOK,,4379.22,0.0,SUL,ELENA SOUZA,REVENDEDOR,CANCELADO
PED-02470,2022-02-07,MONITOR,,6685.56,0.0,NORTE,ELENA SOUZA,REVENDEDOR,CONCLUÍDO
PED-03260,2024-06-05,TABLET,,1172.88,0.16,CENTRO-OESTE,ANA SILVA,TELEVENDAS,PENDENTE
PED-02242,,HEADSET,,5799.0,0.0,NORDESTE,BRUNO COSTA,REVENDEDOR,CANCELADO
PED-06134,2022-04-10,TECLADO,494,11313.42,0.038,NORTE,ELENA SOUZA,TELEVENDAS,PENDENTE
PED-06634,2024-05-23,MOUSE,351,,0.274,SUL,ELENA SOUZA,LOJA FÍSICA,CANCELADO
PED-04587,2024-03-05,NOTEBOOK,999999,5195.0,0.19,NORTE,ANA SILVA,TELEVENDAS,CONCLUÍDO
PED-03152,,HEADSET,387,3014.25,0.34,SUL,BRUNO COSTA,TELEVENDAS,EM ANÁLISE
PED-04130,2022-11-08,IMPRESSORA,289,190.98,0.0,NORDESTE,CARLA MENDES,LOJA FÍSICA,PENDENTE
PED-09167,2022-03-11,IMPRESSORA,182,,0.067,SUL,ANA SILVA,REVENDEDOR,CONCLUÍDO
PED-04966,,MONITOR,,14466.53,0.0,NORTE,DIEGO LIMA,ONLINE,CONCLUÍDO
PED-04920,2023-08-26,IMPRESSORA,37,1809.0,0.021,SUDESTE,BRUNO COSTA,TELEVENDAS,PENDENTE
PED-03174,2023-08-13,MONITOR,23,7801.07,0.193,CENTRO-OESTE,ANA SILVA,LOJA FÍSICA,EM ANÁLISE
PED-00849,2023-03-20,NOTEBOOK,,11532.32,0.08,SUDESTE,ELENA SOUZA,LOJA FÍSICA,CANCELADO
PED-01052,2024-11-22,SMARTPHONE,103,,1.0,NORDESTE,ELENA SOUZA,TELEVENDAS,PENDENTE
PED-01423,,TECLADO,,789.92,0.0,NORTE,ANA SILVA,LOJA FÍSICA,PENDENTE
PED-04740,2024-07-16,TABLET,442,14098.91,0.0,SUDESTE,ELENA SOUZA,LOJA FÍSICA,PENDENTE
PED-62457,,HD EXTERNO,436,12619.0,0.24,NORTE,CARLA MENDES,TELEVENDAS,CANCELADO
PED-05177,2023-03-03,TABLET,,5090.12,0.0,SUL,CARLA MENDES,REVENDEDOR,PENDENTE
PED-06878,2023-11-11,HEADSET,312,,0.404,SUDESTE,ANA SILVA,TELEVENDAS,EM ANÁLISE
PED-04794,2023-12-02,MONITOR,21,11143.0,0.41600000000000004,NORDESTE,DIEGO LIMA,REVENDEDOR,CONCLUÍDO
PED-06424,2022-04-23,HD EXTERNO,,1815.44,0.47100000000000003,SUDESTE,ELENA SOUZA,LOJA FÍSICA,CONCLUÍDO
PED-07358,2023-02-01,MOUSE,232,,0.0,SUL,ELENA SOUZA,LOJA FÍSICA,CANCELADO
PED-07309,2024-08-05,TECLADO,46,14053.32,0.0,NORTE,ANA SILVA,TELEVENDAS,PENDENTE
PED-04345,2023-03-12,TECLADO,5,,0.2,NORDESTE,DIEGO LIMA,REVENDEDOR,CONCLUÍDO
PED-73824,2022-07-12,TABLET,999999,2773.69,0.33,NORTE,CARLA MENDES,ONLINE,EM ANÁLISE
PED-06062,,MOUSE,,14118.44,0.301,NORTE,BRUNO COSTA,LOJA FÍSICA,CONCLUÍDO
PED-01103,2024-11-07,TABLET,354,,0.0,SUL,ELENA SOUZA,LOJA FÍSICA,EM ANÁLISE
PED-07789,,IMPRESSORA,99,1060.74,0.0,NORDESTE,ANA SILVA,LOJA FÍSICA,CONCLUÍDO
PED-04828,2024-12-23,NOTEBOOK,,6944.49,0.0,NORTE,BRUNO COSTA,REVENDEDOR,EM ANÁLISE
PED-06714,2024-09-11,HD EXTERNO,999999,,1.0,CENTRO-OESTE,BRUNO COSTA,LOJA FÍSICA,CONCLUÍDO
PED-65199,2022-09-22,HEADSET,,,0.285,SUL,ANA SILVA,TELEVENDAS,CONCLUÍDO
PED-01010,,TABLET,113,4522.2,0.314,SUL,DIEGO LIMA,LOJA FÍSICA,EM ANÁLISE
PED-04824,2024-04-13,MOUSE,,11597.0,0.0,SUL,CARLA MENDES,LOJA FÍSICA,PENDENTE
PED-00381,,MONITOR,161,5366.69,0.0,NORDESTE,ELENA SOUZA,ONLINE,PENDENTE
PED-05772,,HEADSET,,4239.56,0.06,SUL,ELENA SOUZA,TELEVENDAS,EM ANÁLISE
PED-00883,2022-08-24,MOUSE,342,,0.0,NORTE,ELENA SOUZA,LOJA FÍSICA,CANCELADO
PED-05853,2023-03-21,HD EXTERNO,321,2536.99,0.46,NORDESTE,ELENA SOUZA,ONLINE,CANCELADO
PED-05417,2023-08-25,MONITOR,295,,0.181,SUDESTE,CARLA MENDES,LOJA FÍSICA,CONCLUÍDO
PED-03745,2022-09-20,MOUSE,,,0.35,SUDESTE,BRUNO COSTA,TELEVENDAS,PENDENTE
PED-01767,2023-08-10,HD EXTERNO,,9186.28,0.425,SUDESTE,CARLA MENDES,ONLINE,PENDENTE
PED-05825,2022-12-14,TABLET,999999,9692.59,0.423,SUDESTE,ELENA SOUZA,ONLINE,PENDENTE
PED-08867,2024-03-22,MOUSE,999999,5710.86,0.2,NORTE,CARLA MENDES,TELEVENDAS,CANCELADO
PED-01537,2024-04-11,MOUSE,,3767.22,0.0,NORTE,ELENA SOUZA,ONLINE,CONCLUÍDO
PED-09756,2023-12-15,TABLET,69,10411.72,0.0,CENTRO-OESTE,ANA SILVA,LOJA FÍSICA,PENDENTE
PED-07765,,HD EXTERNO,,,0.0,NORTE,DIEGO LIMA,LOJA FÍSICA,CONCLUÍDO
PED-02084,,HEADSET,,3466.04,0.445,CENTRO-OESTE,BRUNO COSTA,LOJA FÍSICA,EM ANÁLISE
PED-07040,,MONITOR,999999,,0.388,SUDESTE,BRUNO COSTA,TELEVENDAS,CONCLUÍDO
PED-08558,2024-05-19,HEADSET,,,0.384,CENTRO-OESTE,DIEGO LIMA,LOJA FÍSICA,PENDENTE
PED-73822,2024-10-20,NOTEBOOK,275,675.94,0.0,NORDESTE,BRUNO COSTA,REVENDEDOR,CONCLUÍDO
PED-09707,2023-04-26,TABLET,,14755.31,0.5,NORTE,CARLA MENDES,TELEVENDAS,PENDENTE
PED-06482,,WEBCAM,,12259.24,0.0,CENTRO-OESTE,DIEGO LIMA,ONLINE,CONCLUÍDO
PED-06759,2024-05-07,HEADSET,74,,0.431,NORDESTE,BRUNO COSTA,ONLINE,CONCLUÍDO
PED-07909,2022-09-01,WEBCAM,388,13051.5,0.0,SUDESTE,DIEGO LIMA,TELEVENDAS,PENDENTE
PED-03063,2024-06-03,TECLADO,385,,0.0,NORTE,BRUNO COSTA,TELEVENDAS,CANCELADO
PED-04277,2023-09-09,MOUSE,,,0.0,CENTRO-OESTE,DIEGO LIMA,LOJA FÍSICA,EM ANÁLISE
PED-47715,2023-12-06,HD EXTERNO,438,5429.0,0.0,SUDESTE,BRUNO COSTA,TELEVENDAS,EM ANÁLISE
PED-02392,2023-10-11,WEBCAM,,7185.32,0.0,SUDESTE,ANA SILVA,TELEVENDAS,CONCLUÍDO
PED-02910,2022-04-27,WEBCAM,,,0.222,SUL,DIEGO LIMA,REVENDEDOR,EM ANÁLISE
PED-02797,2024-01-24,TECLADO,342,478.94,0.102,NORDESTE,BRUNO COSTA,TELEVENDAS,PENDENTE
PED-00018,2024-02-12,MONITOR,,7269.73,0.0,NORDESTE,ANA SILVA,LOJA FÍSICA,CONCLUÍDO
PED-08425,2022-10-14,TECLADO,,358.46,0.40399999999999997,SUL,ANA SILVA,ONLINE,PENDENTE
PED-00799,2024-12-12,NOTEBOOK,,,0.0,CENTRO-OESTE,ELENA SOUZA,TELEVENDAS,CONCLUÍDO
PED-00935,2024-12-04,MOUSE,,12833.27,0.28,SUL,ANA SILVA,ONLINE,CANCELADO
PED-03708,2024-07-16,MONITOR,,861.95,0.0,NORTE,ELENA SOUZA,REVENDEDOR,CONCLUÍDO
PED-05172,2023-02-22,NAN,395,,0.0,SUL,ELENA SOUZA,REVENDEDOR,CANCELADO
PED-05688,2023-04-13,MONITOR,129,227.18,0.42,SUL,CARLA MENDES,LOJA FÍSICA,PENDENTE
PED-08279,2024-10-01,HD EXTERNO,189,,0.234,NORTE,DIEGO LIMA,ONLINE,PENDENTE
PED-07259,2024-09-01,IMPRESSORA,,,0.467,SUDESTE,ELENA SOUZA,ONLINE,CONCLUÍDO
PED-04589,2023-04-16,TABLET,,,0.0,SUDESTE,ELENA SOUZA,REVENDEDOR,CANCELADO
PED-02720,2022-04-09,TABLET,,13298.03,0.204,NORTE,ANA SILVA,ONLINE,EM ANÁLISE
PED-07798,,HD EXTERNO,,11604.84,0.424,NORTE,DIEGO LIMA,LOJA FÍSICA,EM ANÁLISE
PED-01827,2023-01-23,HD EXTERNO,245,,0.0,NORDESTE,ELENA SOUZA,ONLINE,CONCLUÍDO
PED-09406,,HD EXTERNO,128,,0.0,NORTE,CARLA MENDES,LOJA FÍSICA,CONCLUÍDO
PED-02977,2022-03-17,HD EXTERNO,,7241.83,0.0,SUDESTE,DIEGO LIMA,REVENDEDOR,CONCLUÍDO
PED-02793,,MONITOR,455,5047.0,0.051,SUDESTE,DIEGO LIMA,TELEVENDAS,PENDENTE
PED-03738,2024-11-24,WEBCAM,,,0.0,NORTE,DIEGO LIMA,LOJA FÍSICA,CONCLUÍDO
PED-08741,2022-06-28,SMARTPHONE,196,8728.91,0.48200000000000004,NORTE,DIEGO LIMA,LOJA FÍSICA,EM ANÁLISE
PED-04607,2024-08-24,MONITOR,999999,6410.0,1.0,SUL,ELENA SOUZA,LOJA FÍSICA,CANCELADO
PED-04165,2022-02-03,HD EXTERNO,,14643.4,0.0,SUDESTE,CARLA MENDES,REVENDEDOR,CONCLUÍDO
PED-07038,2023-12-11,TECLADO,402,1223.87,0.35,NORTE,DIEGO LIMA,REVENDEDOR,CONCLUÍDO
PED-05072,,SMARTPHONE,,13582.51,0.0,SUDESTE,ANA SILVA,REVENDEDOR,PENDENTE
PED-08214,2022-02-03,MONITOR,,11054.88,0.0,NORDESTE,DIEGO LIMA,LOJA FÍSICA,CONCLUÍDO
PED-07648,2024-08-04,MONITOR,110,8939.49,0.0,CENTRO-OESTE,DIEGO LIMA,LOJA FÍSICA,CONCLUÍDO
PED-00002,,MONITOR,,,0.0,SUDESTE,ANA SILVA,ONLINE,CANCELADO
PED-08532,,SMARTPHONE,430,,0.0,SUDESTE,ELENA SOUZA,LOJA FÍSICA,CONCLUÍDO
PED-08732,2024-06-26,HEADSET,,,0.256,NORTE,DIEGO LIMA,LOJA FÍSICA,CANCELADO
PED-00294,2023-11-27,WEBCAM,,,0.309,NORTE,DIEGO LIMA,ONLINE,CONCLUÍDO
PED-03378,,HD EXTERNO,234,1384.38,0.028999999999999998,NORTE,CARLA MENDES,REVENDEDOR,CANCELADO
PED-05386,2022-09-26,IMPRESSORA,500,4573.82,0.115,CENTRO-OESTE,ELENA SOUZA,REVENDEDOR,CONCLUÍDO
PED-00841,2022-12-14,NOTEBOOK,,,0.0,NORTE,ELENA SOUZA,REVENDEDOR,EM ANÁLISE
PED-00146,2024-06-23,TECLADO,999999,,1.0,SUDESTE,DIEGO LIMA,ONLINE,PENDENTE
PED-07269,2024-01-02,TABLET,999999,8258.4,0.0,NORTE,ELENA SOUZA,LOJA FÍSICA,CANCELADO
PED-00973,2022-09-05,NOTEBOOK,999999,,0.163,NORTE,ANA SILVA,LOJA FÍSICA,PENDENTE
PED-08206,2022-12-09,MONITOR,224,,1.0,SUDESTE,DIEGO LIMA,ONLINE,CONCLUÍDO
PED-03663,2024-02-15,HEADSET,,,0.45299999999999996,SUL,CARLA MENDES,ONLINE,CONCLUÍDO
PED-04084,,MOUSE,,,0.39799999999999996,CENTRO-OESTE,ANA SILVA,ONLINE,CONCLUÍDO
PED-00779,,MOUSE,,4974.0,0.15,SUL,ANA SILVA,ONLINE,EM ANÁLISE
PED-03671,2023-09-15,HEADSET,394,,0.0,NORDESTE,ELENA SOUZA,LOJA FÍSICA,CANCELADO
PED-04695,2022-02-10,TECLADO,,3255.0,0.0,SUL,ANA SILVA,REVENDEDOR,CONCLUÍDO
PED-03639,2024-10-16,IMPRESSORA,118,12669.0,0.498,SUL,DIEGO LIMA,LOJA FÍSICA,CONCLUÍDO
PED-06901,2022-11-05,NOTEBOOK,,,0.392,SUL,CARLA MENDES,ONLINE,CONCLUÍDO
PED-08938,2023-04-21,TABLET,999999,6104.0,0.321,CENTRO-OESTE,CARLA MENDES,TELEVENDAS,CONCLUÍDO
PED-01926,2024-08-09,TABLET,,,0.03,NORDESTE,ANA SILVA,TELEVENDAS,PENDENTE
PED-08120,2024-04-10,HD EXTERNO,414,3882.0,1.0,NORTE,CARLA MENDES,REVENDEDOR,CONCLUÍDO
PED-03102,,TABLET,,2349.18,0.0,SUDESTE,CARLA MENDES,ONLINE,PENDENTE
PED-04510,2023-02-28,NOTEBOOK,,12570.6,0.492,NORTE,ELENA SOUZA,REVENDEDOR,CONCLUÍDO
PED-09925,,IMPRESSORA,,,0.0,NORDESTE,ELENA SOUZA,REVENDEDOR,PENDENTE
PED-04153,2022-02-01,TABLET,150,4414.01,0.454,CENTRO-OESTE,ELENA SOUZA,LOJA FÍSICA,CANCELADO
PED-00413,2022-04-04,TABLET,999999,14784.53,0.435,NORTE,ANA SILVA,TELEVENDAS,EM ANÁLISE
PED-02279,,TABLET,,,0.471,NORTE,DIEGO LIMA,ONLINE,CONCLUÍDO
PED-02711,2024-05-05,SMARTPHONE,,,0.483,NORDESTE,DIEGO LIMA,TELEVENDAS,CONCLUÍDO
PED-09304,2024-08-25,HD EXTERNO,,6649.2,0.044000000000000004,NORTE,DIEGO LIMA,ONLINE,PENDENTE
PED-09897,2024-11-05,MOUSE,,,0.123,NORTE,ANA SILVA,LOJA FÍSICA,PENDENTE
PED-09567,,HD EXTERNO,,9758.0,0.0,NORDESTE,BRUNO COSTA,REVENDEDOR,CANCELADO
PED-06532,,HEADSET,,10800.87,0.139,NORTE,ANA SILVA,ONLINE,CANCELADO
PED-01355,,MOUSE,,2450.18,0.35,SUL,ELENA SOUZA,REVENDEDOR,EM ANÁLISE
PED-07045,,NOTEBOOK,312,,0.084,NORTE,BRUNO COSTA,REVENDEDOR,CANCELADO
PED-03845,,TECLADO,448,,0.11,SUDESTE,BRUNO COSTA,LOJA FÍSICA,EM ANÁLISE
PED-04142,,HEADSET,75,,1.0,NORDESTE,CARLA MENDES,ONLINE,CANCELADO
PED-01286,,HD EXTERNO,320,,0.0,SUL,CARLA MENDES,REVENDEDOR,CANCELADO
PED-00096,2023-08-22,SMARTPHONE,999999,4036.68,0.0,NORDESTE,DIEGO LIMA,ONLINE,PENDENTE
PED-06432,,WEBCAM,417,3112.48,0.441,NORTE,BRUNO COSTA,LOJA FÍSICA,CANCELADO
PED-05021,2022-09-19,HEADSET,118,5281.0,0.0,NORTE,CARLA MENDES,ONLINE,CONCLUÍDO
PED-08482,2024-08-21,NOTEBOOK,376,1168.25,0.485,NORTE,ANA SILVA,LOJA FÍSICA,CONCLUÍDO
PED-07880,,SMARTPHONE,472,14363.06,0.0,NORTE,BRUNO COSTA,ONLINE,CANCELADO
PED-03153,2022-01-09,MONITOR,153,12160.68,0.0,SUDESTE,ANA SILVA,ONLINE,CONCLUÍDO
PED-02833,2022-10-09,IMPRESSORA,,11264.0,0.072,SUDESTE,DIEGO LIMA,LOJA FÍSICA,CONCLUÍDO
PED-03948,,NOTEBOOK,,14305.78,1.0,CENTRO-OESTE,BRUNO COSTA,ONLINE,EM ANÁLISE
PED-66128,,HEADSET,108,,0.0,NORDESTE,CARLA MENDES,LOJA FÍSICA,CONCLUÍDO
PED-09263,2024-09-04,SMARTPHONE,491,1729.76,0.011000000000000001,NORTE,ELENA SOUZA,LOJA FÍSICA,PENDENTE
PED-06641,2024-09-22,WEBCAM,273,,0.0,SUDESTE,DIEGO LIMA,TELEVENDAS,CONCLUÍDO
PED-05939,,HD EXTERNO,,11021.31,0.055,NORDESTE,ELENA SOUZA,TELEVENDAS,CANCELADO
PED-05327,2023-12-22,MOUSE,999999,,0.25,NORTE,CARLA MENDES,ONLINE,PENDENTE
PED-04253,2022-11-21,TABLET,180,189.36,0.281,SUL,ANA SILVA,ONLINE,PENDENTE
PED-02772,2023-08-26,TABLET,8,6991.45,0.19,SUDESTE,ANA SILVA,REVENDEDOR,PENDENTE
PED-01835,2024-06-20,MOUSE,,,0.0,NORDESTE,ANA SILVA,LOJA FÍSICA,CANCELADO
PED-07247,,SMARTPHONE,87,,0.12,NORTE,BRUNO COSTA,LOJA FÍSICA,CANCELADO
PED-06314,,TECLADO,999999,,0.0,SUL,ANA SILVA,LOJA FÍSICA,EM ANÁLISE
PED-04300,2024-03-02,MOUSE,398,12369.94,0.26,NORTE,ANA SILVA,REVENDEDOR,EM ANÁLISE
PED-05714,2023-05-20,HEADSET,351,,0.35100000000000003,NORTE,DIEGO LIMA,LOJA FÍSICA,CONCLUÍDO
PED-38770,,NOTEBOOK,,5834.0,0.323,NORTE,ELENA SOUZA,LOJA FÍSICA,CONCLUÍDO
PED-09641,2022-11-19,TECLADO,150,9743.34,0.332,NORDESTE,BRUNO COSTA,TELEVENDAS,PENDENTE
PED-06588,2023-01-14,WEBCAM,208,7851.2,0.0,CENTRO-OESTE,ELENA SOUZA,TELEVENDAS,CANCELADO
PED-06259,,HEADSET,,,0.22,SUL,ELENA SOUZA,LOJA FÍSICA,PENDENTE
PED-03611,2023-01-05,SMARTPHONE,,,0.0,NORDESTE,ANA SILVA,LOJA FÍSICA,CANCELADO
PED-07281,2024-08-21,IMPRESSORA,367,,0.21600000000000003,NORTE,ELENA SOUZA,TELEVENDAS,PENDENTE
PED-00926,,NOTEBOOK,,,1.0,NORTE,CARLA MENDES,LOJA FÍSICA,CANCELADO
PED-07454,2024-05-06,MONITOR,394,2181.33,0.485,SUDESTE,DIEGO LIMA,ONLINE,CONCLUÍDO
PED-03958,2024-06-12,TECLADO,999999,9511.41,0.161,SUDESTE,CARLA MENDES,LOJA FÍSICA,PENDENTE
PED-06111,2024-06-25,IMPRESSORA,,1821.45,0.374,NORTE,ELENA SOUZA,TELEVENDAS,CONCLUÍDO
PED-00237,2024-06-09,TECLADO,29,6973.95,0.374,NORTE,BRUNO COSTA,ONLINE,CONCLUÍDO
PED-07277,,SMARTPHONE,32,,0.35,SUDESTE,BRUNO COSTA,ONLINE,CANCELADO
PED-02938,,TECLADO,,,0.48,SUDESTE,BRUNO COSTA,TELEVENDAS,CONCLUÍDO
PED-07914,,TECLADO,301,8495.2,0.0,SUL,CARLA MENDES,LOJA FÍSICA,PENDENTE
PED-06800,2024-09-26,TECLADO,999999,8911.0,0.0,CENTRO-OESTE,DIEGO LIMA,LOJA FÍSICA,CONCLUÍDO
PED-01485,2022-11-23,HEADSET,,,0.312,SUDESTE,DIEGO LIMA,TELEVENDAS,CONCLUÍDO
PED-05885,2022-01-24,SMARTPHONE,137,,0.0,CENTRO-OESTE,ANA SILVA,TELEVENDAS,CONCLUÍDO
PED-04661,2023-03-22,HEADSET,65,4831.57,0.0,SUDESTE,BRUNO COSTA,TELEVENDAS,CONCLUÍDO
PED-64401,2023-01-25,WEBCAM,68,9496.25,0.109,NORTE,DIEGO LIMA,TELEVENDAS,CONCLUÍDO
PED-04840,2023-08-25,SMARTPHONE,466,10306.06,1.0,SUDESTE,ELENA SOUZA,REVENDEDOR,EM ANÁLISE
PED-03409,,WEBCAM,218,,0.217,SUDESTE,ELENA SOUZA,LOJA FÍSICA,PENDENTE
PED-00850,2022-12-15,TECLADO,,359.41,0.29,NORTE,DIEGO LIMA,LOJA FÍSICA,CANCELADO
PED-08162,2024-08-18,WEBCAM,203,,0.2,SUDESTE,CARLA MENDES,TELEVENDAS,EM ANÁLISE
PED-00481,2023-02-01,WEBCAM,999999,,0.0,NORTE,CARLA MENDES,LOJA FÍSICA,CANCELADO
PED-07101,,IMPRESSORA,346,13084.52,0.0,NORTE,DIEGO LIMA,TELEVENDAS,CANCELADO
PED-00927,2022-09-14,WEBCAM,257,,0.066,SUDESTE,ELENA SOUZA,LOJA FÍSICA,PENDENTE
PED-09607,2023-03-14,HD EXTERNO,999999,1466.58,0.23199999999999998,NORTE,ELENA SOUZA,LOJA FÍSICA,CONCLUÍDO
PED-03455,,SMARTPHONE,275,8395.41,0.0,SUL,CARLA MENDES,ONLINE,CANCELADO
PED-07702,2022-12-09,TABLET,,11642.0,0.0,SUL,ANA SILVA,TELEVENDAS,CANCELADO
PED-03160,2024-07-16,MONITOR,304,,0.001,NORDESTE,ELENA SOUZA,REVENDEDOR,CONCLUÍDO
PED-02227,,MONITOR,386,14488.09,0.428,CENTRO-OESTE,ANA SILVA,REVENDEDOR,PENDENTE
PED-08570,2023-08-25,WEBCAM,,,0.3,NORDESTE,ELENA SOUZA,LOJA FÍSICA,CONCLUÍDO
PED-03279,2022-04-06,HD EXTERNO,,,0.159,NORTE,ELENA SOUZA,TELEVENDAS,EM ANÁLISE
PED-06953,2023-01-23,IMPRESSORA,,,0.24600000000000002,SUL,BRUNO COSTA,TELEVENDAS,EM ANÁLISE
PED-08027,2024-05-08,MOUSE,255,5811.3,0.0,NORTE,CARLA MENDES,LOJA FÍSICA,CANCELADO
PED-01499,2023-04-05,MOUSE,,,0.0,NORTE,ANA SILVA,TELEVENDAS,CONCLUÍDO
PED-09847,,WEBCAM,258,14099.44,0.07200000000000001,SUDESTE,ELENA SOUZA,TELEVENDAS,PENDENTE
PED-03053,,WEBCAM,225,,0.0,CENTRO-OESTE,ANA SILVA,REVENDEDOR,CANCELADO
PED-00762,2024-05-20,TECLADO,73,,0.031,SUL,DIEGO LIMA,REVENDEDOR,PENDENTE
PED-02198,2022-11-25,HD EXTERNO,77,,0.49,SUDESTE,BRUNO COSTA,LOJA FÍSICA,PENDENTE
PED-05094,2023-04-17,MOUSE,,12042.8,0.479,NORTE,ELENA SOUZA,LOJA FÍSICA,CANCELADO
PED-09488,2023-08-20,TECLADO,121,,0.01,NORTE,ELENA SOUZA,TELEVENDAS,CANCELADO
PED-09028,2024-09-19,WEBCAM,493,,0.45,SUL,ELENA SOUZA,ONLINE,CANCELADO
PED-02693,2022-05-13,TECLADO,288,7700.0,0.0,NORTE,ELENA SOUZA,ONLINE,CONCLUÍDO
PED-08011,2022-05-15,TABLET,999999,,0.258,NORTE,DIEGO LIMA,LOJA FÍSICA,CONCLUÍDO
PED-09835,2023-04-09,TECLADO,237,,0.28,NORDESTE,ELENA SOUZA,LOJA FÍSICA,EM ANÁLISE
PED-00080,2024-02-04,WEBCAM,,,0.348,NORDESTE,BRUNO COSTA,REVENDEDOR,CONCLUÍDO
PED-00376,2024-07-25,MOUSE,,,0.0,SUL,BRUNO COSTA,ONLINE,CANCELADO
PED-00779,2022-08-03,WEBCAM,217,488.64,0.43,NORDESTE,ELENA SOUZA,REVENDEDOR,CANCELADO
PED-09841,,TABLET,,10573.69,0.445,NORDESTE,DIEGO LIMA,REVENDEDOR,CONCLUÍDO
PED-03490,2023-02-17,NOTEBOOK,,,0.433,NORTE,ANA SILVA,LOJA FÍSICA,CONCLUÍDO
PED-08165,2022-08-12,WEBCAM,116,11213.49,0.0,NORTE,CARLA MENDES,ONLINE,CANCELADO
PED-06308,2022-08-02,HD EXTERNO,,,0.45899999999999996,NORDESTE,ELENA SOUZA,TELEVENDAS,EM ANÁLISE
PED-02381,,MOUSE,999999,2958.55,0.0,SUDESTE,DIEGO LIMA,REVENDEDOR,CONCLUÍDO
PED-07424,2023-04-24,TECLADO,268,5373.32,0.09,SUL,ANA SILVA,LOJA FÍSICA,CANCELADO
PED-01432,,IMPRESSORA,492,,1.0,CENTRO-OESTE,DIEGO LIMA,REVENDEDOR,CANCELADO
PED-66362,,TABLET,224,7619.53,0.279,SUL,ELENA SOUZA,TELEVENDAS,CANCELADO
PED-08894,2022-07-05,MONITOR,46,,0.44,CENTRO-OESTE,DIEGO LIMA,TELEVENDAS,PENDENTE
PED-03804,2022-11-22,NAN,167,1185.0,0.0,NORTE,ELENA SOUZA,TELEVENDAS,PENDENTE
PED-07009,2022-02-03,MONITOR,19,3559.48,0.019,NORTE,BRUNO COSTA,ONLINE,CANCELADO
PED-02426,2023-02-21,HD EXTERNO,,,0.0,SUDESTE,DIEGO LIMA,LOJA FÍSICA,CONCLUÍDO
PED-06250,2022-10-27,IMPRESSORA,,12370.1,0.136,NORDESTE,ANA SILVA,ONLINE,CONCLUÍDO
PED-01894,,IMPRESSORA,166,6188.48,0.0,SUL,ELENA SOUZA,REVENDEDOR,PENDENTE
PED-05279,2022-08-04,HEADSET,,,0.0,SUL,ELENA SOUZA,LOJA FÍSICA,CANCELADO
PED-76764,2024-07-21,TABLET,35,11619.88,0.128,SUL,ANA SILVA,LOJA FÍSICA,PENDENTE
PED-05840,2022-01-26,NOTEBOOK,150,,0.312,SUL,ELENA SOUZA,TELEVENDAS,CONCLUÍDO
PED-05856,2023-06-03,TECLADO,,,0.0,NORDESTE,ANA SILVA,ONLINE,CONCLUÍDO
PED-04192,2024-05-09,IMPRESSORA,,9771.0,0.0,SUDESTE,DIEGO LIMA,TELEVENDAS,EM ANÁLISE
PED-08622,,HEADSET,,,0.32,NORTE,NAN,LOJA FÍSICA,CANCELADO
PED-01222,2024-04-24,NOTEBOOK,999999,,0.106,NORTE,ANA SILVA,LOJA FÍSICA,PENDENTE
PED-78791,2022-09-09,TABLET,300,5921.55,0.087,NORDESTE,ELENA SOUZA,ONLINE,CANCELADO
PED-07836,2023-04-07,TECLADO,492,,0.28,NORTE,BRUNO COSTA,ONLINE,CANCELADO
PED-00905,2023-02-22,NOTEBOOK,,,0.187,SUL,DIEGO LIMA,REVENDEDOR,EM ANÁLISE
PED-00730,2024-10-19,TABLET,34,13471.3,0.225,CENTRO-OESTE,BRUNO COSTA,REVENDEDOR,EM ANÁLISE
PED-00105,2023-05-24,HEADSET,999999,1855.58,0.0,SUL,ELENA SOUZA,ONLINE,PENDENTE
PED-00023,,TABLET,164,8099.1,0.2,NORTE,BRUNO COSTA,LOJA FÍSICA,CANCELADO
PED-01922,2023-06-11,HD EXTERNO,208,7294.62,0.151,SUDESTE,DIEGO LIMA,LOJA FÍSICA,PENDENTE
PED-97588,2023-06-18,WEBCAM,248,5085.46,0.3320000000000001,NORDESTE,ELENA SOUZA,ONLINE,EM ANÁLISE
PED-09295,2023-09-05,HD EXTERNO,,5350.28,0.3,SUDESTE,ELENA SOUZA,TELEVENDAS,CONCLUÍDO
PED-01702,2023-01-18,IMPRESSORA,241,,0.0,CENTRO-OESTE,BRUNO COSTA,LOJA FÍSICA,CONCLUÍDO
PED-06336,2023-10-19,HD EXTERNO,,1810.15,0.37200000000000005,NORTE,BRUNO COSTA,LOJA FÍSICA,EM ANÁLISE
PED-23944,2022-03-26,MONITOR,,11082.82,0.34299999999999997,CENTRO-OESTE,BRUNO COSTA,ONLINE,PENDENTE
PED-00323,,IMPRESSORA,999999,14385.58,0.251,CENTRO-OESTE,ANA SILVA,LOJA FÍSICA,PENDENTE
PED-01314,2023-10-08,HEADSET,358,,0.015,NORTE,ELENA SOUZA,REVENDEDOR,PENDENTE
PED-08333,2024-01-23,TECLADO,383,4930.24,0.394,CENTRO-OESTE,ELENA SOUZA,TELEVENDAS,CONCLUÍDO
PED-03357,2024-12-21,TECLADO,243,782.5,1.0,NORTE,ELENA SOUZA,ONLINE,CANCELADO
PED-02933,,SMARTPHONE,452,,0.0,NORTE,ANA SILVA,LOJA FÍSICA,PENDENTE
PED-01653,,MOUSE,35,13790.31,0.0,SUDESTE,ANA SILVA,LOJA FÍSICA,PENDENTE
PED-04286,,IMPRESSORA,224,273.01,0.0,NORTE,ANA SILVA,LOJA FÍSICA,CANCELADO
PED-06316,2024-11-17,HEADSET,,1783.0,0.032,CENTRO-OESTE,ELENA SOUZA,TELEVENDAS,CONCLUÍDO
PED-06994,,TABLET,,7202.55,0.191,NORTE,BRUNO COSTA,ONLINE,CONCLUÍDO
PED-09348,2022-06-09,TABLET,482,,0.0,CENTRO-OESTE,DIEGO LIMA,TELEVENDAS,CANCELADO
PED-08858,2022-06-06,HEADSET,237,8080.87,0.0,SUDESTE,BRUNO COSTA,REVENDEDOR,PENDENTE
PED-04078,,NOTEBOOK,127,,0.046,SUDESTE,ANA SILVA,REVENDEDOR,PENDENTE
PED-65031,2023-08-09,NOTEBOOK,,1612.64,0.4,SUL,DIEGO LIMA,ONLINE,CANCELADO
PED-06809,2023-10-13,HEADSET,,1708.63,0.453,NORDESTE,CARLA MENDES,LOJA FÍSICA,CONCLUÍDO
PED-05562,2024-04-02,IMPRESSORA,47,8808.54,0.5,SUL,CARLA MENDES,REVENDEDOR,PENDENTE
PED-68836,2023-05-26,WEBCAM,300,,1.0,SUL,BRUNO COSTA,TELEVENDAS,PENDENTE
PED-08528,,HEADSET,209,6866.85,0.36,CENTRO-OESTE,ANA SILVA,TELEVENDAS,CANCELADO
PED-08359,,IMPRESSORA,,,0.462,SUL,ELENA SOUZA,LOJA FÍSICA,CANCELADO
PED-00860,,MONITOR,452,,0.04,SUDESTE,CARLA MENDES,TELEVENDAS,CONCLUÍDO
PED-03432,,HD EXTERNO,117,13765.9,0.0,CENTRO-OESTE,CARLA MENDES,ONLINE,CONCLUÍDO
PED-57186,2023-06-26,TABLET,432,6539.71,1.0,NORTE,ANA SILVA,LOJA FÍSICA,PENDENTE
PED-09034,2023-08-19,IMPRESSORA,,,0.24100000000000002,SUL,BRUNO COSTA,TELEVENDAS,EM ANÁLISE
PED-08496,2024-06-21,WEBCAM,496,,0.08,SUL,CARLA MENDES,LOJA FÍSICA,EM ANÁLISE
PED-02212,2024-07-01,MONITOR,,8385.14,1.0,NORDESTE,CARLA MENDES,TELEVENDAS,EM ANÁLISE
PED-05397,2022-03-04,TABLET,450,5302.0,0.158,NORTE,ANA SILVA,LOJA FÍSICA,EM ANÁLISE
PED-07253,2023-01-15,TECLADO,,10696.89,0.0,NORTE,BRUNO COSTA,TELEVENDAS,PENDENTE
PED-08021,2023-05-26,IMPRESSORA,,,0.407,NORTE,DIEGO LIMA,ONLINE,CONCLUÍDO
PED-09781,,MONITOR,291,,0.0,CENTRO-OESTE,BRUNO COSTA,ONLINE,CANCELADO
PED-06515,,WEBCAM,,,0.182,SUDESTE,BRUNO COSTA,REVENDEDOR,PENDENTE
PED-08754,2022-10-27,HEADSET,126,14297.01,1.0,NORDESTE,CARLA MENDES,LOJA FÍSICA,CONCLUÍDO
PED-06393,2022-03-27,NOTEBOOK,330,,0.47,SUDESTE,DIEGO LIMA,REVENDEDOR,PENDENTE
PED-09139,2023-01-15,NOTEBOOK,999999,8544.64,0.0,SUL,ELENA SOUZA,ONLINE,CANCELADO
PED-08957,2022-07-05,NOTEBOOK,347,4988.96,0.0,CENTRO-OESTE,ANA SILVA,LOJA FÍSICA,CONCLUÍDO
PED-02071,,TECLADO,,13261.3,0.0,NORDESTE,ELENA SOUZA,TELEVENDAS,EM ANÁLISE
PED-06576,,IMPRESSORA,285,,0.0,SUL,ANA SILVA,TELEVENDAS,CANCELADO
PED-01013,2022-04-05,IMPRESSORA,488,,0.298,CENTRO-OESTE,BRUNO COSTA,LOJA FÍSICA,PENDENTE
PED-08942,2022-11-27,NOTEBOOK,,,0.0,SUL,BRUNO COSTA,LOJA FÍSICA,CANCELADO
PED-03640,2024-11-23,SMARTPHONE,256,12078.23,0.17300000000000001,SUDESTE,ANA SILVA,LOJA FÍSICA,EM ANÁLISE
PED-07937,2023-04-22,HD EXTERNO,195,5083.54,0.0,SUDESTE,DIEGO LIMA,REVENDEDOR,CONCLUÍDO
PED-00949,2024-09-09,HD EXTERNO,471,,0.34,SUDESTE,ELENA SOUZA,REVENDEDOR,CONCLUÍDO
PED-00396,2022-08-18,WEBCAM,2,3881.77,0.0,NORTE,BRUNO COSTA,LOJA FÍSICA,EM ANÁLISE
PED-00162,2023-03-22,MOUSE,,3360.34,0.0,SUL,CARLA MENDES,LOJA FÍSICA,CANCELADO
PED-08075,,TECLADO,194,5749.68,0.0,SUL,DIEGO LIMA,TELEVENDAS,CONCLUÍDO
PED-05546,,MONITOR,999999,273.49,0.157,NORDESTE,ANA SILVA,TELEVENDAS,EM ANÁLISE
PED-00393,2024-05-11,IMPRESSORA,33,12592.91,0.483,SUL,DIEGO LIMA,TELEVENDAS,CONCLUÍDO
PED-06423,2024-12-24,MOUSE,,492.86,1.0,SUL,CARLA MENDES,LOJA FÍSICA,PENDENTE
PED-07529,,IMPRESSORA,467,5295.77,0.286,SUDESTE,BRUNO COSTA,REVENDEDOR,PENDENTE
PED-06590,2024-09-04,WEBCAM,,2598.94,0.0,NORTE,ELENA SOUZA,ONLINE,PENDENTE
PED-07864,2023-07-12,NOTEBOOK,178,7924.81,0.0,SUL,CARLA MENDES,LOJA FÍSICA,EM ANÁLISE
PED-02096,2023-12-28,TECLADO,999999,3081.31,0.136,SUL,CARLA MENDES,ONLINE,EM ANÁLISE
PED-68756,2024-12-28,HEADSET,35,,0.01,CENTRO-OESTE,CARLA MENDES,LOJA FÍSICA,CANCELADO
PED-06615,,IMPRESSORA,193,,0.217,SUL,BRUNO COSTA,ONLINE,CANCELADO
PED-05687,2022-03-28,IMPRESSORA,,,0.49,CENTRO-OESTE,CARLA MENDES,TELEVENDAS,EM ANÁLISE
PED-17965,2024-05-01,MONITOR,104,,0.0,SUDESTE,ELENA SOUZA,TELEVENDAS,CONCLUÍDO
PED-03004,,MONITOR,,10964.14,0.493,NORDESTE,CARLA MENDES,LOJA FÍSICA,CONCLUÍDO
PED-06960,,TABLET,,1047.0,0.0,NORDESTE,BRUNO COSTA,REVENDEDOR,PENDENTE
PED-01385,2022-08-14,TABLET,,8905.72,0.0,NORTE,CARLA MENDES,ONLINE,PENDENTE
PED-01029,2024-01-25,IMPRESSORA,,,0.0,NORTE,CARLA MENDES,ONLINE,PENDENTE
PED-04831,,HEADSET,198,,0.172,NORTE,DIEGO LIMA,ONLINE,CONCLUÍDO
PED-05967,2023-12-11,MONITOR,58,3869.0,0.0,SUDESTE,CARLA MENDES,LOJA FÍSICA,EM ANÁLISE
PED-01731,,MOUSE,183,4151.26,0.0,CENTRO-OESTE,ELENA SOUZA,LOJA FÍSICA,CONCLUÍDO
PED-01075,2022-03-09,IMPRESSORA,344,11641.5,0.36,SUL,DIEGO LIMA,ONLINE,CANCELADO
PED-01838,2022-06-01,SMARTPHONE,284,,0.091,CENTRO-OESTE,BRUNO COSTA,TELEVENDAS,CANCELADO
PED-06295,2024-03-18,HEADSET,,,0.198,CENTRO-OESTE,ANA SILVA,LOJA FÍSICA,CONCLUÍDO
PED-06722,2022-01-16,HEADSET,,,0.272,SUL,CARLA MENDES,ONLINE,CONCLUÍDO
PED-05429,2024-11-11,NOTEBOOK,448,2259.64,0.373,SUL,CARLA MENDES,LOJA FÍSICA,CANCELADO
PED-01351,,MONITOR,492,,0.0,SUL,DIEGO LIMA,ONLINE,PENDENTE
PED-05534,,MONITOR,,,0.0,NORDESTE,BRUNO COSTA,REVENDEDOR,EM ANÁLISE
PED-02943,2023-08-26,WEBCAM,155,4653.83,0.315,NORTE,ANA SILVA,REVENDEDOR,CONCLUÍDO
PED-04016,2022-04-20,TECLADO,366,6219.68,0.0,SUL,BRUNO COSTA,REVENDEDOR,PENDENTE
PED-05458,2023-12-09,WEBCAM,,,0.073,NORDESTE,BRUNO COSTA,LOJA FÍSICA,CONCLUÍDO
PED-01097,2022-11-15,HEADSET,39,,0.19,NORDESTE,BRUNO COSTA,REVENDEDOR,CANCELADO
PED-05432,,MONITOR,174,13376.5,0.44799999999999995,NORDESTE,ELENA SOUZA,TELEVENDAS,PENDENTE
PED-05668,,HEADSET,146,8581.51,0.0,SUL,BRUNO COSTA,LOJA FÍSICA,EM ANÁLISE
PED-04764,2024-06-10,MOUSE,,9378.2,0.6,NORTE,DIEGO LIMA,LOJA FÍSICA,EM ANÁLISE
PED-06769,2023-02-02,NOTEBOOK,999999,5049.91,0.051,CENTRO-OESTE,DIEGO LIMA,TELEVENDAS,CONCLUÍDO
PED-09060,,NOTEBOOK,,5309.0,0.26,SUL,ELENA SOUZA,ONLINE,CANCELADO
PED-03735,2023-03-03,MOUSE,449,,0.324,SUDESTE,DIEGO LIMA,ONLINE,CANCELADO
PED-02383,2022-11-21,HD EXTERNO,,,0.0,SUDESTE,ELENA SOUZA,TELEVENDAS,CONCLUÍDO
PED-09631,2024-09-13,TABLET,,10488.95,0.0,CENTRO-OESTE,BRUNO COSTA,TELEVENDAS,CONCLUÍDO
PED-07366,2024-07-26,SMARTPHONE,347,1697.07,0.48,SUL,DIEGO LIMA,ONLINE,EM ANÁLISE
PED-42007,2022-08-03,WEBCAM,67,,0.35,SUDESTE,CARLA MENDES,REVENDEDOR,CONCLUÍDO
PED-01369,2023-08-08,MOUSE,,7417.94,0.0,NORDESTE,CARLA MENDES,REVENDEDOR,CONCLUÍDO
PED-88036,2022-06-06,MONITOR,418,13510.86,0.039,SUL,ANA SILVA,TELEVENDAS,EM ANÁLISE
PED-04823,2024-10-18,MOUSE,82,2838.0,0.242,SUL,ELENA SOUZA,REVENDEDOR,EM ANÁLISE
PED-04124,2022-09-15,MOUSE,80,10137.68,0.0,NORTE,ANA SILVA,REVENDEDOR,EM ANÁLISE
PED-08151,2022-11-26,MONITOR,,10556.66,0.0,SUL,ANA SILVA,ONLINE,PENDENTE
PED-09233,2023-01-16,NOTEBOOK,,,0.0,SUL,ELENA SOUZA,TELEVENDAS,PENDENTE
PED-01057,,NAN,320,,0.0,SUDESTE,BRUNO COSTA,TELEVENDAS,EM ANÁLISE
PED-02557,2022-02-05,IMPRESSORA,405,7374.76,0.0,NORDESTE,ELENA SOUZA,TELEVENDAS,CANCELADO
PED-07242,2023-09-04,MONITOR,,,0.0,CENTRO-OESTE,BRUNO COSTA,TELEVENDAS,CONCLUÍDO
PED-05779,2024-05-17,NOTEBOOK,233,1887.41,0.043,NORTE,BRUNO COSTA,REVENDEDOR,EM ANÁLISE
PED-02039,,TECLADO,9,,1.0,SUL,ELENA SOUZA,REVENDEDOR,EM ANÁLISE
PED-05134,2024-06-20,SMARTPHONE,,,0.0,SUL,CARLA MENDES,ONLINE,PENDENTE
PED-00034,,WEBCAM,20,,0.121,SUL,CARLA MENDES,LOJA FÍSICA,CONCLUÍDO
PED-00147,2024-01-01,HEADSET,,12421.0,1.0,SUL,CARLA MENDES,TELEVENDAS,CANCELADO
PED-01562,2022-08-05,HEADSET,999999,77.18,0.351,SUDESTE,DIEGO LIMA,LOJA FÍSICA,CONCLUÍDO
PED-07873,,SMARTPHONE,477,,0.0,CENTRO-OESTE,BRUNO COSTA,LOJA FÍSICA,CANCELADO
PED-02640,2022-03-25,TABLET,,10756.41,0.42200000000000004,NORTE,BRUNO COSTA,ONLINE,CONCLUÍDO
PED-07775,2024-10-28,MONITOR,,,0.287,NORTE,CARLA MENDES,ONLINE,CONCLUÍDO
PED-07250,2023-03-08,WEBCAM,401,8614.0,0.24600000000000002,SUDESTE,ELENA SOUZA,ONLINE,EM ANÁLISE
PED-07833,2024-12-11,NOTEBOOK,,8277.57,0.444,SUL,DIEGO LIMA,REVENDEDOR,CANCELADO
PED-04373,2023-01-05,MOUSE,,463.4,0.052000000000000005,NORDESTE,DIEGO LIMA,ONLINE,CONCLUÍDO
PED-00310,2022-02-27,HEADSET,,6170.98,0.275,NORDESTE,ANA SILVA,ONLINE,CONCLUÍDO
PED-09604,,TABLET,,,0.0,CENTRO-OESTE,BRUNO COSTA,REVENDEDOR,CANCELADO
PED-00583,2023-02-15,MONITOR,487,,0.0,NORTE,ANA SILVA,LOJA FÍSICA,CONCLUÍDO
PED-36358,2023-10-01,MONITOR,381,454.91,1.0,SUL,DIEGO LIMA,LOJA FÍSICA,CONCLUÍDO
PED-03515,,HD EXTERNO,,9143.69,0.311,SUL,BRUNO COSTA,TELEVENDAS,CANCELADO
PED-05638,,IMPRESSORA,470,,0.0,NORTE,ELENA SOUZA,LOJA FÍSICA,CONCLUÍDO
PED-06323,2022-10-10,MONITOR,330,,0.409,NORDESTE,ANA SILVA,REVENDEDOR,PENDENTE
PED-05190,2023-06-01,MONITOR,,,0.122,SUDESTE,BRUNO COSTA,ONLINE,CONCLUÍDO
PED-03047,2024-05-04,HEADSET,999999,5797.62,1.0,NORTE,DIEGO LIMA,TELEVENDAS,PENDENTE
PED-08051,,IMPRESSORA,,3552.28,0.0,SUDESTE,ELENA SOUZA,LOJA FÍSICA,PENDENTE
PED-01061,,MOUSE,71,8368.62,0.086,NORTE,DIEGO LIMA,TELEVENDAS,PENDENTE
PED-00722,,MONITOR,246,2935.0,0.0,SUDESTE,DIEGO LIMA,LOJA FÍSICA,PENDENTE
PED-09927,,HEADSET,496,12693.0,0.0,SUDESTE,ELENA SOUZA,LOJA FÍSICA,CONCLUÍDO
PED-01298,2023-01-19,MOUSE,,3568.39,0.271,CENTRO-OESTE,BRUNO COSTA,LOJA FÍSICA,PENDENTE
PED-08434,2024-02-10,HD EXTERNO,140,,0.409,NORTE,CARLA MENDES,LOJA FÍSICA,CANCELADO
PED-08569,,SMARTPHONE,4,1397.28,0.396,NORTE,BRUNO COSTA,ONLINE,PENDENTE
PED-01716,,MONITOR,,,0.40700000000000003,SUL,BRUNO COSTA,ONLINE,CONCLUÍDO
PED-08147,,SMARTPHONE,,,0.0,NORTE,ELENA SOUZA,ONLINE,CANCELADO
PED-03704,,MOUSE,154,1258.1,0.175,NORTE,CARLA MENDES,ONLINE,EM ANÁLISE
PED-00039,,HD EXTERNO,41,,0.0,NORTE,BRUNO COSTA,REVENDEDOR,CONCLUÍDO
PED-09417,2022-05-25,MONITOR,122,4312.48,0.0,NORTE,DIEGO LIMA,REVENDEDOR,CONCLUÍDO
PED-05198,2022-05-26,NOTEBOOK,,4396.29,0.22,NORTE,DIEGO LIMA,LOJA FÍSICA,EM ANÁLISE
PED-06803,2024-09-09,HEADSET,999999,11365.35,0.0,SUL,ANA SILVA,ONLINE,CANCELADO
PED-01449,2022-11-23,NOTEBOOK,454,9675.73,0.3,NORTE,ELENA SOUZA,ONLINE,CANCELADO
PED-09268,,MONITOR,,,0.077,NORTE,BRUNO COSTA,REVENDEDOR,EM ANÁLISE
PED-09750,2023-05-22,MONITOR,185,,0.126,SUL,ELENA SOUZA,ONLINE,EM ANÁLISE
PED-03995,2023-10-28,WEBCAM,366,13804.46,0.24,NORDESTE,CARLA MENDES,LOJA FÍSICA,PENDENTE
PED-00663,,SMARTPHONE,,6200.86,1.0,NORTE,ELENA SOUZA,ONLINE,CANCELADO
PED-01478,2024-07-15,HEADSET,166,,0.405,CENTRO-OESTE,BRUNO COSTA,LOJA FÍSICA,PENDENTE
PED-09866,,TABLET,999999,12398.05,0.0,SUL,ANA SILVA,TELEVENDAS,PENDENTE
PED-07498,2024-12-14,MONITOR,319,11504.01,0.0,NORTE,BRUNO COSTA,LOJA FÍSICA,EM ANÁLISE
PED-06979,2024-12-27,SMARTPHONE,131,,0.05,NORTE,CARLA MENDES,ONLINE,CANCELADO
PED-04665,2024-06-15,MONITOR,65,,0.0,CENTRO-OESTE,CARLA MENDES,ONLINE,CONCLUÍDO
PED-07861,2024-02-25,HD EXTERNO,,1386.97,0.0,NORTE,ELENA SOUZA,TELEVENDAS,CONCLUÍDO
PED-02808,,TABLET,444,7044.67,0.3,SUL,BRUNO COSTA,LOJA FÍSICA,EM ANÁLISE
PED-01641,,SMARTPHONE,133,7135.66,0.097,CENTRO-OESTE,DIEGO LIMA,TELEVENDAS,PENDENTE
PED-01126,,TECLADO,458,,0.215,SUL,BRUNO COSTA,ONLINE,PENDENTE
PED-09759,2024-04-21,HEADSET,,,0.0,NORDESTE,ELENA SOUZA,TELEVENDAS,CONCLUÍDO
PED-00443,2023-09-20,SMARTPHONE,378,,0.0,CENTRO-OESTE,ANA SILVA,LOJA FÍSICA,CANCELADO
PED-03385,2022-08-16,WEBCAM,,,0.0,SUDESTE,DIEGO LIMA,REVENDEDOR,CONCLUÍDO
PED-07569,2022-03-09,NOTEBOOK,,3134.26,0.484,NORTE,CARLA MENDES,TELEVENDAS,CONCLUÍDO
PED-06211,2022-02-14,IMPRESSORA,271,3286.0,0.29100000000000004,SUL,ELENA SOUZA,TELEVENDAS,CONCLUÍDO
PED-03127,2023-11-22,TABLET,999999,,0.0,SUL,ANA SILVA,TELEVENDAS,CANCELADO
PED-08207,2024-03-09,HEADSET,56,4036.1,0.316,SUDESTE,CARLA MENDES,LOJA FÍSICA,CONCLUÍDO
PED-08817,2023-09-01,MOUSE,109,13729.0,0.0,CENTRO-OESTE,ANA SILVA,ONLINE,CANCELADO
PED-06367,2023-01-10,HEADSET,,,0.0,NORTE,ELENA SOUZA,LOJA FÍSICA,CONCLUÍDO
PED-08860,2023-11-19,IMPRESSORA,110,,0.299,NORTE,ANA SILVA,LOJA FÍSICA,CONCLUÍDO
PED-00584,,NOTEBOOK,,,0.0,CENTRO-OESTE,BRUNO COSTA,LOJA FÍSICA,CONCLUÍDO
PED-05085,2023-06-13,MONITOR,51,,0.0,SUL,ELENA SOUZA,ONLINE,CANCELADO
PED-04754,2022-07-23,IMPRESSORA,,11625.74,0.331,NORDESTE,DIEGO LIMA,LOJA FÍSICA,PENDENTE
PED-08013,2022-01-27,SMARTPHONE,462,6112.78,0.46399999999999997,NORDESTE,BRUNO COSTA,LOJA FÍSICA,CONCLUÍDO
PED-06369,,WEBCAM,56,,0.0,NORTE,BRUNO COSTA,REVENDEDOR,EM ANÁLISE
PED-06748,,MONITOR,,,0.46,CENTRO-OESTE,DIEGO LIMA,TELEVENDAS,PENDENTE
PED-03855,,TECLADO,336,10675.34,0.196,NORDESTE,DIEGO LIMA,ONLINE,PENDENTE
PED-09803,2023-03-03,WEBCAM,,13398.14,0.257,SUDESTE,ANA SILVA,ONLINE,PENDENTE
PED-03800,,NOTEBOOK,72,9647.05,0.0,SUL,ELENA SOUZA,TELEVENDAS,EM ANÁLISE
PED-02409,,MONITOR,999999,,0.025,SUDESTE,BRUNO COSTA,TELEVENDAS,PENDENTE
PED-04797,2024-06-26,WEBCAM,,8503.07,0.34600000000000003,NORTE,ANA SILVA,REVENDEDOR,CONCLUÍDO
PED-02135,2022-06-08,TABLET,241,,0.293,SUL,ELENA SOUZA,REVENDEDOR,CONCLUÍDO
PED-09714,2024-05-06,TABLET,,,0.38,NORTE,ANA SILVA,LOJA FÍSICA,PENDENTE
PED-02715,2023-07-01,MOUSE,,2589.76,0.42,SUDESTE,ANA SILVA,TELEVENDAS,CONCLUÍDO
PED-03445,2024-09-26,TABLET,93,4599.19,0.099,SUL,CARLA MENDES,REVENDEDOR,CONCLUÍDO
PED-02516,,TABLET,488,439.36,0.48,NORTE,NAN,REVENDEDOR,CANCELADO
PED-01830,2022-07-21,SMARTPHONE,484,,0.289,SUDESTE,ELENA SOUZA,TELEVENDAS,CONCLUÍDO
PED-02911,2022-12-07,TECLADO,999999,,0.0,NORDESTE,BRUNO COSTA,LOJA FÍSICA,CANCELADO
PED-06112,2022-05-03,TECLADO,190,,0.0,SUL,ELENA SOUZA,LOJA FÍSICA,CANCELADO
PED-05652,2024-07-11,MONITOR,324,13347.26,0.163,SUL,ANA SILVA,REVENDEDOR,CANCELADO
PED-05362,2022-10-17,TABLET,379,,0.32299999999999995,NORTE,BRUNO COSTA,REVENDEDOR,EM ANÁLISE
PED-09365,2023-12-18,WEBCAM,999999,,0.368,SUDESTE,CARLA MENDES,ONLINE,PENDENTE
PED-06776,,IMPRESSORA,61,3151.28,0.404,NORTE,BRUNO COSTA,LOJA FÍSICA,CANCELADO
PED-04580,2024-08-27,MOUSE,,,0.377,SUL,CARLA MENDES,LOJA FÍSICA,CANCELADO
PED-05602,2024-08-26,TECLADO,300,348.69,0.187,SUL,ELENA SOUZA,ONLINE,EM ANÁLISE
PED-01049,,HEADSET,,8424.86,0.177,CENTRO-OESTE,ELENA SOUZA,TELEVENDAS,EM ANÁLISE
PED-03857,2023-07-04,WEBCAM,282,,0.0,NORTE,CARLA MENDES,ONLINE,CANCELADO
PED-06875,,WEBCAM,340,12012.0,0.0,SUDESTE,ELENA SOUZA,TELEVENDAS,EM ANÁLISE
PED-02407,2022-01-26,IMPRESSORA,,12276.0,0.039,SUL,BRUNO COSTA,LOJA FÍSICA,CONCLUÍDO
PED-07327,,TECLADO,,,1.0,NORDESTE,CARLA MENDES,REVENDEDOR,EM ANÁLISE
PED-24764,,HEADSET,292,11778.3,0.21600000000000003,NORDESTE,ELENA SOUZA,REVENDEDOR,PENDENTE
PED-08436,,TECLADO,454,11524.8,0.142,NORTE,BRUNO COSTA,ONLINE,CONCLUÍDO
PED-01393,,TABLET,106,,0.0,SUL,DIEGO LIMA,REVENDEDOR,EM ANÁLISE
PED-06868,2023-03-28,WEBCAM,,,1.0,SUL,ANA SILVA,LOJA FÍSICA,CANCELADO
PED-08052,,TABLET,422,,0.0,SUDESTE,ANA SILVA,LOJA FÍSICA,CANCELADO
PED-02937,2023-01-24,HD EXTERNO,,2764.5,0.0,NORTE,ELENA SOUZA,LOJA FÍSICA,CANCELADO
PED-05504,,HEADSET,,,0.396,SUL,BRUNO COSTA,REVENDEDOR,CANCELADO
PED-03898,,WEBCAM,310,8371.0,0.0,NORDESTE,DIEGO LIMA,TELEVENDAS,EM ANÁLISE
PED-05230,,WEBCAM,,4826.29,0.16,SUL,BRUNO COSTA,REVENDEDOR,PENDENTE
PED-04380,2024-10-08,HD EXTERNO,,5941.04,0.479,NORTE,CARLA MENDES,TELEVENDAS,PENDENTE
PED-08435,,MOUSE,483,,0.125,NORDESTE,ANA SILVA,ONLINE,EM ANÁLISE
PED-04715,2023-04-21,TECLADO,999999,,0.193,NORTE,ELENA SOUZA,LOJA FÍSICA,CONCLUÍDO
PED-08164,2023-02-24,SMARTPHONE,476,10511.0,0.21,SUL,CARLA MENDES,LOJA FÍSICA,CONCLUÍDO
PED-05690,2024-09-16,SMARTPHONE,83,11436.53,0.0,NORTE,ANA SILVA,ONLINE,PENDENTE
PED-04777,2023-04-23,TABLET,440,,0.1,SUL,CARLA MENDES,ONLINE,CANCELADO
PED-06282,2024-06-10,NOTEBOOK,,10298.15,0.0,NORDESTE,ELENA SOUZA,REVENDEDOR,CONCLUÍDO
PED-09257,2024-03-05,IMPRESSORA,,,0.0,NORTE,BRUNO COSTA,REVENDEDOR,PENDENTE
PED-03315,2024-04-19,MOUSE,,12211.92,0.322,SUDESTE,ELENA SOUZA,LOJA FÍSICA,EM ANÁLISE
PED-03429,2024-03-04,WEBCAM,,,0.5,SUDESTE,BRUNO COSTA,LOJA FÍSICA,PENDENTE
PED-02126,,NAN,,,0.479,CENTRO-OESTE,ELENA SOUZA,REVENDEDOR,EM ANÁLISE
PED-09212,2024-02-07,WEBCAM,326,,0.42,CENTRO-OESTE,CARLA MENDES,TELEVENDAS,PENDENTE
PED-08981,2024-12-01,NOTEBOOK,280,3426.0,0.0,SUL,CARLA MENDES,ONLINE,PENDENTE
PED-09586,2024-05-17,MOUSE,137,4056.57,0.364,SUL,CARLA MENDES,TELEVENDAS,CANCELADO
PED-00209,,HEADSET,105,11555.2,1.0,SUDESTE,ANA SILVA,TELEVENDAS,CANCELADO
PED-06467,2022-06-27,MOUSE,,,0.0,CENTRO-OESTE,DIEGO LIMA,ONLINE,CANCELADO
PED-02619,,MONITOR,,7048.05,0.425,SUDESTE,BRUNO COSTA,REVENDEDOR,CONCLUÍDO
PED-07118,2023-01-10,HEADSET,216,5927.19,0.0,CENTRO-OESTE,BRUNO COSTA,REVENDEDOR,EM ANÁLISE
PED-03311,2023-09-19,MONITOR,278,,0.252,SUL,ANA SILVA,TELEVENDAS,EM ANÁLISE
PED-06450,,TABLET,,5438.21,0.379,NORTE,BRUNO COSTA,ONLINE,PENDENTE
PED-00466,2024-12-10,HD EXTERNO,259,7220.23,0.36,SUL,DIEGO LIMA,LOJA FÍSICA,CONCLUÍDO
PED-44251,,HEADSET,288,,0.0,SUDESTE,BRUNO COSTA,REVENDEDOR,CONCLUÍDO
PED-07908,,MOUSE,,6694.0,0.004,SUDESTE,ANA SILVA,ONLINE,PENDENTE
PED-01229,,HD EXTERNO,269,972.68,0.0,CENTRO-OESTE,ELENA SOUZA,TELEVENDAS,CANCELADO
PED-01544,2023-07-28,TABLET,,,0.31,NORTE,BRUNO COSTA,TELEVENDAS,EM ANÁLISE
PED-02448,,HD EXTERNO,999999,3300.81,0.9,NORDESTE,ELENA SOUZA,REVENDEDOR,PENDENTE
PED-05337,,WEBCAM,,11669.64,0.0,NORDESTE,BRUNO COSTA,ONLINE,EM ANÁLISE
PED-08893,2024-12-11,NOTEBOOK,257,,0.445,NORTE,CARLA MENDES,ONLINE,CANCELADO
PED-09618,2024-07-10,IMPRESSORA,,3042.36,0.39899999999999997,SUL,ANA SILVA,REVENDEDOR,EM ANÁLISE
PED-09408,,HD EXTERNO,,,0.0,SUL,ELENA SOUZA,TELEVENDAS,EM ANÁLISE
PED-02664,2023-01-10,HD EXTERNO,292,,0.39,NORTE,BRUNO COSTA,LOJA FÍSICA,CANCELADO
PED-06385,,TABLET,92,12645.08,1.0,NORDESTE,BRUNO COSTA,TELEVENDAS,PENDENTE
PED-76562,,IMPRESSORA,,8754.7,0.0,SUDESTE,BRUNO COSTA,LOJA FÍSICA,CONCLUÍDO
PED-08626,,TECLADO,134,4877.74,1.0,NORTE,DIEGO LIMA,LOJA FÍSICA,CONCLUÍDO
PED-07616,2023-05-24,WEBCAM,82,,0.142,CENTRO-OESTE,ANA SILVA,LOJA FÍSICA,CONCLUÍDO
PED-01311,,IMPRESSORA,,5784.66,0.156,CENTRO-OESTE,ELENA SOUZA,ONLINE,CONCLUÍDO
PED-05889,,HD EXTERNO,,,0.0,NORDESTE,CARLA MENDES,LOJA FÍSICA,EM ANÁLISE
PED-07939,,TECLADO,272,,0.352,NORTE,ELENA SOUZA,ONLINE,CANCELADO
PED-02316,,NOTEBOOK,325,,0.26,SUDESTE,ANA SILVA,TELEVENDAS,CONCLUÍDO
PED-04990,,IMPRESSORA,196,,0.252,NORDESTE,DIEGO LIMA,REVENDEDOR,CANCELADO
PED-08129,2023-11-09,MONITOR,264,8641.09,0.353,NORTE,CARLA MENDES,LOJA FÍSICA,CONCLUÍDO
PED-06366,,WEBCAM,15,,0.0,NORTE,CARLA MENDES,ONLINE,PENDENTE
PED-04600,,HD EXTERNO,372,,0.318,NORDESTE,ELENA SOUZA,LOJA FÍSICA,CONCLUÍDO
PED-03066,2022-10-02,IMPRESSORA,299,3552.69,0.354,SUL,ANA SILVA,TELEVENDAS,PENDENTE
PED-06182,2022-02-09,NOTEBOOK,352,,0.305,SUL,DIEGO LIMA,ONLINE,CONCLUÍDO
PED-04191,,NOTEBOOK,242,8888.73,0.184,SUL,ANA SILVA,LOJA FÍSICA,EM ANÁLISE
PED-00061,2024-04-19,TABLET,451,9399.04,0.172,SUL,DIEGO LIMA,LOJA FÍSICA,CANCELADO
PED-08888,2022-03-01,IMPRESSORA,296,4116.07,0.26,CENTRO-OESTE,BRUNO COSTA,REVENDEDOR,CANCELADO
PED-04789,2022-09-09,TECLADO,,,1.0,NORDESTE,ANA SILVA,ONLINE,CONCLUÍDO
PED-03254,,MONITOR,,,0.0,NORTE,BRUNO COSTA,ONLINE,PENDENTE
PED-05109,,HEADSET,131,,0.07,CENTRO-OESTE,ELENA SOUZA,REVENDEDOR,EM ANÁLISE
PED-04266,2023-06-12,HD EXTERNO,999999,10267.23,0.321,NORDESTE,ELENA SOUZA,LOJA FÍSICA,CONCLUÍDO
PED-06129,2024-05-12,WEBCAM,476,,0.0,SUL,ELENA SOUZA,TELEVENDAS,PENDENTE
PED-02476,2024-07-04,WEBCAM,,7327.0,0.0,SUDESTE,ANA SILVA,LOJA FÍSICA,CONCLUÍDO
PED-03824,,IMPRESSORA,,5521.22,0.204,CENTRO-OESTE,DIEGO LIMA,REVENDEDOR,EM ANÁLISE
PED-01787,2024-08-09,SMARTPHONE,,323.26,0.0,NORTE,ANA SILVA,LOJA FÍSICA,PENDENTE
PED-02065,2023-12-17,NOTEBOOK,19,,0.017,NORTE,DIEGO LIMA,TELEVENDAS,CONCLUÍDO
PED-07248,2023-02-15,SMARTPHONE,,,0.32799999999999996,NORTE,BRUNO COSTA,REVENDEDOR,CANCELADO
PED-04056,,IMPRESSORA,,,0.0,SUL,BRUNO COSTA,LOJA FÍSICA,CANCELADO
PED-08578,2023-12-03,MONITOR,,8251.0,0.0,NORTE,CARLA MENDES,LOJA FÍSICA,PENDENTE
PED-03472,,HD EXTERNO,999999,,0.42,SUL,ELENA SOUZA,LOJA FÍSICA,EM ANÁLISE
PED-09545,2024-07-08,SMARTPHONE,418,,0.448,NORDESTE,ELENA SOUZA,LOJA FÍSICA,CANCELADO
PED-05266,2024-12-26,TABLET,,,0.047,CENTRO-OESTE,ELENA SOUZA,ONLINE,CONCLUÍDO
PED-06981,,TABLET,,911.62,0.424,CENTRO-OESTE,BRUNO COSTA,LOJA FÍSICA,EM ANÁLISE
PED-04984,2023-09-11,HEADSET,,14493.94,0.05,SUL,CARLA MENDES,REVENDEDOR,PENDENTE
PED-07257,2023-11-18,SMARTPHONE,387,,0.185,NORDESTE,ELENA SOUZA,LOJA FÍSICA,CONCLUÍDO
PED-01834,2023-11-13,HEADSET,,,0.096,CENTRO-OESTE,DIEGO LIMA,REVENDEDOR,EM ANÁLISE
PED-08631,2024-02-20,NOTEBOOK,,,0.0,NORTE,ANA SILVA,REVENDEDOR,CANCELADO
PED-04925,,TECLADO,,6939.1,0.0,SUDESTE,ANA SILVA,LOJA FÍSICA,EM ANÁLISE
PED-07962,,TABLET,,8699.08,0.0,SUDESTE,DIEGO LIMA,ONLINE,EM ANÁLISE
PED-06569,,TABLET,,3786.84,0.0,NORDESTE,DIEGO LIMA,LOJA FÍSICA,CONCLUÍDO
PED-01084,2023-12-06,TABLET,369,,0.45399999999999996,CENTRO-OESTE,ANA SILVA,REVENDEDOR,CONCLUÍDO
PED-03884,,MOUSE,140,,0.441,SUL,CARLA MENDES,ONLINE,CONCLUÍDO
PED-00073,,NOTEBOOK,400,8734.0,0.0,SUL,BRUNO COSTA,LOJA FÍSICA,EM ANÁLISE
PED-05865,2023-02-16,TABLET,428,,0.081,CENTRO-OESTE,ANA SILVA,LOJA FÍSICA,EM ANÁLISE
PED-07640,,MONITOR,999999,,0.059,CENTRO-OESTE,ELENA SOUZA,REVENDEDOR,EM ANÁLISE
PED-03355,2024-12-27,TABLET,,,0.3620000000000001,NORDESTE,ELENA SOUZA,TELEVENDAS,PENDENTE
PED-05338,2022-02-27,TABLET,494,,0.492,SUL,DIEGO LIMA,TELEVENDAS,CONCLUÍDO
PED-02205,,WEBCAM,167,10054.9,0.228,SUL,BRUNO COSTA,TELEVENDAS,CONCLUÍDO
PED-01694,2022-10-25,IMPRESSORA,,,0.192,NORTE,ELENA SOUZA,TELEVENDAS,EM ANÁLISE
PED-05552,2024-10-11,MONITOR,999999,,0.0,SUL,DIEGO LIMA,TELEVENDAS,CANCELADO
PED-01845,,HD EXTERNO,999999,4036.86,0.4,CENTRO-OESTE,CARLA MENDES,LOJA FÍSICA,EM ANÁLISE
PED-05304,2022-05-02,WEBCAM,,3428.91,0.37,SUL,DIEGO LIMA,TELEVENDAS,CONCLUÍDO
PED-01814,2023-11-03,TECLADO,387,10985.88,0.0,SUL,DIEGO LIMA,LOJA FÍSICA,CONCLUÍDO
PED-01756,2022-11-09,NAN,,,0.40700000000000003,CENTRO-OESTE,CARLA MENDES,TELEVENDAS,EM ANÁLISE
PED-08370,2024-07-06,HD EXTERNO,98,11077.0,0.027999999999999997,CENTRO-OESTE,BRUNO COSTA,ONLINE,EM ANÁLISE
PED-02431,2024-05-14,HEADSET,,9489.37,0.0,SUL,ELENA SOUZA,TELEVENDAS,CANCELADO
PED-06135,,MOUSE,,,0.461,SUL,DIEGO LIMA,ONLINE,PENDENTE
PED-03167,2023-07-14,TECLADO,,,0.124,SUL,BRUNO COSTA,ONLINE,CONCLUÍDO
PED-09093,2024-04-20,HEADSET,343,3519.0,0.0,NORDESTE,BRUNO COSTA,REVENDEDOR,PENDENTE
PED-02336,,HD EXTERNO,,2054.78,0.319,NORTE,BRUNO COSTA,TELEVENDAS,CONCLUÍDO
PED-06147,2022-05-07,HEADSET,999999,,0.336,SUL,DIEGO LIMA,REVENDEDOR,EM ANÁLISE
PED-73835,2023-03-11,TABLET,,3651.39,0.0,NORDESTE,CARLA MENDES,ONLINE,CANCELADO
PED-01340,2024-09-03,HEADSET,,,0.0,CENTRO-OESTE,ELENA SOUZA,TELEVENDAS,CONCLUÍDO
PED-02821,,MONITOR,413,,0.317,SUL,DIEGO LIMA,ONLINE,CONCLUÍDO
PED-02866,2023-06-28,WEBCAM,488,,0.0,NORDESTE,DIEGO LIMA,LOJA FÍSICA,CANCELADO
PED-04517,2024-05-03,TABLET,150,13228.91,0.215,NORTE,DIEGO LIMA,ONLINE,CONCLUÍDO
PED-07879,2022-01-05,IMPRESSORA,,,0.277,SUL,DIEGO LIMA,TELEVENDAS,CONCLUÍDO
PED-08025,2024-05-07,TABLET,,3853.86,0.024,NORTE,DIEGO LIMA,TELEVENDAS,EM ANÁLISE
PED-01455,2022-08-09,HD EXTERNO,,,0.0,NORTE,ELENA SOUZA,TELEVENDAS,CANCELADO
PED-03655,2022-12-20,TECLADO,,3954.54,1.0,SUDESTE,BRUNO COSTA,REVENDEDOR,CANCELADO
PED-05852,,WEBCAM,,8699.51,0.055,SUL,ELENA SOUZA,REVENDEDOR,CONCLUÍDO
PED-07924,2022-10-21,IMPRESSORA,,,1.0,NORTE,BRUNO COSTA,REVENDEDOR,CONCLUÍDO
PED-08237,2024-08-01,IMPRESSORA,411,,0.12,CENTRO-OESTE,BRUNO COSTA,LOJA FÍSICA,CONCLUÍDO
PED-01982,2023-05-01,IMPRESSORA,,9596.99,0.191,NORDESTE,CARLA MENDES,ONLINE,EM ANÁLISE
PED-00251,2022-02-01,SMARTPHONE,63,2839.52,0.0,SUDESTE,BRUNO COSTA,LOJA FÍSICA,CONCLUÍDO
PED-07862,2022-08-16,NOTEBOOK,248,1880.1,0.451,NORDESTE,ELENA SOUZA,LOJA FÍSICA,CONCLUÍDO
PED-01015,2024-09-06,SMARTPHONE,197,,0.0,NORDESTE,ANA SILVA,TELEVENDAS,EM ANÁLISE
PED-05206,2024-06-23,TECLADO,50,,0.235,SUL,ANA SILVA,ONLINE,EM ANÁLISE
PED-01374,2022-08-16,TECLADO,445,4032.44,0.337,NORDESTE,ELENA SOUZA,LOJA FÍSICA,CONCLUÍDO
PED-04138,2023-07-12,HD EXTERNO,481,,0.316,NORTE,CARLA MENDES,ONLINE,CONCLUÍDO
PED-03803,2023-08-13,MOUSE,,,0.187,SUL,ANA SILVA,ONLINE,PENDENTE
PED-08041,2023-03-15,TECLADO,999999,9987.14,0.202,NORTE,BRUNO COSTA,LOJA FÍSICA,EM ANÁLISE
PED-09494,2023-04-11,MOUSE,,8847.59,0.035,SUL,BRUNO COSTA,ONLINE,EM ANÁLISE
PED-01632,2023-09-04,TABLET,999999,,1.0,CENTRO-OESTE,ELENA SOUZA,ONLINE,EM ANÁLISE
PED-06545,,WEBCAM,,,0.478,NORTE,BRUNO COSTA,ONLINE,PENDENTE
PED-06088,2023-07-04,IMPRESSORA,214,465.86,0.0,NORDESTE,BRUNO COSTA,TELEVENDAS,CANCELADO
PED-06557,2024-04-19,MONITOR,,,0.02,SUL,DIEGO LIMA,LOJA FÍSICA,PENDENTE
PED-00271,2024-12-28,HEADSET,,,0.23399999999999999,SUL,CARLA MENDES,TELEVENDAS,CONCLUÍDO
PED-02044,,TABLET,,,0.0,SUL,CARLA MENDES,ONLINE,CANCELADO
PED-08902,2024-01-27,TECLADO,89,6479.09,0.465,NORDESTE,BRUNO COSTA,TELEVENDAS,PENDENTE
PED-09075,2022-02-06,NOTEBOOK,455,4179.37,0.3,SUL,ANA SILVA,LOJA FÍSICA,CONCLUÍDO
PED-07786,2022-05-27,IMPRESSORA,301,4665.58,0.0,NORTE,DIEGO LIMA,TELEVENDAS,CANCELADO
PED-06008,2024-04-19,TABLET,,,0.24,NORDESTE,DIEGO LIMA,TELEVENDAS,CANCELADO
PED-05818,2023-03-16,MONITOR,,,0.0,CENTRO-OESTE,ANA SILVA,TELEVENDAS,PENDENTE
PED-09239,2024-09-20,NOTEBOOK,344,9746.33,0.0,NORTE,DIEGO LIMA,ONLINE,EM ANÁLISE
PED-08010,,IMPRESSORA,148,11980.5,0.0,CENTRO-OESTE,CARLA MENDES,LOJA FÍSICA,CANCELADO
PED-01112,2023-04-07,IMPRESSORA,223,,0.107,CENTRO-OESTE,DIEGO LIMA,REVENDEDOR,PENDENTE
PED-03305,2022-03-20,HD EXTERNO,411,8555.47,0.0,SUL,BRUNO COSTA,REVENDEDOR,PENDENTE
PED-04152,2022-04-15,MONITOR,,,0.217,CENTRO-OESTE,BRUNO COSTA,ONLINE,PENDENTE
PED-02549,2024-10-04,MOUSE,264,10388.0,0.0,NORTE,DIEGO LIMA,ONLINE,PENDENTE
PED-00538,2023-06-20,MOUSE,,12886.75,0.0,NORTE,ELENA SOUZA,ONLINE,CONCLUÍDO
PED-09579,2024-12-26,HEADSET,337,880.58,0.06,NORDESTE,DIEGO LIMA,ONLINE,EM ANÁLISE
PED-07758,2023-08-22,TABLET,,,0.0,NORDESTE,CARLA MENDES,LOJA FÍSICA,CONCLUÍDO
PED-05984,,HD EXTERNO,203,,0.43799999999999994,NORTE,DIEGO LIMA,REVENDEDOR,EM ANÁLISE
PED-03064,2023-11-06,NOTEBOOK,391,8684.26,0.45,NORTE,ELENA SOUZA,TELEVENDAS,PENDENTE
PED-04232,2022-12-13,TABLET,273,5806.23,0.096,NORDESTE,CARLA MENDES,TELEVENDAS,PENDENTE
PED-03969,2024-02-02,TECLADO,254,13382.62,0.4,CENTRO-OESTE,ANA SILVA,REVENDEDOR,CANCELADO
PED-09735,2024-05-27,SMARTPHONE,,14958.17,0.4,SUL,ELENA SOUZA,LOJA FÍSICA,PENDENTE
PED-07209,2022-07-09,TABLET,,12191.5,0.08,SUL,ANA SILVA,TELEVENDAS,CONCLUÍDO
PED-03619,2023-05-10,MONITOR,,,0.0,SUL,DIEGO LIMA,ONLINE,CANCELADO
PED-01540,2022-03-24,HEADSET,268,,0.5,NORTE,DIEGO LIMA,LOJA FÍSICA,CONCLUÍDO
PED-06503,2023-10-03,TABLET,,6775.1,0.011000000000000001,NORDESTE,DIEGO LIMA,LOJA FÍSICA,EM ANÁLISE
PED-05289,2022-03-23,WEBCAM,110,,0.47100000000000003,SUL,ANA SILVA,ONLINE,CONCLUÍDO
PED-07426,2024-01-15,TECLADO,,,0.0,NORTE,BRUNO COSTA,REVENDEDOR,CONCLUÍDO
PED-03415,,TECLADO,,629.24,0.022000000000000002,SUL,ELENA SOUZA,TELEVENDAS,CONCLUÍDO
PED-02208,,MONITOR,,,0.0,SUDESTE,CARLA MENDES,ONLINE,CONCLUÍDO
PED-02629,,WEBCAM,,,0.272,SUDESTE,DIEGO LIMA,ONLINE,EM ANÁLISE
PED-08806,,SMARTPHONE,,,0.237,SUDESTE,ANA SILVA,REVENDEDOR,CONCLUÍDO
PED-07021,2022-01-20,WEBCAM,244,421.0,0.336,SUDESTE,CARLA MENDES,LOJA FÍSICA,EM ANÁLISE
PED-01101,2022-09-25,IMPRESSORA,332,8877.68,0.7,SUL,BRUNO COSTA,ONLINE,CANCELADO
PED-01868,2022-01-01,HEADSET,25,,1.0,NORDESTE,DIEGO LIMA,TELEVENDAS,CONCLUÍDO
PED-00805,,SMARTPHONE,,3220.7,0.0,SUDESTE,BRUNO COSTA,LOJA FÍSICA,EM ANÁLISE
PED-07341,2022-11-05,HEADSET,,7151.16,0.433,NORDESTE,ELENA SOUZA,REVENDEDOR,PENDENTE
PED-04028,,IMPRESSORA,999999,,0.0,SUL,ELENA SOUZA,ONLINE,PENDENTE
PED-07001,2024-08-15,SMARTPHONE,391,,0.043,NORDESTE,BRUNO COSTA,LOJA FÍSICA,CANCELADO
PED-07714,,HD EXTERNO,,,0.0,NORTE,BRUNO COSTA,ONLINE,PENDENTE
PED-02483,2023-02-16,MOUSE,,,0.306,NORTE,ELENA SOUZA,ONLINE,CANCELADO
PED-02768,,SMARTPHONE,225,10914.4,0.146,NORDESTE,BRUNO COSTA,LOJA FÍSICA,PENDENTE
PED-22518,2024-01-08,SMARTPHONE,487,,0.0,NORTE,CARLA MENDES,TELEVENDAS,CANCELADO
PED-06197,2023-07-21,TECLADO,111,5405.13,0.0,SUL,CARLA MENDES,LOJA FÍSICA,CANCELADO
PED-05778,2022-03-23,TABLET,153,,0.3,SUL,BRUNO COSTA,LOJA FÍSICA,CANCELADO
PED-66128,,MOUSE,291,,0.0,CENTRO-OESTE,ELENA SOUZA,TELEVENDAS,CANCELADO
PED-00404,2024-05-27,MONITOR,,13801.0,0.0,NORDESTE,ELENA SOUZA,LOJA FÍSICA,EM ANÁLISE
PED-01947,,NOTEBOOK,,,0.32799999999999996,NORTE,DIEGO LIMA,ONLINE,EM ANÁLISE
PED-06445,2024-11-04,TABLET,,,1.0,NORTE,BRUNO COSTA,TELEVENDAS,CONCLUÍDO
PED-02716,2023-06-16,SMARTPHONE,405,12797.08,0.0,NORTE,DIEGO LIMA,ONLINE,EM ANÁLISE
PED-03243,,TABLET,57,11936.96,0.0,SUL,BRUNO COSTA,LOJA FÍSICA,EM ANÁLISE
PED-09386,,IMPRESSORA,,9401.95,0.0,NORDESTE,ANA SILVA,TELEVENDAS,CONCLUÍDO
PED-03291,,MONITOR,421,4572.0,0.07200000000000001,NORDESTE,DIEGO LIMA,REVENDEDOR,CONCLUÍDO
PED-01922,2023-12-27,MONITOR,106,14003.02,0.21,SUL,BRUNO COSTA,REVENDEDOR,CANCELADO
PED-08883,2023-10-14,NOTEBOOK,418,9204.84,0.0,NORTE,ELENA SOUZA,TELEVENDAS,PENDENTE
PED-05065,2023-01-02,TABLET,999999,2695.45,0.121,SUL,ANA SILVA,LOJA FÍSICA,PENDENTE
PED-01179,2024-04-15,TABLET,455,,0.215,SUL,ANA SILVA,LOJA FÍSICA,PENDENTE
PED-03302,,MONITOR,383,1041.5,0.3970000000000001,SUDESTE,ANA SILVA,ONLINE,PENDENTE
PED-02257,2024-05-17,TECLADO,,12436.0,0.44,NORDESTE,CARLA MENDES,ONLINE,CONCLUÍDO
PED-01411,2024-03-03,MONITOR,372,14390.94,0.0,SUL,ELENA SOUZA,REVENDEDOR,CONCLUÍDO
PED-07807,2024-03-06,NOTEBOOK,,,0.0,SUL,BRUNO COSTA,ONLINE,CONCLUÍDO
PED-49470,2023-02-24,TECLADO,250,3916.29,0.107,SUDESTE,CARLA MENDES,TELEVENDAS,CONCLUÍDO
PED-04989,2023-06-16,MONITOR,,,0.0,SUDESTE,ELENA SOUZA,REVENDEDOR,CANCELADO
PED-04687,2024-06-27,TABLET,,9044.07,0.254,SUDESTE,ELENA SOUZA,ONLINE,CONCLUÍDO
PED-03978,2023-11-05,MONITOR,357,,1.0,SUL,DIEGO LIMA,ONLINE,PENDENTE
PED-05365,2023-07-14,TECLADO,,4750.69,0.254,SUDESTE,ANA SILVA,LOJA FÍSICA,PENDENTE
PED-09674,2023-02-10,SMARTPHONE,,6854.45,0.264,NORTE,BRUNO COSTA,ONLINE,EM ANÁLISE
PED-02164,2023-05-07,MOUSE,121,,0.322,SUDESTE,CARLA MENDES,ONLINE,CANCELADO
PED-03367,,NOTEBOOK,132,,0.0,SUL,ANA SILVA,ONLINE,EM ANÁLISE
PED-05769,2022-09-03,MONITOR,391,,0.065,NORDESTE,BRUNO COSTA,LOJA FÍSICA,CONCLUÍDO
PED-08782,2023-03-06,HEADSET,201,14682.13,0.0,NORTE,ANA SILVA,LOJA FÍSICA,CANCELADO
PED-02344,2024-03-04,NOTEBOOK,,,0.413,NORTE,ANA SILVA,REVENDEDOR,CONCLUÍDO
PED-09071,2024-04-12,NOTEBOOK,25,,0.049,CENTRO-OESTE,CARLA MENDES,LOJA FÍSICA,CONCLUÍDO
PED-04610,2023-11-07,HEADSET,170,3578.36,0.195,SUL,BRUNO COSTA,LOJA FÍSICA,PENDENTE
PED-06162,2022-03-20,IMPRESSORA,999999,,1.0,SUL,BRUNO COSTA,REVENDEDOR,CONCLUÍDO
PED-08355,2022-02-23,NAN,999999,,1.0,SUL,NAN,REVENDEDOR,CANCELADO
PED-04774,,SMARTPHONE,,,0.09,SUL,BRUNO COSTA,REVENDEDOR,CONCLUÍDO
PED-06671,,IMPRESSORA,107,11987.85,0.0,SUL,ELENA SOUZA,LOJA FÍSICA,CONCLUÍDO
PED-04642,2024-11-22,MONITOR,107,11628.54,0.04,NORTE,ANA SILVA,TELEVENDAS,EM ANÁLISE
PED-01215,2023-04-20,NAN,,,0.0,NORTE,NAN,LOJA FÍSICA,PENDENTE
PED-09023,2024-08-18,IMPRESSORA,360,7271.08,0.092,CENTRO-OESTE,CARLA MENDES,ONLINE,CONCLUÍDO
PED-03396,,MOUSE,999999,,1.0,SUL,BRUNO COSTA,ONLINE,PENDENTE
PED-09623,2023-08-22,MONITOR,,9333.53,0.0,NORTE,BRUNO COSTA,LOJA FÍSICA,PENDENTE
PED-05884,,MOUSE,,,0.0,SUDESTE,DIEGO LIMA,LOJA FÍSICA,CONCLUÍDO
PED-05761,,SMARTPHONE,,,0.0,SUL,DIEGO LIMA,REVENDEDOR,CONCLUÍDO
PED-07418,2023-07-13,NOTEBOOK,264,,0.115,SUDESTE,BRUNO COSTA,ONLINE,CONCLUÍDO
PED-05105,2023-12-18,TECLADO,281,11155.43,0.0,SUL,CARLA MENDES,TELEVENDAS,CONCLUÍDO
PED-08178,2023-11-27,SMARTPHONE,215,5368.29,0.23,NORTE,ANA SILVA,LOJA FÍSICA,EM ANÁLISE
PED-03754,2024-10-21,TECLADO,495,,0.107,NORDESTE,ELENA SOUZA,LOJA FÍSICA,CONCLUÍDO
PED-08557,,MONITOR,999999,11645.01,0.0,NORDESTE,ELENA SOUZA,LOJA FÍSICA,EM ANÁLISE
PED-02263,2022-11-24,TABLET,149,7612.48,0.0,NORDESTE,ANA SILVA,ONLINE,EM ANÁLISE
PED-02672,2024-01-17,SMARTPHONE,10,14624.06,0.0,SUL,CARLA MENDES,ONLINE,CONCLUÍDO
PED-57087,2023-10-06,NOTEBOOK,357,401.44,0.47,SUDESTE,BRUNO COSTA,LOJA FÍSICA,CONCLUÍDO
PED-03256,2024-07-06,WEBCAM,,,0.41,SUL,BRUNO COSTA,REVENDEDOR,PENDENTE
PED-09217,,HEADSET,,,1.0,SUL,ANA SILVA,TELEVENDAS,EM ANÁLISE
PED-03180,2024-03-07,SMARTPHONE,,12527.0,0.04,CENTRO-OESTE,BRUNO COSTA,TELEVENDAS,CONCLUÍDO
PED-06680,2023-08-24,HD EXTERNO,,3354.84,0.078,SUDESTE,CARLA MENDES,REVENDEDOR,CONCLUÍDO
PED-00549,2023-04-21,HEADSET,,4411.95,0.0,SUDESTE,CARLA MENDES,LOJA FÍSICA,EM ANÁLISE
PED-02620,2024-07-18,IMPRESSORA,117,,0.167,SUL,DIEGO LIMA,LOJA FÍSICA,EM ANÁLISE
PED-08540,2024-03-16,WEBCAM,156,994.75,0.0,CENTRO-OESTE,CARLA MENDES,LOJA FÍSICA,CONCLUÍDO
PED-04875,,SMARTPHONE,41,,0.19699999999999998,SUDESTE,ELENA SOUZA,TELEVENDAS,EM ANÁLISE
PED-01212,2022-04-25,HEADSET,,11330.13,0.0,SUL,CARLA MENDES,REVENDEDOR,CONCLUÍDO
PED-09725,,MONITOR,48,,0.0,NORTE,ELENA SOUZA,TELEVENDAS,CANCELADO
PED-09940,2023-07-04,TABLET,,6661.27,0.496,SUL,ANA SILVA,ONLINE,PENDENTE
PED-09730,2023-02-10,HEADSET,415,10854.25,0.447,SUDESTE,BRUNO COSTA,LOJA FÍSICA,EM ANÁLISE
PED-08874,2024-12-13,MONITOR,226,,0.0,CENTRO-OESTE,DIEGO LIMA,LOJA FÍSICA,PENDENTE
PED-09700,,HEADSET,132,,0.248,NORTE,BRUNO COSTA,ONLINE,PENDENTE
PED-03469,,HEADSET,282,8208.13,0.356,SUL,CARLA MENDES,ONLINE,PENDENTE
PED-06090,,NOTEBOOK,,1779.35,0.111,SUDESTE,ELENA SOUZA,LOJA FÍSICA,CANCELADO
PED-08385,2024-09-16,IMPRESSORA,999999,,0.40299999999999997,NORTE,DIEGO LIMA,REVENDEDOR,PENDENTE
PED-01579,2022-05-09,HEADSET,,,0.053,SUL,BRUNO COSTA,LOJA FÍSICA,CONCLUÍDO
PED-06582,2023-01-25,IMPRESSORA,,6575.58,0.0,NORTE,ELENA SOUZA,ONLINE,CONCLUÍDO
PED-07058,2024-11-22,TECLADO,183,,0.0,SUDESTE,ANA SILVA,ONLINE,CANCELADO
PED-01417,,MOUSE,384,,1.0,SUDESTE,BRUNO COSTA,LOJA FÍSICA,CONCLUÍDO
PED-06957,,IMPRESSORA,397,8281.13,1.0,NORTE,ANA SILVA,LOJA FÍSICA,CONCLUÍDO
PED-00986,2022-04-22,HD EXTERNO,385,,0.38,SUL,ANA SILVA,LOJA FÍSICA,CONCLUÍDO
PED-01208,,MOUSE,303,,0.004,NORTE,ELENA SOUZA,REVENDEDOR,CONCLUÍDO
PED-05082,2024-04-23,WEBCAM,270,,0.017,SUDESTE,BRUNO COSTA,ONLINE,EM ANÁLISE
PED-05551,,SMARTPHONE,,,1.0,NORDESTE,CARLA MENDES,LOJA FÍSICA,EM ANÁLISE
PED-09457,2022-02-13,HEADSET,287,1523.13,0.262,NORTE,CARLA MENDES,ONLINE,EM ANÁLISE
PED-04234,,TECLADO,,8298.0,0.402,NORDESTE,ANA SILVA,ONLINE,EM ANÁLISE
PED-04680,2023-10-03,MONITOR,213,14587.72,0.0,NORDESTE,ELENA SOUZA,REVENDEDOR,CONCLUÍDO
PED-04114,,NOTEBOOK,113,11768.92,0.10099999999999999,SUL,ANA SILVA,ONLINE,EM ANÁLISE
PED-00285,2024-04-21,TABLET,108,5118.39,0.2,CENTRO-OESTE,ELENA SOUZA,LOJA FÍSICA,PENDENTE
PED-62844,2024-01-03,WEBCAM,306,4287.84,0.35,NORTE,ELENA SOUZA,LOJA FÍSICA,CONCLUÍDO
PED-00647,,WEBCAM,222,13738.04,0.0,NORDESTE,ELENA SOUZA,ONLINE,CONCLUÍDO
PED-06128,2022-02-17,IMPRESSORA,,13805.41,0.0,SUL,ANA SILVA,TELEVENDAS,CANCELADO
PED-03902,2022-01-01,WEBCAM,376,,0.4070000000000001,CENTRO-OESTE,DIEGO LIMA,TELEVENDAS,PENDENTE
PED-01931,2022-10-04,IMPRESSORA,273,,0.0,NORTE,ANA SILVA,ONLINE,CONCLUÍDO
PED-13278,2022-04-03,HEADSET,355,,0.0,NORDESTE,CARLA MENDES,LOJA FÍSICA,EM ANÁLISE
PED-03890,2022-07-21,NOTEBOOK,,,0.47,NORTE,DIEGO LIMA,LOJA FÍSICA,EM ANÁLISE
PED-05629,2024-02-10,IMPRESSORA,,,1.0,NORTE,ANA SILVA,REVENDEDOR,EM ANÁLISE
PED-09914,2024-06-09,NOTEBOOK,389,6455.24,0.188,SUL,BRUNO COSTA,LOJA FÍSICA,CONCLUÍDO
PED-28665,2022-08-02,IMPRESSORA,163,,0.335,CENTRO-OESTE,ANA SILVA,REVENDEDOR,CANCELADO
PED-04928,2022-02-18,NOTEBOOK,242,,0.488,SUL,DIEGO LIMA,ONLINE,CONCLUÍDO
PED-03172,2023-08-06,SMARTPHONE,,,0.37,NORDESTE,DIEGO LIMA,TELEVENDAS,CONCLUÍDO
PED-06058,2022-03-20,WEBCAM,,,0.0,NORTE,ELENA SOUZA,LOJA FÍSICA,EM ANÁLISE
PED-04536,2024-01-28,MOUSE,236,,0.0,SUDESTE,DIEGO LIMA,REVENDEDOR,PENDENTE
PED-01864,,MONITOR,999999,7442.68,0.09,NORTE,ANA SILVA,ONLINE,PENDENTE
PED-08783,,SMARTPHONE,355,,0.0,NORDESTE,DIEGO LIMA,REVENDEDOR,PENDENTE
PED-08955,2024-12-23,WEBCAM,229,,0.0,SUL,BRUNO COSTA,REVENDEDOR,CONCLUÍDO
PED-04436,2022-01-12,HD EXTERNO,230,,0.028999999999999998,NORTE,ELENA SOUZA,LOJA FÍSICA,CONCLUÍDO
PED-02817,2024-10-21,IMPRESSORA,,13666.46,1.0,SUDESTE,ANA SILVA,ONLINE,CONCLUÍDO
PED-05474,2023-07-28,NOTEBOOK,,4644.55,0.0,NORTE,DIEGO LIMA,LOJA FÍSICA,EM ANÁLISE
PED-07130,2022-03-10,MONITOR,305,,0.499,NORTE,ANA SILVA,LOJA FÍSICA,CANCELADO
PED-08270,2024-04-09,HD EXTERNO,64,,0.038,SUL,ELENA SOUZA,REVENDEDOR,PENDENTE
PED-05468,2024-08-04,SMARTPHONE,999999,,0.23600000000000002,NORTE,ELENA SOUZA,LOJA FÍSICA,CANCELADO
PED-05706,,NOTEBOOK,,,0.0,SUL,CARLA MENDES,LOJA FÍSICA,CONCLUÍDO
PED-01239,2023-07-20,MONITOR,,,0.33299999999999996,NORDESTE,ELENA SOUZA,ONLINE,PENDENTE
PED-00505,2022-08-21,NOTEBOOK,38,,0.0,SUL,BRUNO COSTA,LOJA FÍSICA,EM ANÁLISE
PED-04623,,NOTEBOOK,127,,0.0,NORTE,CARLA MENDES,LOJA FÍSICA,EM ANÁLISE
PED-09663,2022-03-16,TECLADO,,12332.56,0.051,SUL,ANA SILVA,LOJA FÍSICA,CONCLUÍDO
PED-01854,2024-03-02,SMARTPHONE,263,,0.0,SUDESTE,ANA SILVA,LOJA FÍSICA,CONCLUÍDO
PED-02158,2022-01-20,TECLADO,351,,0.0,SUDESTE,ANA SILVA,REVENDEDOR,CONCLUÍDO
PED-03810,,WEBCAM,371,8360.52,0.0,SUL,DIEGO LIMA,TELEVENDAS,CONCLUÍDO
PED-03603,2022-09-24,MOUSE,,10938.36,0.0,CENTRO-OESTE,CARLA MENDES,ONLINE,PENDENTE
PED-02157,2023-11-23,SMARTPHONE,139,674.37,0.42,NORDESTE,ANA SILVA,REVENDEDOR,CONCLUÍDO
PED-00366,2024-02-06,HD EXTERNO,391,5155.86,0.159,SUDESTE,ELENA SOUZA,LOJA FÍSICA,EM ANÁLISE
PED-06906,2022-02-13,SMARTPHONE,426,,0.0,NORTE,ANA SILVA,TELEVENDAS,PENDENTE
PED-09752,2022-06-28,HD EXTERNO,225,5793.88,0.475,CENTRO-OESTE,ANA SILVA,REVENDEDOR,CONCLUÍDO
PED-03027,2024-04-06,NOTEBOOK,,,0.358,SUDESTE,ANA SILVA,REVENDEDOR,PENDENTE
PED-03125,2024-02-18,HD EXTERNO,,,0.033,SUL,DIEGO LIMA,TELEVENDAS,CONCLUÍDO
PED-07436,2022-11-24,SMARTPHONE,,,0.0,NORDESTE,ANA SILVA,REVENDEDOR,EM ANÁLISE
PED-01515,,TECLADO,360,13093.0,0.107,CENTRO-OESTE,ANA SILVA,ONLINE,CANCELADO
PED-03175,2022-06-05,TECLADO,,10193.49,0.02,SUL,DIEGO LIMA,REVENDEDOR,PENDENTE
PED-01588,2022-08-02,HD EXTERNO,53,12131.54,0.364,SUDESTE,ANA SILVA,LOJA FÍSICA,CANCELADO
PED-05259,2022-07-15,IMPRESSORA,427,,1.0,SUDESTE,BRUNO COSTA,LOJA FÍSICA,EM ANÁLISE
PED-00747,2023-12-10,NOTEBOOK,,,0.0,NORDESTE,ANA SILVA,ONLINE,EM ANÁLISE
PED-06149,2024-12-07,IMPRESSORA,,14203.31,0.0,NORTE,ANA SILVA,REVENDEDOR,PENDENTE
PED-05416,2023-08-22,TABLET,43,,0.064,CENTRO-OESTE,ANA SILVA,REVENDEDOR,EM ANÁLISE
PED-04007,2022-12-25,HEADSET,203,,0.0,CENTRO-OESTE,ANA SILVA,LOJA FÍSICA,CANCELADO
PED-08088,2023-08-17,TABLET,100,12518.23,0.355,SUDESTE,ANA SILVA,TELEVENDAS,PENDENTE
PED-03257,,HD EXTERNO,,3773.44,0.32,SUL,ANA SILVA,LOJA FÍSICA,PENDENTE
PED-07384,2023-12-05,TABLET,289,919.73,0.0,SUL,BRUNO COSTA,LOJA FÍSICA,CONCLUÍDO
PED-00947,2022-11-03,HD EXTERNO,452,1846.43,0.034,SUDESTE,ELENA SOUZA,REVENDEDOR,CONCLUÍDO
PED-08681,,IMPRESSORA,205,,0.0,NORTE,ELENA SOUZA,LOJA FÍSICA,PENDENTE
PED-00672,,MONITOR,,,0.48100000000000004,CENTRO-OESTE,ANA SILVA,LOJA FÍSICA,PENDENTE
PED-95321,2022-01-06,HEADSET,,6997.21,0.391,SUL,ANA SILVA,ONLINE,CANCELADO
PED-05229,2022-10-19,HEADSET,165,1603.55,0.023,NORTE,DIEGO LIMA,TELEVENDAS,EM ANÁLISE
PED-01400,2022-08-22,HEADSET,174,1680.3,0.055,SUL,ELENA SOUZA,TELEVENDAS,CONCLUÍDO
PED-09298,2022-11-28,MONITOR,,12641.93,0.332,CENTRO-OESTE,CARLA MENDES,LOJA FÍSICA,PENDENTE
PED-00211,2023-11-01,IMPRESSORA,147,,1.0,SUDESTE,ELENA SOUZA,LOJA FÍSICA,CONCLUÍDO
PED-00795,,HEADSET,432,1212.78,0.114,NORTE,ELENA SOUZA,TELEVENDAS,CONCLUÍDO
PED-01636,2023-02-02,WEBCAM,145,,0.0,NORTE,ELENA SOUZA,ONLINE,CONCLUÍDO
PED-03935,2022-08-11,HEADSET,35,1759.99,0.0,NORTE,DIEGO LIMA,ONLINE,CONCLUÍDO
PED-04917,,TABLET,2,11455.74,0.193,SUDESTE,DIEGO LIMA,TELEVENDAS,CONCLUÍDO
PED-07046,2023-03-18,TECLADO,,,0.0,NORDESTE,ELENA SOUZA,ONLINE,PENDENTE
PED-05424,2023-08-15,MONITOR,,11487.47,0.414,SUDESTE,CARLA MENDES,TELEVENDAS,CONCLUÍDO
PED-08531,2022-08-17,IMPRESSORA,303,13348.32,0.42,NORTE,CARLA MENDES,ONLINE,PENDENTE
PED-09564,,MONITOR,,,0.19699999999999998,SUDESTE,BRUNO COSTA,REVENDEDOR,CONCLUÍDO
PED-09746,,TABLET,,14462.91,1.0,CENTRO-OESTE,ELENA SOUZA,ONLINE,CONCLUÍDO
PED-00032,2024-12-08,MONITOR,209,,1.0,SUDESTE,BRUNO COSTA,LOJA FÍSICA,PENDENTE
PED-08726,2024-08-13,HEADSET,3,,0.0,SUL,DIEGO LIMA,ONLINE,PENDENTE
PED-00447,2024-05-27,TABLET,,4674.6,0.065,NORTE,CARLA MENDES,ONLINE,CONCLUÍDO
PED-01259,2023-09-08,TECLADO,208,13566.48,0.449,SUL,CARLA MENDES,LOJA FÍSICA,CANCELADO
PED-04022,2023-01-12,MOUSE,,,0.45299999999999996,CENTRO-OESTE,ELENA SOUZA,LOJA FÍSICA,CANCELADO
PED-03781,2023-03-15,TABLET,,,0.136,NORTE,ELENA SOUZA,ONLINE,CANCELADO
PED-04684,,TECLADO,,8441.45,1.0,NORTE,CARLA MENDES,LOJA FÍSICA,CONCLUÍDO
PED-06998,,TECLADO,294,8192.75,0.141,SUL,CARLA MENDES,LOJA FÍSICA,CONCLUÍDO
PED-09606,2022-01-10,NOTEBOOK,,4386.0,0.435,CENTRO-OESTE,CARLA MENDES,ONLINE,CANCELADO
PED-00786,2024-09-08,MOUSE,290,7905.68,0.0,NORTE,ELENA SOUZA,LOJA FÍSICA,CANCELADO
PED-01946,2022-04-06,HD EXTERNO,,2183.0,0.061,SUDESTE,ELENA SOUZA,ONLINE,CONCLUÍDO
PED-06787,2022-02-27,MONITOR,,,0.0,NORTE,ANA SILVA,LOJA FÍSICA,CANCELADO
PED-08912,2023-01-14,IMPRESSORA,345,,0.054,SUDESTE,CARLA MENDES,REVENDEDOR,PENDENTE
PED-05412,2023-01-09,HD EXTERNO,,14327.31,1.0,CENTRO-OESTE,CARLA MENDES,LOJA FÍSICA,EM ANÁLISE
PED-02174,2024-10-02,MOUSE,366,9942.08,0.0,SUDESTE,CARLA MENDES,LOJA FÍSICA,PENDENTE
PED-04425,2022-03-10,TABLET,445,5804.07,0.43799999999999994,SUDESTE,BRUNO COSTA,LOJA FÍSICA,CANCELADO
PED-04540,2023-03-06,HD EXTERNO,999999,,0.249,CENTRO-OESTE,ANA SILVA,ONLINE,CONCLUÍDO
PED-09520,2024-08-21,MONITOR,,10754.46,0.0,SUL,CARLA MENDES,TELEVENDAS,EM ANÁLISE
PED-03353,2023-02-24,SMARTPHONE,,,0.429,SUDESTE,CARLA MENDES,REVENDEDOR,PENDENTE
PED-08878,,IMPRESSORA,306,5117.15,0.0,NORTE,CARLA MENDES,ONLINE,EM ANÁLISE
PED-06441,,WEBCAM,999999,,0.0,NORTE,BRUNO COSTA,LOJA FÍSICA,EM ANÁLISE
PED-08015,,HD EXTERNO,,,0.435,SUDESTE,DIEGO LIMA,ONLINE,CONCLUÍDO
PED-00830,2023-04-21,TECLADO,,14164.9,0.0,SUL,ANA SILVA,LOJA FÍSICA,CONCLUÍDO
PED-00439,2022-05-27,WEBCAM,,,0.49,NORDESTE,ELENA SOUZA,LOJA FÍSICA,PENDENTE
PED-01287,2023-12-22,WEBCAM,,11743.77,0.387,NORTE,ELENA SOUZA,LOJA FÍSICA,PENDENTE
PED-03557,2022-05-21,TABLET,323,,0.239,SUDESTE,DIEGO LIMA,TELEVENDAS,CANCELADO
PED-04976,2024-11-03,IMPRESSORA,417,,0.278,SUL,BRUNO COSTA,LOJA FÍSICA,CONCLUÍDO
PED-01352,2024-11-17,MONITOR,,14092.53,0.08,SUL,ELENA SOUZA,ONLINE,EM ANÁLISE
PED-06688,2024-04-01,TECLADO,464,,0.345,SUDESTE,ANA SILVA,ONLINE,EM ANÁLISE
PED-08438,,IMPRESSORA,,,0.429,SUDESTE,DIEGO LIMA,LOJA FÍSICA,PENDENTE
PED-00254,,NOTEBOOK,121,10455.22,0.0,SUL,BRUNO COSTA,LOJA FÍSICA,PENDENTE
PED-05957,2023-07-03,MOUSE,,,0.098,CENTRO-OESTE,BRUNO COSTA,ONLINE,CONCLUÍDO
PED-06894,2023-03-09,TECLADO,37,11778.72,0.035,NORDESTE,ELENA SOUZA,TELEVENDAS,PENDENTE
PED-05027,2023-01-12,MOUSE,56,8710.02,0.0,SUDESTE,BRUNO COSTA,LOJA FÍSICA,PENDENTE
PED-04867,2023-01-19,SMARTPHONE,,8987.67,0.0,SUL,CARLA MENDES,LOJA FÍSICA,CONCLUÍDO
PED-02769,2022-08-14,SMARTPHONE,451,,0.0,SUDESTE,ANA SILVA,LOJA FÍSICA,CANCELADO
PED-06203,,SMARTPHONE,144,4611.8,0.009,CENTRO-OESTE,DIEGO LIMA,ONLINE,PENDENTE
PED-04482,2022-03-05,WEBCAM,260,,0.33,NORDESTE,ELENA SOUZA,LOJA FÍSICA,PENDENTE
PED-06100,2024-01-09,MOUSE,98,,0.252,SUDESTE,DIEGO LIMA,LOJA FÍSICA,CANCELADO
PED-01319,,NOTEBOOK,,2710.28,0.0,SUL,BRUNO COSTA,LOJA FÍSICA,CONCLUÍDO
PED-09326,2022-08-15,NOTEBOOK,,2693.68,0.0,NORTE,CARLA MENDES,REVENDEDOR,PENDENTE
PED-01394,2023-04-24,SMARTPHONE,77,6022.0,0.19,NORTE,ANA SILVA,LOJA FÍSICA,CONCLUÍDO
PED-02801,2022-10-12,NOTEBOOK,496,3517.37,0.228,NORTE,DIEGO LIMA,REVENDEDOR,PENDENTE
PED-00608,,MONITOR,194,,0.057,NORTE,DIEGO LIMA,TELEVENDAS,CONCLUÍDO
PED-00422,,MOUSE,,13886.71,0.376,NORDESTE,ANA SILVA,LOJA FÍSICA,CANCELADO
PED-02140,,IMPRESSORA,247,8250.89,0.11900000000000001,SUDESTE,DIEGO LIMA,TELEVENDAS,PENDENTE
PED-08891,2023-03-15,HD EXTERNO,448,,0.394,SUDESTE,BRUNO COSTA,REVENDEDOR,EM ANÁLISE
PED-00165,2024-10-07,WEBCAM,,7860.13,0.0,CENTRO-OESTE,ANA SILVA,ONLINE,PENDENTE
PED-02416,,TABLET,211,11419.62,0.0,SUDESTE,ELENA SOUZA,LOJA FÍSICA,EM ANÁLISE
PED-48547,2024-11-01,WEBCAM,454,,0.0,SUL,DIEGO LIMA,ONLINE,PENDENTE
PED-00604,2024-05-01,WEBCAM,373,560.56,0.0,SUDESTE,DIEGO LIMA,TELEVENDAS,CONCLUÍDO
PED-08911,,WEBCAM,430,,0.0,SUDESTE,CARLA MENDES,TELEVENDAS,CANCELADO
PED-01333,2024-07-07,TABLET,,13773.51,0.28600000000000003,NORTE,ANA SILVA,REVENDEDOR,PENDENTE
PED-01848,,TECLADO,469,2214.71,0.19699999999999998,CENTRO-OESTE,DIEGO LIMA,ONLINE,PENDENTE
PED-05630,2023-09-10,HEADSET,169,,0.287,CENTRO-OESTE,DIEGO LIMA,TELEVENDAS,CONCLUÍDO
PED-05333,2022-11-15,IMPRESSORA,188,8114.32,0.415,SUL,CARLA MENDES,ONLINE,PENDENTE
PED-04736,2024-09-08,SMARTPHONE,,4653.47,0.0,CENTRO-OESTE,ANA SILVA,LOJA FÍSICA,CANCELADO
PED-07413,2024-07-26,NOTEBOOK,239,7392.03,0.0,SUL,ELENA SOUZA,ONLINE,EM ANÁLISE
PED-00831,2022-12-08,MONITOR,999999,,0.0,SUDESTE,ANA SILVA,TELEVENDAS,EM ANÁLISE
PED-03075,,WEBCAM,999999,,0.0,CENTRO-OESTE,CARLA MENDES,LOJA FÍSICA,PENDENTE
PED-04474,,IMPRESSORA,339,12956.0,1.0,SUL,BRUNO COSTA,TELEVENDAS,CANCELADO
PED-08928,2022-03-16,MONITOR,999999,,0.188,NORDESTE,ANA SILVA,TELEVENDAS,EM ANÁLISE
PED-03103,2023-04-27,IMPRESSORA,999999,13297.96,0.0,CENTRO-OESTE,DIEGO LIMA,REVENDEDOR,CONCLUÍDO
PED-07061,2023-01-13,HEADSET,999999,,0.14,SUDESTE,ANA SILVA,TELEVENDAS,EM ANÁLISE
PED-03392,,HEADSET,6,13826.74,0.0,NORTE,BRUNO COSTA,LOJA FÍSICA,EM ANÁLISE
PED-06932,2022-04-09,TECLADO,,10556.96,0.388,NORDESTE,ANA SILVA,ONLINE,PENDENTE
PED-09600,2022-05-23,SMARTPHONE,,5073.6,0.414,NORTE,CARLA MENDES,ONLINE,EM ANÁLISE
PED-70828,2022-06-13,TECLADO,,8460.22,0.462,NORTE,BRUNO COSTA,TELEVENDAS,CONCLUÍDO
PED-06428,2023-12-11,IMPRESSORA,147,,0.094,NORTE,DIEGO LIMA,LOJA FÍSICA,CONCLUÍDO
PED-00395,2023-04-13,TABLET,4,7033.45,0.426,SUDESTE,DIEGO LIMA,LOJA FÍSICA,CANCELADO
PED-00011,2024-09-14,HD EXTERNO,,8451.44,0.0,NORDESTE,CARLA MENDES,ONLINE,CONCLUÍDO
PED-00886,,MOUSE,292,,0.474,NORDESTE,BRUNO COSTA,ONLINE,CONCLUÍDO
PED-08250,2022-05-09,NOTEBOOK,77,4046.29,0.0,SUDESTE,CARLA MENDES,TELEVENDAS,PENDENTE
PED-02872,2023-06-26,MONITOR,156,12388.0,0.0,SUDESTE,CARLA MENDES,LOJA FÍSICA,CONCLUÍDO
PED-00556,2024-11-10,WEBCAM,,,0.0,SUL,DIEGO LIMA,ONLINE,CANCELADO
PED-05679,2023-05-05,IMPRESSORA,999999,11266.29,0.165,SUDESTE,DIEGO LIMA,TELEVENDAS,EM ANÁLISE
PED-38198,2022-02-15,HD EXTERNO,500,,0.15,SUL,BRUNO COSTA,LOJA FÍSICA,CONCLUÍDO
PED-06983,2023-10-09,WEBCAM,496,2029.14,0.098,NORTE,DIEGO LIMA,REVENDEDOR,EM ANÁLISE
PED-02173,2024-06-16,HD EXTERNO,443,960.0,0.0,SUL,NAN,ONLINE,EM ANÁLISE
PED-03184,,HEADSET,436,6082.41,0.378,SUDESTE,ELENA SOUZA,LOJA FÍSICA,PENDENTE
PED-03659,2024-12-10,WEBCAM,146,,0.0,NORTE,ELENA SOUZA,LOJA FÍSICA,CANCELADO
PED-02751,2024-05-13,MOUSE,,8919.97,0.337,NORTE,DIEGO LIMA,LOJA FÍSICA,PENDENTE
PED-06804,2024-12-02,WEBCAM,,6094.96,0.0,SUL,ANA SILVA,REVENDEDOR,CONCLUÍDO
PED-40602,2022-04-10,TABLET,31,414.0,1.0,SUDESTE,DIEGO LIMA,LOJA FÍSICA,EM ANÁLISE
PED-05808,,HD EXTERNO,63,,0.0,NORTE,BRUNO COSTA,REVENDEDOR,PENDENTE
PED-76398,2024-10-06,NOTEBOOK,467,,0.0,SUDESTE,CARLA MENDES,TELEVENDAS,PENDENTE
PED-05212,2024-07-10,HD EXTERNO,999999,10075.07,0.0,NORDESTE,DIEGO LIMA,ONLINE,EM ANÁLISE
PED-00028,,TABLET,471,10523.02,0.0,NORTE,BRUNO COSTA,REVENDEDOR,CONCLUÍDO
PED-02618,2022-05-15,MOUSE,338,10558.0,1.0,NORTE,ELENA SOUZA,TELEVENDAS,EM ANÁLISE
PED-02842,2023-04-21,HD EXTERNO,312,8605.0,0.0,NORTE,ANA SILVA,TELEVENDAS,EM ANÁLISE
PED-01950,2024-09-16,MOUSE,,3033.91,0.040999999999999995,SUDESTE,DIEGO LIMA,TELEVENDAS,PENDENTE
PED-00638,2024-10-26,WEBCAM,444,5242.04,0.1,NORDESTE,DIEGO LIMA,TELEVENDAS,CONCLUÍDO
PED-08508,2023-04-28,MONITOR,424,3503.02,0.175,SUL,ANA SILVA,TELEVENDAS,CONCLUÍDO
PED-01153,2022-11-08,HEADSET,401,,0.112,SUL,ELENA SOUZA,TELEVENDAS,CANCELADO
PED-08481,2023-06-21,SMARTPHONE,,13980.56,0.207,SUL,DIEGO LIMA,REVENDEDOR,CANCELADO
PED-00853,2024-04-28,TECLADO,,12478.0,1.0,SUL,ELENA SOUZA,TELEVENDAS,CONCLUÍDO
PED-09187,2023-10-06,MOUSE,,12848.8,0.255,SUDESTE,ANA SILVA,LOJA FÍSICA,CONCLUÍDO
PED-05240,,HEADSET,,,0.27399999999999997,SUDESTE,DIEGO LIMA,LOJA FÍSICA,EM ANÁLISE
PED-07705,2022-05-11,MONITOR,,,0.42700000000000005,NORTE,DIEGO LIMA,LOJA FÍSICA,PENDENTE
PED-05009,,MOUSE,,,0.016,SUL,DIEGO LIMA,ONLINE,CANCELADO
PED-02607,,MOUSE,,10447.66,0.049,CENTRO-OESTE,DIEGO LIMA,TELEVENDAS,CONCLUÍDO
PED-09118,,WEBCAM,,,0.0,NORTE,ELENA SOUZA,LOJA FÍSICA,CONCLUÍDO
PED-01492,,WEBCAM,431,,0.168,NORDESTE,CARLA MENDES,LOJA FÍSICA,PENDENTE
PED-00266,2022-05-07,SMARTPHONE,91,,0.14800000000000002,SUDESTE,BRUNO COSTA,REVENDEDOR,CONCLUÍDO
PED-04649,,HEADSET,,,0.39299999999999996,SUDESTE,ELENA SOUZA,LOJA FÍSICA,CANCELADO
PED-03208,2022-07-14,IMPRESSORA,71,,0.094,NORTE,CARLA MENDES,ONLINE,CANCELADO
PED-04693,2023-02-24,NOTEBOOK,999999,14811.0,0.247,SUL,ANA SILVA,ONLINE,CANCELADO
PED-44389,,WEBCAM,163,1074.24,0.386,NORTE,ANA SILVA,TELEVENDAS,CANCELADO
PED-00015,2022-12-15,HD EXTERNO,,7816.57,0.3720000000000001,SUL,BRUNO COSTA,ONLINE,PENDENTE
PED-07764,2024-02-26,NOTEBOOK,,,0.003,NORTE,BRUNO COSTA,REVENDEDOR,CONCLUÍDO
PED-07576,2022-09-16,HD EXTERNO,477,4616.73,1.0,NORTE,CARLA MENDES,REVENDEDOR,CONCLUÍDO
PED-02413,,HD EXTERNO,,,0.0,NORDESTE,ANA SILVA,ONLINE,PENDENTE
PED-06553,2023-01-14,TABLET,3,,0.26,CENTRO-OESTE,DIEGO LIMA,LOJA FÍSICA,EM ANÁLISE
PED-07724,2023-08-03,HEADSET,469,13985.61,0.14800000000000002,SUL,ELENA SOUZA,TELEVENDAS,CANCELADO
PED-03100,2024-04-01,HD EXTERNO,77,,0.0,SUDESTE,ANA SILVA,TELEVENDAS,CANCELADO
PED-01437,2022-06-01,WEBCAM,,,0.0,NORTE,ELENA SOUZA,LOJA FÍSICA,CONCLUÍDO
PED-04825,,MOUSE,19,,0.24,SUDESTE,DIEGO LIMA,ONLINE,EM ANÁLISE
PED-05453,2022-01-09,TABLET,,,0.0,NORTE,BRUNO COSTA,LOJA FÍSICA,CONCLUÍDO
PED-06261,,NAN,472,,0.0,SUDESTE,DIEGO LIMA,LOJA FÍSICA,CONCLUÍDO
PED-02924,,HD EXTERNO,44,,0.126,NORTE,CARLA MENDES,ONLINE,CANCELADO
PED-05028,2022-05-11,NOTEBOOK,999999,,0.0,SUDESTE,NAN,ONLINE,EM ANÁLISE
PED-05682,,HD EXTERNO,999999,4785.17,0.149,NORDESTE,CARLA MENDES,REVENDEDOR,CANCELADO
PED-04604,2022-05-24,HD EXTERNO,,6500.0,0.131,NORDESTE,CARLA MENDES,REVENDEDOR,EM ANÁLISE
PED-07300,2024-05-05,TABLET,274,,0.0,SUL,ANA SILVA,ONLINE,PENDENTE
PED-01428,,WEBCAM,,,0.149,SUL,ELENA SOUZA,ONLINE,CONCLUÍDO
PED-02600,,MONITOR,276,9925.87,0.0,SUDESTE,CARLA MENDES,REVENDEDOR,PENDENTE
PED-05319,2024-05-06,MONITOR,,2360.75,0.061,SUDESTE,CARLA MENDES,ONLINE,CANCELADO
PED-03891,2022-11-03,MOUSE,,,0.0,NORTE,DIEGO LIMA,TELEVENDAS,EM ANÁLISE
PED-08781,2022-05-27,TECLADO,143,,0.0,SUL,DIEGO LIMA,ONLINE,CONCLUÍDO
PED-03579,2022-05-13,HEADSET,999999,,1.0,CENTRO-OESTE,DIEGO LIMA,REVENDEDOR,EM ANÁLISE
PED-09838,,SMARTPHONE,,13771.79,0.069,SUL,CARLA MENDES,TELEVENDAS,CANCELADO
PED-01118,,MOUSE,999999,,1.0,NORDESTE,ANA SILVA,TELEVENDAS,CONCLUÍDO
PED-02643,2023-02-23,IMPRESSORA,,,0.0,NORTE,CARLA MENDES,REVENDEDOR,CANCELADO
PED-08769,,NOTEBOOK,188,5978.62,0.0,SUL,ELENA SOUZA,TELEVENDAS,PENDENTE
PED-02758,2024-06-24,IMPRESSORA,,8612.95,0.226,SUL,ELENA SOUZA,LOJA FÍSICA,PENDENTE
PED-00828,,HD EXTERNO,301,,0.0,SUL,BRUNO COSTA,LOJA FÍSICA,CONCLUÍDO
PED-04801,,TABLET,90,9376.0,1.0,SUDESTE,CARLA MENDES,TELEVENDAS,CONCLUÍDO
PED-06837,2022-08-23,IMPRESSORA,444,669.17,0.0,NORDESTE,ANA SILVA,LOJA FÍSICA,PENDENTE
PED-08524,2024-03-19,HD EXTERNO,4,845.6,0.0,SUL,ANA SILVA,LOJA FÍSICA,CONCLUÍDO
PED-05772,,HEADSET,353,4625.74,0.048,SUL,BRUNO COSTA,ONLINE,CONCLUÍDO
PED-07697,2023-10-16,IMPRESSORA,,11984.49,0.121,NORTE,ANA SILVA,ONLINE,CANCELADO
PED-00595,2024-09-28,TABLET,,207.38,0.47,NORTE,ANA SILVA,TELEVENDAS,CONCLUÍDO
PED-02990,2023-08-14,TECLADO,66,,0.15,NORTE,ELENA SOUZA,REVENDEDOR,CANCELADO
PED-04312,2023-05-24,MONITOR,453,14004.4,0.335,NORDESTE,ANA SILVA,ONLINE,EM ANÁLISE
PED-20517,2022-06-19,TABLET,,1633.5,0.0,SUL,ELENA SOUZA,REVENDEDOR,CONCLUÍDO
PED-06886,,TECLADO,403,,1.0,CENTRO-OESTE,BRUNO COSTA,LOJA FÍSICA,CONCLUÍDO
PED-08458,2022-06-01,NOTEBOOK,304,1697.97,0.0,NORTE,ANA SILVA,REVENDEDOR,CONCLUÍDO
PED-33054,2022-10-02,HD EXTERNO,113,,0.0,SUL,DIEGO LIMA,LOJA FÍSICA,EM ANÁLISE
PED-08003,2023-07-24,IMPRESSORA,,14214.19,0.0,SUDESTE,ANA SILVA,REVENDEDOR,CANCELADO
PED-00180,,SMARTPHONE,432,,0.021,SUL,DIEGO LIMA,ONLINE,PENDENTE
PED-00488,,MONITOR,,6176.0,0.0,NORTE,ELENA SOUZA,ONLINE,EM ANÁLISE
PED-07749,2023-12-01,TABLET,,,0.445,NORDESTE,ELENA SOUZA,LOJA FÍSICA,PENDENTE
PED-01454,2023-04-12,SMARTPHONE,337,,0.0,SUDESTE,ELENA SOUZA,REVENDEDOR,CONCLUÍDO
PED-08994,2024-08-13,HEADSET,249,7264.0,0.053,NORTE,ANA SILVA,ONLINE,CONCLUÍDO
PED-02792,2023-06-28,SMARTPHONE,144,11040.47,0.266,SUL,DIEGO LIMA,ONLINE,CONCLUÍDO
PED-01069,2022-02-02,TABLET,297,13045.51,0.0,CENTRO-OESTE,CARLA MENDES,TELEVENDAS,CANCELADO
PED-01651,,MOUSE,209,,0.0,SUDESTE,ANA SILVA,REVENDEDOR,CANCELADO
PED-06279,,NOTEBOOK,1,14941.47,0.0,SUDESTE,ANA SILVA,LOJA FÍSICA,EM ANÁLISE
PED-07172,2023-10-11,MOUSE,,1339.48,0.034,SUDESTE,ELENA SOUZA,TELEVENDAS,CONCLUÍDO
PED-06556,2024-01-26,TABLET,141,13438.16,0.22,NORDESTE,BRUNO COSTA,ONLINE,CONCLUÍDO
PED-03916,2023-06-19,TECLADO,999999,9016.0,0.0,NORDESTE,BRUNO COSTA,LOJA FÍSICA,CONCLUÍDO
PED-07258,2022-09-12,TABLET,56,2929.68,0.29,NORTE,BRUNO COSTA,TELEVENDAS,CONCLUÍDO
PED-00164,,SMARTPHONE,261,,0.257,NORTE,ANA SILVA,ONLINE,EM ANÁLISE
PED-01793,2023-04-11,HD EXTERNO,94,,0.0,NORDESTE,DIEGO LIMA,TELEVENDAS,CONCLUÍDO
PED-04929,,SMARTPHONE,148,6321.5,0.28,SUL,ANA SILVA,ONLINE,EM ANÁLISE
PED-01906,2023-12-19,TECLADO,,4052.37,1.0,NORTE,DIEGO LIMA,ONLINE,CONCLUÍDO
PED-00461,,HEADSET,999999,,0.0,NORTE,CARLA MENDES,LOJA FÍSICA,CONCLUÍDO
PED-00740,2024-06-25,NOTEBOOK,85,,0.177,SUL,BRUNO COSTA,LOJA FÍSICA,PENDENTE
PED-00311,2023-04-16,SMARTPHONE,,,0.05,SUDESTE,CARLA MENDES,TELEVENDAS,CONCLUÍDO
PED-18395,2024-12-26,TECLADO,191,11282.14,0.38299999999999995,NORTE,CARLA MENDES,LOJA FÍSICA,CONCLUÍDO
PED-06344,2024-12-05,IMPRESSORA,40,12175.62,0.021,SUL,BRUNO COSTA,ONLINE,CONCLUÍDO
PED-08871,2022-03-06,NOTEBOOK,66,9266.0,0.039,CENTRO-OESTE,ANA SILVA,LOJA FÍSICA,CONCLUÍDO
PED-07319,2024-09-27,SMARTPHONE,92,2108.0,1.0,SUL,ANA SILVA,LOJA FÍSICA,PENDENTE
PED-04033,2023-08-26,NOTEBOOK,450,10748.26,0.053,NORTE,ANA SILVA,LOJA FÍSICA,EM ANÁLISE
PED-01543,,NOTEBOOK,81,6183.32,0.392,NORDESTE,ANA SILVA,REVENDEDOR,CONCLUÍDO
PED-04613,2023-03-28,SMARTPHONE,498,9250.19,0.259,NORTE,DIEGO LIMA,ONLINE,PENDENTE
PED-06621,2023-10-25,IMPRESSORA,416,,0.29,SUDESTE,ELENA SOUZA,REVENDEDOR,CONCLUÍDO
PED-04618,,HD EXTERNO,,3171.07,1.0,NORDESTE,DIEGO LIMA,LOJA FÍSICA,PENDENTE
PED-04651,2023-03-07,IMPRESSORA,,,0.0,SUDESTE,ELENA SOUZA,LOJA FÍSICA,EM ANÁLISE
PED-02881,2023-08-09,TABLET,350,11627.54,0.0,NORTE,CARLA MENDES,REVENDEDOR,EM ANÁLISE
PED-07996,2024-10-02,SMARTPHONE,475,,0.315,NORTE,BRUNO COSTA,TELEVENDAS,CONCLUÍDO
PED-63282,,MONITOR,,,0.17300000000000001,NORTE,DIEGO LIMA,ONLINE,CONCLUÍDO
PED-09251,,TABLET,999999,6943.3,0.0,CENTRO-OESTE,CARLA MENDES,LOJA FÍSICA,CANCELADO
PED-07489,2022-01-18,WEBCAM,260,3896.03,0.16399999999999998,SUDESTE,BRUNO COSTA,TELEVENDAS,CANCELADO
PED-09253,2022-06-19,SMARTPHONE,145,12469.0,0.0,SUL,DIEGO LIMA,REVENDEDOR,EM ANÁLISE
PED-05715,,SMARTPHONE,254,13951.0,0.034,SUDESTE,ANA SILVA,ONLINE,CANCELADO
PED-08537,,TECLADO,163,11411.3,0.18899999999999997,CENTRO-OESTE,DIEGO LIMA,ONLINE,EM ANÁLISE
PED-09256,,MOUSE,89,,0.0,CENTRO-OESTE,CARLA MENDES,ONLINE,CANCELADO
PED-01938,2023-02-23,MOUSE,52,,0.0,NORDESTE,ANA SILVA,LOJA FÍSICA,CONCLUÍDO
PED-09124,,SMARTPHONE,138,,0.12,SUDESTE,ELENA SOUZA,REVENDEDOR,CANCELADO
PED-01424,2023-12-08,MONITOR,480,4664.33,0.05,SUDESTE,CARLA MENDES,ONLINE,CONCLUÍDO
PED-02907,,TECLADO,317,,0.48700000000000004,CENTRO-OESTE,CARLA MENDES,ONLINE,CONCLUÍDO
PED-07774,,MOUSE,999999,3888.32,0.0,SUL,ANA SILVA,ONLINE,CONCLUÍDO
PED-04717,2024-03-01,NOTEBOOK,48,,0.0,NORTE,BRUNO COSTA,ONLINE,PENDENTE
PED-01798,2022-09-12,MOUSE,354,,0.0,SUDESTE,ELENA SOUZA,LOJA FÍSICA,PENDENTE
PED-00459,2022-07-26,MONITOR,,9718.6,0.39799999999999996,NORTE,ELENA SOUZA,REVENDEDOR,CONCLUÍDO
PED-07387,2022-05-14,TECLADO,999999,,0.062,SUL,DIEGO LIMA,LOJA FÍSICA,PENDENTE
PED-94255,,NOTEBOOK,,14341.77,0.253,SUL,ANA SILVA,REVENDEDOR,CONCLUÍDO
PED-01976,,WEBCAM,,4924.71,0.37,SUL,CARLA MENDES,ONLINE,PENDENTE
PED-08536,,IMPRESSORA,73,5018.0,0.415,SUDESTE,BRUNO COSTA,LOJA FÍSICA,CANCELADO
PED-08185,2023-10-27,MOUSE,,1688.65,0.0,NORTE,CARLA MENDES,LOJA FÍSICA,CONCLUÍDO
PED-07868,,WEBCAM,,,0.0,SUL,ANA SILVA,REVENDEDOR,CONCLUÍDO
PED-09942,2022-05-04,HEADSET,,,1.0,NORDESTE,BRUNO COSTA,LOJA FÍSICA,CANCELADO
PED-77244,,IMPRESSORA,,13864.7,0.0,SUL,CARLA MENDES,TELEVENDAS,PENDENTE
PED-00430,2022-04-07,NOTEBOOK,405,,0.071,NORTE,CARLA MENDES,ONLINE,CONCLUÍDO
PED-02929,2022-09-27,NOTEBOOK,999999,,0.0,NORTE,CARLA MENDES,LOJA FÍSICA,CANCELADO
PED-04338,,HEADSET,,12616.99,1.0,CENTRO-OESTE,DIEGO LIMA,LOJA FÍSICA,CANCELADO
PED-06287,,TECLADO,277,1583.96,0.376,NORTE,ANA SILVA,TELEVENDAS,CANCELADO
PED-00480,2024-07-02,NOTEBOOK,409,9176.46,1.0,SUDESTE,CARLA MENDES,LOJA FÍSICA,CONCLUÍDO
PED-02302,2024-01-21,MONITOR,,10254.24,0.151,SUL,BRUNO COSTA,LOJA FÍSICA,CONCLUÍDO
PED-06322,,WEBCAM,443,14311.39,0.085,SUDESTE,ELENA SOUZA,ONLINE,PENDENTE
PED-01795,2024-09-02,MOUSE,,,0.0,SUL,ELENA SOUZA,REVENDEDOR,CONCLUÍDO
PED-09061,2024-02-02,TABLET,431,,0.0,SUL,CARLA MENDES,LOJA FÍSICA,CANCELADO
PED-06870,,NOTEBOOK,,14917.81,0.1,SUL,ANA SILVA,ONLINE,CONCLUÍDO
PED-00214,,TECLADO,,7579.63,0.0,SUL,ANA SILVA,LOJA FÍSICA,EM ANÁLISE
PED-06991,,MOUSE,156,14126.29,0.424,SUL,DIEGO LIMA,ONLINE,EM ANÁLISE
PED-02216,2023-08-13,NOTEBOOK,362,,0.059,NORTE,ELENA SOUZA,REVENDEDOR,PENDENTE
PED-30078,2023-06-10,HEADSET,999999,9229.77,0.0,NORTE,ANA SILVA,ONLINE,EM ANÁLISE
PED-08172,2024-01-07,TECLADO,,,0.32,SUDESTE,BRUNO COSTA,ONLINE,CONCLUÍDO
PED-04116,2024-02-20,IMPRESSORA,,872.61,0.0,NORDESTE,ANA SILVA,LOJA FÍSICA,CONCLUÍDO
PED-06713,2024-05-07,HEADSET,,9489.05,1.0,SUDESTE,ELENA SOUZA,ONLINE,CANCELADO
PED-30045,2024-04-12,HD EXTERNO,445,,0.239,SUDESTE,BRUNO COSTA,LOJA FÍSICA,CONCLUÍDO
PED-58885,2022-03-13,HEADSET,,,0.0,NORTE,BRUNO COSTA,TELEVENDAS,EM ANÁLISE
PED-08492,2022-10-11,TECLADO,124,11676.43,0.0,CENTRO-OESTE,BRUNO COSTA,REVENDEDOR,CANCELADO
PED-06261,2022-04-27,WEBCAM,341,,0.27,NORTE,DIEGO LIMA,LOJA FÍSICA,CONCLUÍDO
PED-03829,2024-10-24,TECLADO,999999,1621.98,0.29,SUDESTE,ANA SILVA,LOJA FÍSICA,CONCLUÍDO
PED-05844,2022-12-08,MOUSE,336,,0.474,SUL,CARLA MENDES,TELEVENDAS,CONCLUÍDO
PED-07597,2024-02-07,SMARTPHONE,999999,1543.51,0.0,SUDESTE,CARLA MENDES,LOJA FÍSICA,EM ANÁLISE
PED-00160,2024-12-03,MONITOR,385,1391.07,0.0,NORTE,ELENA SOUZA,TELEVENDAS,CANCELADO
PED-08695,2024-09-11,MOUSE,,,0.147,SUDESTE,CARLA MENDES,REVENDEDOR,CANCELADO
PED-05168,2024-01-15,MOUSE,142,,0.0,SUDESTE,ELENA SOUZA,ONLINE,CONCLUÍDO
PED-09547,2022-07-09,HD EXTERNO,472,,0.0,SUL,DIEGO LIMA,LOJA FÍSICA,EM ANÁLISE
PED-04308,,IMPRESSORA,375,1096.32,0.06,NORTE,ELENA SOUZA,LOJA FÍSICA,CONCLUÍDO
PED-05265,2022-07-15,TABLET,,3139.34,0.0,NORTE,CARLA MENDES,LOJA FÍSICA,PENDENTE
PED-07847,2024-11-02,TABLET,,,0.163,SUL,ANA SILVA,ONLINE,PENDENTE
PED-07546,,WEBCAM,27,455.6,0.102,SUL,ANA SILVA,LOJA FÍSICA,CANCELADO
PED-06340,2023-06-07,NOTEBOOK,342,,0.0,SUDESTE,ANA SILVA,LOJA FÍSICA,EM ANÁLISE
PED-06391,2023-05-18,HEADSET,57,,0.0,SUL,DIEGO LIMA,REVENDEDOR,CANCELADO
PED-08103,2024-05-22,MOUSE,481,,0.076,NORTE,DIEGO LIMA,REVENDEDOR,PENDENTE
PED-03119,2023-12-27,IMPRESSORA,999999,3231.59,0.32200000000000006,NORTE,ELENA SOUZA,LOJA FÍSICA,CANCELADO
PED-07491,2023-04-02,MONITOR,,,0.0,SUDESTE,BRUNO COSTA,TELEVENDAS,PENDENTE
PED-07016,,HD EXTERNO,999999,,0.0,NORTE,BRUNO COSTA,ONLINE,PENDENTE
PED-04512,,HEADSET,,,0.0,NORDESTE,BRUNO COSTA,TELEVENDAS,PENDENTE
PED-03376,2022-06-06,HD EXTERNO,,7240.97,0.13,NORTE,BRUNO COSTA,LOJA FÍSICA,PENDENTE
PED-04087,2022-04-24,TECLADO,,,0.0,NORDESTE,BRUNO COSTA,REVENDEDOR,PENDENTE
PED-09824,,MONITOR,488,7956.34,0.0,NORDESTE,CARLA MENDES,TELEVENDAS,PENDENTE
PED-05303,2023-02-06,WEBCAM,,,1.0,NORTE,DIEGO LIMA,LOJA FÍSICA,CANCELADO
PED-08812,2024-03-18,HD EXTERNO,,,0.34600000000000003,SUDESTE,CARLA MENDES,TELEVENDAS,EM ANÁLISE
PED-05055,2024-09-20,HEADSET,,7246.97,0.0,CENTRO-OESTE,ELENA SOUZA,ONLINE,PENDENTE
PED-08538,2024-11-27,WEBCAM,281,,0.414,CENTRO-OESTE,DIEGO LIMA,LOJA FÍSICA,EM ANÁLISE
PED-06834,2023-12-10,SMARTPHONE,324,,0.343,NORTE,DIEGO LIMA,ONLINE,CONCLUÍDO
PED-00284,2023-11-24,MOUSE,,14284.99,0.0,CENTRO-OESTE,CARLA MENDES,ONLINE,CANCELADO
PED-01218,2024-10-03,TECLADO,,7440.28,0.0,NORTE,ELENA SOUZA,TELEVENDAS,PENDENTE
PED-17024,,SMARTPHONE,,13016.87,0.0,SUDESTE,BRUNO COSTA,LOJA FÍSICA,EM ANÁLISE
PED-07997,,MOUSE,,,0.027,NORTE,DIEGO LIMA,TELEVENDAS,EM ANÁLISE
PED-02253,2023-06-05,HD EXTERNO,,,0.3970000000000001,SUL,ANA SILVA,TELEVENDAS,EM ANÁLISE
PED-01534,2024-01-01,MONITOR,289,,1.0,SUDESTE,ELENA SOUZA,LOJA FÍSICA,CONCLUÍDO
PED-01759,2022-06-06,SMARTPHONE,,,0.8,NORTE,ANA SILVA,LOJA FÍSICA,CONCLUÍDO
PED-08173,,HEADSET,,,0.0,NORTE,ANA SILVA,REVENDEDOR,CANCELADO
PED-06410,2023-09-12,NOTEBOOK,327,11975.31,0.0,CENTRO-OESTE,CARLA MENDES,ONLINE,CANCELADO
PED-03496,2023-01-08,TECLADO,360,,0.0,NORTE,CARLA MENDES,LOJA FÍSICA,PENDENTE
PED-05597,,WEBCAM,27,5604.01,0.484,CENTRO-OESTE,ELENA SOUZA,LOJA FÍSICA,PENDENTE
PED-06495,2024-11-12,SMARTPHONE,,,0.075,NORTE,ELENA SOUZA,REVENDEDOR,CONCLUÍDO
PED-09753,,TABLET,,,0.37,NORTE,CARLA MENDES,ONLINE,EM ANÁLISE
PED-06407,2023-01-24,HD EXTERNO,211,,0.0,SUDESTE,CARLA MENDES,LOJA FÍSICA,PENDENTE
PED-03236,,SMARTPHONE,,9920.38,0.0,SUDESTE,ANA SILVA,TELEVENDAS,CANCELADO
PED-09336,2022-11-11,TABLET,317,,0.193,SUL,ANA SILVA,TELEVENDAS,CONCLUÍDO
PED-03549,2024-03-17,IMPRESSORA,49,4546.55,0.0,NORTE,DIEGO LIMA,REVENDEDOR,PENDENTE
PED-06610,2022-10-12,MOUSE,,,0.203,SUDESTE,ELENA SOUZA,LOJA FÍSICA,EM ANÁLISE
PED-01377,2023-08-23,IMPRESSORA,999999,,0.107,SUDESTE,CARLA MENDES,TELEVENDAS,PENDENTE
PED-08141,2024-08-08,TECLADO,37,8962.69,0.371,SUDESTE,ELENA SOUZA,ONLINE,PENDENTE
PED-03777,2024-07-02,TECLADO,999999,,0.0,SUL,BRUNO COSTA,ONLINE,PENDENTE
PED-08847,2022-07-04,IMPRESSORA,,3150.3,0.0,SUDESTE,DIEGO LIMA,ONLINE,EM ANÁLISE
PED-08188,,WEBCAM,160,,0.0,SUL,ELENA SOUZA,LOJA FÍSICA,CONCLUÍDO
PED-06922,2024-05-10,IMPRESSORA,139,2211.0,0.35700000000000004,CENTRO-OESTE,BRUNO COSTA,REVENDEDOR,PENDENTE
PED-08998,,TABLET,10,,0.237,SUDESTE,ELENA SOUZA,ONLINE,CONCLUÍDO
PED-01056,2023-03-16,WEBCAM,117,,1.0,CENTRO-OESTE,BRUNO COSTA,ONLINE,PENDENTE
PED-03633,,TECLADO,,,0.0,NORTE,ANA SILVA,LOJA FÍSICA,PENDENTE
PED-07601,2024-11-28,HD EXTERNO,231,,0.0,NORTE,ELENA SOUZA,ONLINE,PENDENTE
PED-01620,,WEBCAM,165,,0.479,CENTRO-OESTE,ANA SILVA,LOJA FÍSICA,CONCLUÍDO
PED-00529,2023-11-17,SMARTPHONE,104,,0.33,SUDESTE,DIEGO LIMA,TELEVENDAS,PENDENTE
PED-07629,2022-06-22,TABLET,333,,0.0,NORTE,CARLA MENDES,TELEVENDAS,EM ANÁLISE
PED-00615,,TABLET,85,12246.38,0.0,SUL,ANA SILVA,ONLINE,PENDENTE
PED-01185,,SMARTPHONE,,,0.0,SUL,CARLA MENDES,ONLINE,CONCLUÍDO
PED-04802,2022-12-11,TECLADO,,2662.13,0.139,NORTE,DIEGO LIMA,LOJA FÍSICA,EM ANÁLISE
PED-04771,2023-11-14,MOUSE,413,,0.208,SUL,ELENA SOUZA,LOJA FÍSICA,EM ANÁLISE
PED-00689,2023-07-18,HEADSET,,12335.31,0.28600000000000003,NORTE,DIEGO LIMA,LOJA FÍSICA,CONCLUÍDO
PED-05282,2023-01-19,MOUSE,102,3959.13,0.33899999999999997,NORTE,ELENA SOUZA,LOJA FÍSICA,CANCELADO
PED-05164,,HEADSET,,,0.217,NORDESTE,ELENA SOUZA,REVENDEDOR,CONCLUÍDO
PED-05623,2023-07-21,NOTEBOOK,999999,12988.37,0.484,SUL,CARLA MENDES,ONLINE,CANCELADO
PED-03050,2023-10-12,MONITOR,,6389.32,0.315,SUL,ELENA SOUZA,TELEVENDAS,CANCELADO
PED-08117,2022-12-14,TABLET,,,1.0,NORTE,BRUNO COSTA,ONLINE,CONCLUÍDO
PED-08452,2022-04-07,WEBCAM,,,0.0,CENTRO-OESTE,BRUNO COSTA,LOJA FÍSICA,CANCELADO
PED-81310,2023-07-07,TECLADO,424,,0.465,SUL,BRUNO COSTA,ONLINE,EM ANÁLISE
PED-01821,2022-12-05,MOUSE,295,3562.12,0.096,NORTE,ANA SILVA,REVENDEDOR,PENDENTE
PED-07668,,HEADSET,999999,92.02,0.0,SUDESTE,ELENA SOUZA,REVENDEDOR,PENDENTE
PED-07280,2024-07-03,TABLET,32,13140.63,0.0,NORTE,ELENA SOUZA,REVENDEDOR,PENDENTE
PED-00995,,WEBCAM,345,,0.067,SUDESTE,ELENA SOUZA,LOJA FÍSICA,EM ANÁLISE
PED-09745,2024-08-28,IMPRESSORA,420,,0.254,SUL,ANA SILVA,TELEVENDAS,CONCLUÍDO
PED-00835,2024-12-13,TABLET,,,1.0,SUL,DIEGO LIMA,ONLINE,CONCLUÍDO
PED-06847,,IMPRESSORA,,3373.98,0.0,SUL,CARLA MENDES,TELEVENDAS,PENDENTE
PED-00776,,HD EXTERNO,148,,0.0,NORDESTE,DIEGO LIMA,ONLINE,PENDENTE
PED-02047,2024-10-14,WEBCAM,138,4620.49,0.314,SUL,ANA SILVA,LOJA FÍSICA,PENDENTE
PED-06988,2022-10-14,MOUSE,,7584.71,0.43700000000000006,SUDESTE,DIEGO LIMA,LOJA FÍSICA,CONCLUÍDO
PED-09938,,MOUSE,385,,0.104,SUL,ANA SILVA,LOJA FÍSICA,PENDENTE
PED-51024,2024-01-09,TECLADO,999999,5686.42,0.0,CENTRO-OESTE,ANA SILVA,LOJA FÍSICA,EM ANÁLISE
PED-03313,2023-10-27,HD EXTERNO,200,,0.179,SUL,ANA SILVA,ONLINE,CONCLUÍDO
PED-00255,2022-06-27,TECLADO,,4380.38,0.248,NORDESTE,DIEGO LIMA,ONLINE,CONCLUÍDO
PED-02072,2024-02-14,MONITOR,,13815.38,0.0,SUDESTE,ELENA SOUZA,LOJA FÍSICA,CONCLUÍDO
PED-08753,2022-01-04,HEADSET,352,1833.6,0.14300000000000002,NORTE,DIEGO LIMA,ONLINE,PENDENTE
PED-02449,,IMPRESSORA,,14701.09,0.0,CENTRO-OESTE,BRUNO COSTA,LOJA FÍSICA,CONCLUÍDO
PED-06490,2024-12-25,TECLADO,,11848.23,0.25,CENTRO-OESTE,ANA SILVA,LOJA FÍSICA,PENDENTE
PED-08410,2022-08-13,TABLET,,14889.22,0.48,NORTE,BRUNO COSTA,LOJA FÍSICA,PENDENTE
PED-04207,2022-10-03,NOTEBOOK,67,8572.6,0.284,NORDESTE,ELENA SOUZA,ONLINE,CANCELADO
PED-03859,,HEADSET,176,,0.0,SUDESTE,ELENA SOUZA,LOJA FÍSICA,CONCLUÍDO
PED-08635,,TABLET,277,4106.31,1.0,NORTE,DIEGO LIMA,LOJA FÍSICA,CANCELADO
PED-07604,2023-11-12,HEADSET,266,5635.01,0.0,SUL,CARLA MENDES,LOJA FÍSICA,CONCLUÍDO
PED-05826,2023-01-14,WEBCAM,319,3534.73,0.267,NORTE,ELENA SOUZA,LOJA FÍSICA,CANCELADO
PED-08795,,TECLADO,,11483.0,0.485,NORDESTE,BRUNO COSTA,ONLINE,CONCLUÍDO
PED-08254,,MOUSE,7,14471.0,0.0,SUL,CARLA MENDES,LOJA FÍSICA,CONCLUÍDO
PED-02686,2022-11-24,MOUSE,999999,7319.23,0.071,NORDESTE,ANA SILVA,REVENDEDOR,PENDENTE
PED-01762,,MOUSE,331,7029.72,0.447,NORTE,ELENA SOUZA,REVENDEDOR,EM ANÁLISE
PED-00331,2024-12-10,IMPRESSORA,,2005.36,0.0,NORDESTE,BRUNO COSTA,ONLINE,CONCLUÍDO
PED-04943,2024-10-09,MONITOR,96,8957.27,0.0,CENTRO-OESTE,ELENA SOUZA,ONLINE,PENDENTE
PED-05709,2022-05-01,SMARTPHONE,,,0.43,CENTRO-OESTE,BRUNO COSTA,ONLINE,EM ANÁLISE
PED-08392,,MONITOR,34,14777.22,0.308,CENTRO-OESTE,CARLA MENDES,TELEVENDAS,CANCELADO
PED-24653,2022-01-07,WEBCAM,,10558.59,0.0,NORTE,DIEGO LIMA,ONLINE,CONCLUÍDO
PED-46586,,HEADSET,500,12355.95,0.44,SUDESTE,ANA SILVA,ONLINE,CONCLUÍDO
PED-87108,2023-12-13,HEADSET,,4864.0,0.41,NORTE,CARLA MENDES,ONLINE,CONCLUÍDO
PED-00741,2024-06-05,TABLET,,,0.0,NORDESTE,ELENA SOUZA,REVENDEDOR,CONCLUÍDO
PED-09250,2023-03-07,TECLADO,,,0.0,NORTE,BRUNO COSTA,TELEVENDAS,PENDENTE
PED-09678,2024-09-23,HD EXTERNO,,,0.373,SUL,BRUNO COSTA,REVENDEDOR,EM ANÁLISE
PED-03796,,MOUSE,347,,0.45399999999999996,SUL,BRUNO COSTA,ONLINE,EM ANÁLISE
PED-07107,,NOTEBOOK,,,0.0,SUL,ELENA SOUZA,LOJA FÍSICA,CONCLUÍDO
PED-06614,2024-12-24,NOTEBOOK,,1397.0,1.0,CENTRO-OESTE,ELENA SOUZA,ONLINE,CANCELADO
PED-01701,,NOTEBOOK,64,,0.0,CENTRO-OESTE,CARLA MENDES,LOJA FÍSICA,PENDENTE
PED-02936,,NOTEBOOK,,11079.78,0.35,NORTE,CARLA MENDES,ONLINE,CANCELADO
PED-04391,2023-04-21,MOUSE,263,,0.0,SUDESTE,CARLA MENDES,LOJA FÍSICA,CONCLUÍDO
PED-00990,2024-02-04,WEBCAM,999999,,0.0,SUL,CARLA MENDES,LOJA FÍSICA,CONCLUÍDO
PED-03331,,HD EXTERNO,125,,0.0,SUL,ELENA SOUZA,ONLINE,CONCLUÍDO
PED-02573,2024-01-26,TABLET,,6863.48,0.304,SUL,DIEGO LIMA,REVENDEDOR,PENDENTE
PED-05156,,MOUSE,116,,0.075,SUDESTE,ELENA SOUZA,LOJA FÍSICA,EM ANÁLISE
PED-06832,2023-04-13,TECLADO,279,8961.82,0.41,SUDESTE,ELENA SOUZA,TELEVENDAS,CANCELADO
PED-06857,,TABLET,419,,0.09,SUDESTE,CARLA MENDES,LOJA FÍSICA,PENDENTE
PED-00866,2022-11-08,TABLET,,,0.0,NORTE,BRUNO COSTA,LOJA FÍSICA,CONCLUÍDO
PED-01274,,HEADSET,327,,0.078,SUL,DIEGO LIMA,ONLINE,PENDENTE
PED-83635,2023-06-01,IMPRESSORA,,,0.0,SUL,BRUNO COSTA,TELEVENDAS,EM ANÁLISE
PED-04790,2022-11-16,MONITOR,,838.35,0.39,SUDESTE,BRUNO COSTA,REVENDEDOR,CANCELADO
PED-07022,2022-12-06,NOTEBOOK,,14557.26,0.273,SUL,BRUNO COSTA,ONLINE,CANCELADO
PED-01661,2023-01-27,TABLET,101,,0.094,SUL,CARLA MENDES,ONLINE,CONCLUÍDO
PED-00612,2023-06-07,WEBCAM,61,7820.84,0.0,CENTRO-OESTE,ANA SILVA,ONLINE,CONCLUÍDO
PED-01914,2024-07-12,TABLET,365,12294.57,0.157,NORTE,BRUNO COSTA,TELEVENDAS,CONCLUÍDO
PED-02228,2024-04-05,NOTEBOOK,466,,0.001,SUDESTE,BRUNO COSTA,REVENDEDOR,CONCLUÍDO
PED-03709,,MONITOR,483,5082.28,0.0,NORTE,DIEGO LIMA,ONLINE,CANCELADO
PED-02606,,SMARTPHONE,,7516.36,0.0,NORTE,DIEGO LIMA,TELEVENDAS,PENDENTE
PED-02673,2022-10-21,WEBCAM,353,,0.12,NORDESTE,ANA SILVA,ONLINE,PENDENTE
PED-06025,2022-12-08,TABLET,,13804.04,0.267,CENTRO-OESTE,ELENA SOUZA,LOJA FÍSICA,EM ANÁLISE
PED-05741,,TECLADO,,,0.0,SUDESTE,ELENA SOUZA,REVENDEDOR,PENDENTE
PED-07578,2024-01-15,TABLET,,,0.0,NORTE,CARLA MENDES,LOJA FÍSICA,PENDENTE
PED-08278,,HD EXTERNO,,12370.98,0.0,NORDESTE,DIEGO LIMA,LOJA FÍSICA,PENDENTE
PED-02139,2023-03-10,TABLET,5,,0.415,NORTE,DIEGO LIMA,LOJA FÍSICA,CONCLUÍDO
PED-08499,2023-09-20,WEBCAM,133,,0.0,NORTE,CARLA MENDES,TELEVENDAS,PENDENTE
PED-01940,2024-06-06,HEADSET,,12685.49,0.11699999999999999,NORDESTE,DIEGO LIMA,ONLINE,CONCLUÍDO
PED-09229,,TECLADO,276,,0.2,NORTE,BRUNO COSTA,ONLINE,CANCELADO
PED-05427,2022-01-23,HD EXTERNO,,,0.0,NORTE,BRUNO COSTA,REVENDEDOR,CONCLUÍDO
PED-03564,2023-02-09,HEADSET,183,9828.2,0.316,SUL,ANA SILVA,REVENDEDOR,PENDENTE
PED-37376,,MOUSE,999999,7752.06,0.11199999999999999,NORTE,ANA SILVA,ONLINE,CONCLUÍDO
PED-07770,2023-10-03,HD EXTERNO,187,,0.402,CENTRO-OESTE,CARLA MENDES,TELEVENDAS,CONCLUÍDO
PED-04849,,SMARTPHONE,999999,2346.93,1.0,SUL,DIEGO LIMA,TELEVENDAS,PENDENTE
PED-00614,2023-08-14,WEBCAM,242,2993.16,0.157,SUL,BRUNO COSTA,ONLINE,EM ANÁLISE
PED-03231,2022-09-06,MONITOR,132,,0.0,CENTRO-OESTE,DIEGO LIMA,ONLINE,EM ANÁLISE
PED-05221,2024-07-04,HEADSET,125,3480.0,0.23800000000000002,SUDESTE,ELENA SOUZA,ONLINE,EM ANÁLISE
PED-01094,2024-06-22,MONITOR,311,,0.35200000000000004,SUL,CARLA MENDES,LOJA FÍSICA,CONCLUÍDO
PED-06739,2024-10-22,NOTEBOOK,177,,0.40399999999999997,NORDESTE,BRUNO COSTA,ONLINE,CONCLUÍDO
PED-08430,,MONITOR,129,,0.105,SUDESTE,DIEGO LIMA,LOJA FÍSICA,CANCELADO
PED-09984,2023-10-25,IMPRESSORA,386,2296.89,0.09,SUDESTE,CARLA MENDES,LOJA FÍSICA,EM ANÁLISE
PED-00696,2022-11-28,MONITOR,,10848.0,0.083,SUL,ANA SILVA,TELEVENDAS,CONCLUÍDO
PED-06436,,MONITOR,341,8225.12,0.0,NORTE,BRUNO COSTA,TELEVENDAS,CONCLUÍDO
PED-09541,2023-07-03,SMARTPHONE,999999,13324.54,0.0,NORTE,ELENA SOUZA,REVENDEDOR,CONCLUÍDO
PED-00676,,MONITOR,361,5731.76,1.0,NORDESTE,BRUNO COSTA,LOJA FÍSICA,PENDENTE
PED-05742,2023-11-11,MOUSE,289,,0.0,NORTE,ELENA SOUZA,ONLINE,PENDENTE
PED-03384,2024-01-23,NOTEBOOK,455,1190.92,0.0,SUL,ELENA SOUZA,REVENDEDOR,CONCLUÍDO
PED-04258,2022-12-12,SMARTPHONE,72,,0.0,NORTE,ELENA SOUZA,TELEVENDAS,CONCLUÍDO
PED-01897,,NAN,352,,0.0,SUL,ELENA SOUZA,ONLINE,PENDENTE
PED-08952,2024-04-05,WEBCAM,,,0.44799999999999995,NORTE,BRUNO COSTA,REVENDEDOR,CONCLUÍDO
PED-06609,2024-12-21,HD EXTERNO,,4311.4,0.388,CENTRO-OESTE,CARLA MENDES,ONLINE,EM ANÁLISE
PED-02293,2024-04-13,MONITOR,188,,0.0,NORTE,ELENA SOUZA,ONLINE,CANCELADO
PED-05830,2022-10-25,TECLADO,,,1.0,SUL,BRUNO COSTA,LOJA FÍSICA,PENDENTE
PED-09185,,SMARTPHONE,45,,0.473,NORDESTE,ELENA SOUZA,TELEVENDAS,PENDENTE
PED-00491,2022-07-13,MONITOR,,7988.27,0.489,NORTE,ELENA SOUZA,TELEVENDAS,CONCLUÍDO
PED-04031,2024-06-22,NOTEBOOK,108,8948.94,0.0,NORTE,ANA SILVA,REVENDEDOR,CONCLUÍDO
PED-07105,,SMARTPHONE,428,,1.0,NORTE,DIEGO LIMA,LOJA FÍSICA,EM ANÁLISE
PED-01952,,MOUSE,,138.77,1.0,SUL,NAN,REVENDEDOR,CANCELADO
PED-04341,2022-01-22,MOUSE,456,,0.0,SUL,CARLA MENDES,ONLINE,PENDENTE
PED-08346,2022-04-21,TABLET,999999,,0.478,SUL,ANA SILVA,TELEVENDAS,CANCELADO
PED-00852,2024-04-09,HD EXTERNO,,,0.0,NORDESTE,ANA SILVA,ONLINE,PENDENTE
PED-55073,2022-01-25,TABLET,151,7807.64,0.0,NORTE,CARLA MENDES,LOJA FÍSICA,CONCLUÍDO
PED-06986,,TECLADO,466,14777.97,0.0,CENTRO-OESTE,ANA SILVA,TELEVENDAS,PENDENTE
PED-09284,2023-04-15,IMPRESSORA,999999,,0.027000000000000003,SUL,CARLA MENDES,TELEVENDAS,CONCLUÍDO
PED-03083,,TABLET,263,6644.52,0.0,NORTE,CARLA MENDES,TELEVENDAS,EM ANÁLISE
PED-07573,2022-05-25,SMARTPHONE,,14738.36,0.055,SUDESTE,BRUNO COSTA,TELEVENDAS,CANCELADO
PED-06218,2024-04-13,NOTEBOOK,,6229.68,0.0,CENTRO-OESTE,DIEGO LIMA,LOJA FÍSICA,CONCLUÍDO
PED-00012,,TECLADO,,2252.26,0.0,SUL,ANA SILVA,TELEVENDAS,CONCLUÍDO
PED-62519,2024-02-19,HD EXTERNO,,998.06,0.36,CENTRO-OESTE,ANA SILVA,TELEVENDAS,PENDENTE
PED-47334,2023-07-22,SMARTPHONE,448,,0.303,NORTE,ELENA SOUZA,LOJA FÍSICA,CONCLUÍDO
PED-06760,2023-05-27,MOUSE,,9065.54,0.095,SUL,DIEGO LIMA,TELEVENDAS,CONCLUÍDO
PED-05210,,WEBCAM,,6102.88,0.0,NORTE,CARLA MENDES,LOJA FÍSICA,CANCELADO
PED-07899,,TECLADO,,6714.63,0.0,NORTE,CARLA MENDES,LOJA FÍSICA,CONCLUÍDO
PED-04437,2023-04-20,HEADSET,380,,0.17800000000000002,SUDESTE,ANA SILVA,LOJA FÍSICA,EM ANÁLISE
PED-01909,2022-07-09,NOTEBOOK,999999,,0.12,NORDESTE,CARLA MENDES,REVENDEDOR,CONCLUÍDO
PED-00196,2022-10-24,MONITOR,,5759.0,0.8,CENTRO-OESTE,BRUNO COSTA,REVENDEDOR,CONCLUÍDO
PED-03360,,TABLET,,2693.61,0.396,CENTRO-OESTE,ANA SILVA,ONLINE,CONCLUÍDO
PED-07307,2023-12-08,WEBCAM,,10792.89,0.376,SUL,BRUNO COSTA,REVENDEDOR,EM ANÁLISE
PED-08913,,WEBCAM,175,,1.0,NORTE,CARLA MENDES,ONLINE,EM ANÁLISE
PED-02009,2024-02-02,TECLADO,291,7967.99,0.018,SUDESTE,ANA SILVA,REVENDEDOR,CONCLUÍDO
PED-08662,2023-04-04,NOTEBOOK,446,11502.0,0.0,SUDESTE,ANA SILVA,ONLINE,CONCLUÍDO
PED-07323,,MOUSE,,12282.0,0.10400000000000001,NORDESTE,CARLA MENDES,ONLINE,CONCLUÍDO
PED-06001,,MOUSE,,3710.2,0.406,NORDESTE,CARLA MENDES,ONLINE,PENDENTE
PED-01601,2024-01-22,TECLADO,,9595.2,0.394,CENTRO-OESTE,DIEGO LIMA,REVENDEDOR,EM ANÁLISE
PED-04042,2024-06-17,MONITOR,364,8661.68,0.48,NORTE,CARLA MENDES,ONLINE,PENDENTE
PED-08954,2023-01-28,TABLET,,,0.0,CENTRO-OESTE,CARLA MENDES,LOJA FÍSICA,PENDENTE
PED-03017,2023-07-04,HEADSET,,,1.0,SUL,CARLA MENDES,TELEVENDAS,EM ANÁLISE
PED-03801,2024-08-25,TABLET,999999,2932.45,1.0,NORTE,BRUNO COSTA,ONLINE,CONCLUÍDO
PED-07400,2022-01-03,HEADSET,,4924.25,0.0,NORTE,DIEGO LIMA,TELEVENDAS,CONCLUÍDO
PED-05102,,SMARTPHONE,344,,0.066,SUDESTE,BRUNO COSTA,REVENDEDOR,CONCLUÍDO
PED-07718,2022-09-17,SMARTPHONE,7,3611.2,0.28,SUL,ELENA SOUZA,LOJA FÍSICA,PENDENTE
PED-02490,2023-07-15,TECLADO,173,14115.0,0.222,NORTE,ELENA SOUZA,ONLINE,CANCELADO
PED-04619,,TABLET,,9723.23,0.059000000000000004,NORTE,ELENA SOUZA,LOJA FÍSICA,PENDENTE
PED-02389,,IMPRESSORA,389,8155.0,0.381,SUL,DIEGO LIMA,REVENDEDOR,PENDENTE
PED-01644,2024-04-27,HD EXTERNO,179,4841.13,0.0,CENTRO-OESTE,ANA SILVA,REVENDEDOR,CANCELADO
PED-03023,2024-01-18,HEADSET,85,550.46,0.21,SUL,BRUNO COSTA,LOJA FÍSICA,CONCLUÍDO
PED-00066,2023-07-02,SMARTPHONE,999999,,0.0,NORTE,CARLA MENDES,ONLINE,PENDENTE
PED-00245,2024-09-11,SMARTPHONE,,,0.0,NORDESTE,ELENA SOUZA,TELEVENDAS,CANCELADO
PED-07138,,WEBCAM,303,,1.0,SUL,BRUNO COSTA,LOJA FÍSICA,PENDENTE
PED-00708,2022-03-04,IMPRESSORA,449,,0.0,CENTRO-OESTE,CARLA MENDES,TELEVENDAS,PENDENTE
PED-06600,2022-06-10,TECLADO,196,,0.0,SUL,ELENA SOUZA,LOJA FÍSICA,CONCLUÍDO
PED-02546,2024-09-21,NOTEBOOK,126,1681.36,0.0,SUL,CARLA MENDES,ONLINE,PENDENTE
PED-02313,2024-12-06,NOTEBOOK,493,,0.307,NORDESTE,ELENA SOUZA,LOJA FÍSICA,EM ANÁLISE
PED-03811,2024-04-02,SMARTPHONE,,,0.0,SUDESTE,ELENA SOUZA,LOJA FÍSICA,CANCELADO
PED-00565,2024-11-02,TECLADO,999999,,0.32,NORTE,DIEGO LIMA,TELEVENDAS,CANCELADO
PED-03285,2023-10-10,MOUSE,999999,,0.471,CENTRO-OESTE,ELENA SOUZA,REVENDEDOR,CANCELADO
PED-06288,2024-05-06,WEBCAM,,1592.43,0.0,NORTE,ANA SILVA,REVENDEDOR,CANCELADO
PED-04226,2023-02-27,HD EXTERNO,,,0.0,CENTRO-OESTE,DIEGO LIMA,REVENDEDOR,CONCLUÍDO
PED-01829,2023-10-15,HEADSET,999999,12356.68,0.0,CENTRO-OESTE,ANA SILVA,LOJA FÍSICA,PENDENTE
PED-07195,2024-12-27,TECLADO,114,,0.0,SUDESTE,DIEGO LIMA,LOJA FÍSICA,EM ANÁLISE
PED-00432,2022-12-22,WEBCAM,,14367.47,0.225,SUL,DIEGO LIMA,LOJA FÍSICA,EM ANÁLISE
PED-05516,,MOUSE,999999,7362.58,0.237,NORDESTE,DIEGO LIMA,REVENDEDOR,CONCLUÍDO
PED-15023,,WEBCAM,999999,,0.0,SUL,ANA SILVA,ONLINE,PENDENTE
PED-06343,,HD EXTERNO,99,,0.348,NORTE,ANA SILVA,LOJA FÍSICA,EM ANÁLISE
PED-03055,2022-11-13,TABLET,,7325.35,0.444,SUDESTE,ELENA SOUZA,LOJA FÍSICA,CONCLUÍDO
PED-04683,2024-09-19,HEADSET,999999,12198.94,0.096,SUL,ANA SILVA,REVENDEDOR,CANCELADO
PED-08307,2022-04-25,TECLADO,21,,0.484,SUDESTE,BRUNO COSTA,LOJA FÍSICA,CONCLUÍDO
PED-08877,2022-11-07,TABLET,,5491.78,0.0,NORTE,BRUNO COSTA,REVENDEDOR,CANCELADO
PED-02621,2024-08-18,WEBCAM,421,9329.47,0.018,NORTE,CARLA MENDES,ONLINE,CONCLUÍDO
PED-07324,2024-08-10,WEBCAM,,11982.92,0.23,SUDESTE,BRUNO COSTA,LOJA FÍSICA,PENDENTE
PED-03410,2024-12-21,MONITOR,,5985.89,0.027999999999999997,SUL,DIEGO LIMA,ONLINE,EM ANÁLISE
PED-06936,,TABLET,999999,5369.4,0.0,CENTRO-OESTE,ANA SILVA,ONLINE,CONCLUÍDO
PED-32768,2022-07-08,IMPRESSORA,,10612.12,0.0,SUDESTE,BRUNO COSTA,TELEVENDAS,CANCELADO
PED-01840,2024-10-22,IMPRESSORA,,10483.81,0.067,SUL,CARLA MENDES,ONLINE,PENDENTE
PED-03436,,NAN,291,,0.0,NORTE,CARLA MENDES,ONLINE,PENDENTE
PED-05372,,HEADSET,435,9325.16,0.0,NORDESTE,CARLA MENDES,LOJA FÍSICA,PENDENTE
PED-06345,2023-04-17,WEBCAM,,,1.0,NORTE,CARLA MENDES,LOJA FÍSICA,CANCELADO
PED-05850,2022-08-04,SMARTPHONE,500,14264.36,0.0,SUDESTE,ANA SILVA,REVENDEDOR,CONCLUÍDO
PED-04530,,IMPRESSORA,,557.09,0.208,CENTRO-OESTE,ELENA SOUZA,LOJA FÍSICA,CONCLUÍDO
PED-00290,2023-02-08,HEADSET,,,0.413,SUDESTE,BRUNO COSTA,ONLINE,PENDENTE
PED-01467,,NOTEBOOK,317,,0.098,SUDESTE,CARLA MENDES,LOJA FÍSICA,EM ANÁLISE
PED-08330,2024-07-02,HEADSET,,,0.263,SUL,ELENA SOUZA,LOJA FÍSICA,PENDENTE
PED-03138,,IMPRESSORA,100,,0.242,SUDESTE,BRUNO COSTA,ONLINE,CANCELADO
PED-14019,2023-02-19,TABLET,999999,,0.193,CENTRO-OESTE,ELENA SOUZA,LOJA FÍSICA,CANCELADO
PED-03865,,HD EXTERNO,,,0.0,SUL,DIEGO LIMA,TELEVENDAS,EM ANÁLISE
PED-09228,2024-03-25,HEADSET,416,,0.387,CENTRO-OESTE,CARLA MENDES,REVENDEDOR,CANCELADO
PED-02004,,MOUSE,189,,0.0,NORDESTE,ANA SILVA,TELEVENDAS,PENDENTE
PED-08721,,HEADSET,999999,10452.73,0.068,NORTE,ANA SILVA,TELEVENDAS,CANCELADO
PED-09514,,TECLADO,235,,0.0,NORDESTE,BRUNO COSTA,REVENDEDOR,CANCELADO
PED-00022,2024-03-08,IMPRESSORA,359,6518.39,0.364,SUL,BRUNO COSTA,REVENDEDOR,PENDENTE
PED-04169,,TECLADO,,5469.14,0.33,SUL,CARLA MENDES,ONLINE,PENDENTE
PED-06069,,NOTEBOOK,63,5556.71,0.0,NORDESTE,DIEGO LIMA,TELEVENDAS,PENDENTE
PED-01872,2022-10-28,HEADSET,,,0.455,SUDESTE,BRUNO COSTA,ONLINE,CONCLUÍDO
PED-00945,2023-10-16,IMPRESSORA,999999,11800.91,0.22,NORTE,ANA SILVA,LOJA FÍSICA,PENDENTE
PED-07736,,NOTEBOOK,,,0.0,SUL,CARLA MENDES,LOJA FÍSICA,CONCLUÍDO
PED-05523,2022-04-13,MONITOR,,,0.428,NORTE,ANA SILVA,TELEVENDAS,EM ANÁLISE
PED-04702,2024-07-16,TECLADO,,5975.66,0.0,NORTE,BRUNO COSTA,LOJA FÍSICA,CANCELADO
PED-08746,2024-06-04,MOUSE,,,0.34,SUDESTE,ELENA SOUZA,ONLINE,EM ANÁLISE
PED-02090,2023-04-15,MONITOR,206,,0.125,SUL,BRUNO COSTA,ONLINE,CONCLUÍDO
PED-08632,2022-06-15,HEADSET,,,0.099,NORTE,ANA SILVA,LOJA FÍSICA,PENDENTE
PED-03013,,TECLADO,109,14214.99,0.301,NORTE,ANA SILVA,LOJA FÍSICA,EM ANÁLISE
PED-06330,2024-03-28,SMARTPHONE,,,0.0,NORTE,ELENA SOUZA,LOJA FÍSICA,CONCLUÍDO
PED-08602,2022-12-14,TECLADO,,7517.58,1.0,NORDESTE,DIEGO LIMA,REVENDEDOR,CONCLUÍDO
PED-06881,2024-01-23,IMPRESSORA,201,,0.0,SUDESTE,ELENA SOUZA,LOJA FÍSICA,CONCLUÍDO
PED-00401,2024-04-06,HD EXTERNO,230,96.86,0.14,NORTE,ANA SILVA,TELEVENDAS,CONCLUÍDO
PED-08987,,TABLET,44,6489.54,0.21600000000000003,SUL,ANA SILVA,LOJA FÍSICA,EM ANÁLISE
PED-06707,2023-04-26,HD EXTERNO,,,0.0,NORDESTE,ANA SILVA,ONLINE,CONCLUÍDO
PED-09590,2024-06-03,HEADSET,,,0.0,SUL,ELENA SOUZA,REVENDEDOR,PENDENTE
PED-04065,,IMPRESSORA,,8074.14,0.371,CENTRO-OESTE,BRUNO COSTA,REVENDEDOR,CONCLUÍDO
PED-00632,2023-01-21,SMARTPHONE,,12986.58,0.293,SUDESTE,CARLA MENDES,REVENDEDOR,CONCLUÍDO
PED-05141,,IMPRESSORA,,,1.0,NORTE,BRUNO COSTA,REVENDEDOR,CONCLUÍDO
PED-04724,2022-10-18,WEBCAM,454,,0.15,SUL,ELENA SOUZA,ONLINE,PENDENTE
PED-05836,2024-07-12,HD EXTERNO,,4831.28,1.0,NORTE,DIEGO LIMA,LOJA FÍSICA,PENDENTE
PED-02155,,NOTEBOOK,,1446.21,0.076,SUDESTE,ELENA SOUZA,ONLINE,PENDENTE
PED-00524,2023-12-02,HD EXTERNO,476,4776.0,0.45299999999999996,SUDESTE,ELENA SOUZA,TELEVENDAS,CONCLUÍDO
PED-09640,,SMARTPHONE,117,7808.0,0.494,SUL,ELENA SOUZA,LOJA FÍSICA,EM ANÁLISE
PED-02229,2022-04-21,TABLET,146,2349.86,0.40399999999999997,SUL,CARLA MENDES,REVENDEDOR,PENDENTE
PED-06460,,TABLET,,8596.71,0.0,SUL,CARLA MENDES,LOJA FÍSICA,PENDENTE
PED-07800,2022-12-08,NOTEBOOK,470,7878.0,0.0,SUL,BRUNO COSTA,ONLINE,CONCLUÍDO
PED-00241,2024-10-05,IMPRESSORA,,,0.341,CENTRO-OESTE,DIEGO LIMA,ONLINE,PENDENTE
PED-06320,2023-10-12,HD EXTERNO,,10691.82,0.031,SUL,ELENA SOUZA,TELEVENDAS,PENDENTE
PED-00968,2023-06-15,TECLADO,213,,0.0,CENTRO-OESTE,ANA SILVA,ONLINE,EM ANÁLISE
PED-06005,2023-02-11,HEADSET,,4052.57,0.12,SUDESTE,CARLA MENDES,TELEVENDAS,PENDENTE
PED-06618,,HEADSET,,,0.11199999999999999,SUDESTE,BRUNO COSTA,ONLINE,PENDENTE
PED-06606,2024-03-13,SMARTPHONE,307,,0.473,NORDESTE,ELENA SOUZA,ONLINE,PENDENTE
PED-06633,2024-09-01,MONITOR,,,0.43,NORTE,BRUNO COSTA,ONLINE,CONCLUÍDO
PED-06542,2022-05-22,TECLADO,,2923.05,0.343,SUL,ANA SILVA,ONLINE,PENDENTE
PED-01368,2023-02-13,MONITOR,149,11986.6,0.499,SUL,ANA SILVA,REVENDEDOR,PENDENTE
PED-02124,,HD EXTERNO,256,12806.74,0.223,NORDESTE,DIEGO LIMA,LOJA FÍSICA,CONCLUÍDO
PED-05905,,TABLET,111,12396.94,0.27899999999999997,NORTE,ELENA SOUZA,REVENDEDOR,CANCELADO
PED-04238,,NOTEBOOK,359,,0.0,NORTE,ELENA SOUZA,LOJA FÍSICA,CONCLUÍDO
PED-04285,,HEADSET,213,551.8,0.0,NORDESTE,ANA SILVA,ONLINE,EM ANÁLISE
PED-02841,,WEBCAM,482,14408.36,0.395,SUL,BRUNO COSTA,LOJA FÍSICA,CANCELADO
PED-09219,,IMPRESSORA,60,11448.51,0.0,NORTE,CARLA MENDES,REVENDEDOR,EM ANÁLISE
PED-01343,,IMPRESSORA,,9978.39,0.084,NORTE,ANA SILVA,LOJA FÍSICA,PENDENTE
PED-00093,2024-08-25,WEBCAM,,,0.0,SUL,DIEGO LIMA,ONLINE,CONCLUÍDO
PED-07548,2023-09-04,MOUSE,,589.0,0.0,SUDESTE,BRUNO COSTA,TELEVENDAS,PENDENTE
PED-07883,2022-02-26,MOUSE,,,0.277,SUDESTE,ANA SILVA,TELEVENDAS,CANCELADO
PED-05800,2022-03-24,IMPRESSORA,,11501.34,0.0,CENTRO-OESTE,CARLA MENDES,ONLINE,CONCLUÍDO
PED-00104,2023-02-25,IMPRESSORA,,6902.84,0.27399999999999997,NORTE,ELENA SOUZA,REVENDEDOR,CANCELADO
PED-00979,,HD EXTERNO,110,9141.37,0.0,NORDESTE,ELENA SOUZA,TELEVENDAS,PENDENTE
PED-08284,,TABLET,,13840.66,0.099,SUL,CARLA MENDES,ONLINE,CONCLUÍDO
PED-06068,2022-06-08,WEBCAM,19,,0.257,SUDESTE,ELENA SOUZA,LOJA FÍSICA,PENDENTE
PED-05391,,TABLET,,13170.5,0.0,SUL,ANA SILVA,REVENDEDOR,CONCLUÍDO
PED-06076,2023-05-11,TECLADO,430,,0.0,NORDESTE,ANA SILVA,REVENDEDOR,PENDENTE
PED-08627,,HEADSET,400,,0.185,NORTE,ANA SILVA,REVENDEDOR,CANCELADO
PED-02534,,IMPRESSORA,,,0.419,NORDESTE,DIEGO LIMA,ONLINE,PENDENTE
PED-00451,2024-04-03,TECLADO,379,3592.16,0.281,SUL,ELENA SOUZA,LOJA FÍSICA,PENDENTE
PED-04988,2022-01-08,SMARTPHONE,,6610.85,0.434,CENTRO-OESTE,ANA SILVA,REVENDEDOR,EM ANÁLISE
PED-05016,2023-04-01,IMPRESSORA,186,774.78,1.0,SUDESTE,ELENA SOUZA,ONLINE,EM ANÁLISE
PED-07642,,MOUSE,313,,0.0,SUL,ELENA SOUZA,REVENDEDOR,CONCLUÍDO
PED-09536,2023-04-11,TECLADO,,,0.0,SUL,ANA SILVA,REVENDEDOR,CONCLUÍDO
PED-08863,,HD EXTERNO,,,0.0,NORTE,DIEGO LIMA,REVENDEDOR,CONCLUÍDO
PED-00707,2024-09-13,IMPRESSORA,,,0.311,CENTRO-OESTE,BRUNO COSTA,REVENDEDOR,CONCLUÍDO
PED-08750,,WEBCAM,,9471.49,0.32799999999999996,SUDESTE,ANA SILVA,ONLINE,CONCLUÍDO
PED-08727,2024-12-14,IMPRESSORA,,,0.0,NORTE,DIEGO LIMA,LOJA FÍSICA,CONCLUÍDO
PED-07299,2022-04-05,SMARTPHONE,434,3563.0,0.38,NORTE,BRUNO COSTA,TELEVENDAS,PENDENTE
PED-05980,2022-09-14,IMPRESSORA,196,,0.0,SUDESTE,ELENA SOUZA,ONLINE,PENDENTE
PED-03584,2024-07-18,HEADSET,284,9966.79,0.01,SUDESTE,ELENA SOUZA,REVENDEDOR,CANCELADO
PED-05724,2023-05-21,TABLET,,13747.25,0.07200000000000001,NORTE,BRUNO COSTA,ONLINE,PENDENTE
PED-02566,2023-08-13,TABLET,193,5274.99,0.208,SUDESTE,CARLA MENDES,LOJA FÍSICA,CONCLUÍDO
PED-00542,,TECLADO,,10403.67,0.12,NORTE,ANA SILVA,TELEVENDAS,EM ANÁLISE
PED-05269,2022-04-01,TECLADO,,,1.0,CENTRO-OESTE,ELENA SOUZA,ONLINE,PENDENTE
PED-05580,,SMARTPHONE,,207.01,0.0,NORDESTE,ANA SILVA,ONLINE,CONCLUÍDO
PED-07236,2022-09-20,MOUSE,,5579.35,0.0,SUDESTE,ELENA SOUZA,TELEVENDAS,EM ANÁLISE
PED-25352,2023-08-22,TABLET,,14637.85,0.0,SUL,CARLA MENDES,LOJA FÍSICA,CONCLUÍDO
PED-05197,,NOTEBOOK,999999,,0.0,NORDESTE,BRUNO COSTA,ONLINE,PENDENTE
PED-04805,,MONITOR,14,,0.432,NORDESTE,ANA SILVA,LOJA FÍSICA,EM ANÁLISE
PED-03201,2023-02-07,TECLADO,,,0.0,CENTRO-OESTE,DIEGO LIMA,REVENDEDOR,EM ANÁLISE
PED-02677,,HEADSET,449,11562.97,0.069,NORDESTE,DIEGO LIMA,LOJA FÍSICA,CANCELADO
PED-04395,2022-09-25,SMARTPHONE,339,2265.83,0.0,CENTRO-OESTE,ELENA SOUZA,REVENDEDOR,CONCLUÍDO
PED-01273,,TABLET,452,,0.18,SUDESTE,CARLA MENDES,REVENDEDOR,CONCLUÍDO
PED-07370,,HEADSET,,,0.4,SUL,ANA SILVA,ONLINE,EM ANÁLISE
PED-04189,2023-11-16,TABLET,,9752.5,0.0,SUL,BRUNO COSTA,REVENDEDOR,CANCELADO
PED-07251,2024-02-21,HEADSET,208,,0.475,SUL,ELENA SOUZA,ONLINE,PENDENTE
PED-08520,2023-04-09,IMPRESSORA,,,0.0,NORTE,CARLA MENDES,ONLINE,CANCELADO
PED-00685,2024-08-01,SMARTPHONE,,8535.76,0.381,CENTRO-OESTE,CARLA MENDES,TELEVENDAS,EM ANÁLISE
PED-08445,2022-12-23,NOTEBOOK,,14426.0,0.3,NORDESTE,ANA SILVA,TELEVENDAS,PENDENTE
PED-01251,,HD EXTERNO,73,2885.44,0.0,NORDESTE,CARLA MENDES,ONLINE,CONCLUÍDO
PED-06473,2023-03-25,MONITOR,234,2018.25,0.0,SUDESTE,BRUNO COSTA,ONLINE,EM ANÁLISE
PED-09094,2024-05-12,TABLET,,,0.0,NORDESTE,ELENA SOUZA,TELEVENDAS,CONCLUÍDO
PED-44060,2023-02-10,NOTEBOOK,,12489.35,0.234,SUL,CARLA MENDES,ONLINE,CANCELADO
PED-05248,,MOUSE,,13943.54,1.0,CENTRO-OESTE,ELENA SOUZA,TELEVENDAS,PENDENTE
PED-06543,2024-07-05,WEBCAM,235,,0.0,SUL,CARLA MENDES,TELEVENDAS,CANCELADO
PED-07525,2024-03-06,MOUSE,311,3190.14,0.354,NORDESTE,ANA SILVA,ONLINE,CONCLUÍDO
PED-05750,2024-01-17,NOTEBOOK,,11747.0,0.0,NORTE,ELENA SOUZA,ONLINE,EM ANÁLISE
PED-03470,2024-07-03,NOTEBOOK,999999,4578.0,0.471,SUL,ELENA SOUZA,LOJA FÍSICA,PENDENTE
PED-07639,,WEBCAM,,189.94,0.0,SUL,ANA SILVA,ONLINE,CONCLUÍDO
PED-09073,2024-01-24,TECLADO,463,,0.07,CENTRO-OESTE,ANA SILVA,TELEVENDAS,PENDENTE
PED-04105,2022-07-01,MOUSE,,3290.0,0.441,SUL,CARLA MENDES,ONLINE,CANCELADO
PED-05838,2023-01-10,MOUSE,254,4151.34,0.0,SUDESTE,CARLA MENDES,LOJA FÍSICA,EM ANÁLISE
PED-05150,2023-05-20,SMARTPHONE,84,,1.0,SUDESTE,BRUNO COSTA,ONLINE,EM ANÁLISE
PED-02347,2022-09-27,TABLET,342,14437.89,0.14800000000000002,CENTRO-OESTE,ANA SILVA,REVENDEDOR,CONCLUÍDO
PED-06951,2022-12-13,HD EXTERNO,,9085.72,0.0,SUDESTE,CARLA MENDES,LOJA FÍSICA,EM ANÁLISE
PED-03261,2023-05-03,SMARTPHONE,,,0.483,NORDESTE,BRUNO COSTA,TELEVENDAS,PENDENTE
PED-08285,,SMARTPHONE,212,2345.22,0.147,SUL,BRUNO COSTA,REVENDEDOR,PENDENTE
PED-00327,2024-09-10,HEADSET,483,4176.89,0.0,SUL,BRUNO COSTA,LOJA FÍSICA,EM ANÁLISE
PED-01768,2023-04-28,MOUSE,236,,0.0,SUL,CARLA MENDES,REVENDEDOR,CANCELADO
PED-08513,2022-07-12,MOUSE,,6750.15,0.0,SUL,BRUNO COSTA,LOJA FÍSICA,CANCELADO
PED-00113,2022-11-09,MONITOR,181,,0.452,NORDESTE,ANA SILVA,TELEVENDAS,PENDENTE
PED-00554,2022-09-19,NOTEBOOK,411,11901.0,1.0,NORTE,BRUNO COSTA,ONLINE,CANCELADO
PED-04812,2023-05-24,MOUSE,,,0.243,SUDESTE,CARLA MENDES,LOJA FÍSICA,PENDENTE
PED-09911,2022-03-08,WEBCAM,322,14921.44,0.0,SUL,CARLA MENDES,REVENDEDOR,PENDENTE
PED-00598,,HD EXTERNO,214,,0.0,SUL,BRUNO COSTA,LOJA FÍSICA,CONCLUÍDO
PED-06311,2022-10-17,TECLADO,15,,0.08,NORTE,CARLA MENDES,TELEVENDAS,EM ANÁLISE
PED-03859,2022-03-08,HEADSET,,,0.0,SUL,DIEGO LIMA,LOJA FÍSICA,EM ANÁLISE
PED-08971,2023-11-24,HD EXTERNO,57,9081.33,0.097,SUDESTE,CARLA MENDES,LOJA FÍSICA,EM ANÁLISE
PED-01416,2023-07-15,WEBCAM,338,,0.14800000000000002,NORTE,ELENA SOUZA,LOJA FÍSICA,PENDENTE
PED-05595,2023-09-11,MOUSE,495,2483.33,0.058,SUL,ANA SILVA,LOJA FÍSICA,EM ANÁLISE
PED-06693,2022-07-11,MONITOR,419,,0.0,NORDESTE,DIEGO LIMA,REVENDEDOR,CANCELADO
PED-02994,,TECLADO,999999,,0.24100000000000002,SUDESTE,BRUNO COSTA,ONLINE,CANCELADO
PED-03448,2024-06-12,NAN,,,0.0,NORTE,CARLA MENDES,TELEVENDAS,CANCELADO
PED-04657,2024-02-06,WEBCAM,362,7410.65,0.386,NORDESTE,ELENA SOUZA,LOJA FÍSICA,CANCELADO
PED-03169,2024-12-06,HD EXTERNO,,13206.47,0.1,NORDESTE,NAN,REVENDEDOR,PENDENTE
PED-01082,,MONITOR,,11223.78,0.133,NORTE,ANA SILVA,TELEVENDAS,EM ANÁLISE
PED-02593,,IMPRESSORA,90,,0.0,SUDESTE,ANA SILVA,ONLINE,CONCLUÍDO
PED-07050,2022-06-26,WEBCAM,353,3791.57,0.0,NORTE,CARLA MENDES,TELEVENDAS,CONCLUÍDO
PED-00099,2022-09-19,TABLET,305,14479.96,0.0,NORTE,DIEGO LIMA,ONLINE,EM ANÁLISE
PED-04328,,SMARTPHONE,,96.23,0.204,SUL,DIEGO LIMA,ONLINE,CONCLUÍDO
PED-00582,2023-01-09,HEADSET,,11474.5,0.311,SUL,DIEGO LIMA,TELEVENDAS,CONCLUÍDO
PED-07536,,TECLADO,368,12262.9,0.233,CENTRO-OESTE,ELENA SOUZA,REVENDEDOR,PENDENTE
PED-07437,2022-06-02,HEADSET,217,843.69,1.0,SUL,ANA SILVA,LOJA FÍSICA,PENDENTE
PED-09760,2022-08-24,WEBCAM,155,3335.58,0.36700000000000005,SUDESTE,CARLA MENDES,REVENDEDOR,CONCLUÍDO
PED-09758,2024-03-09,WEBCAM,,9142.48,0.32799999999999996,SUL,ANA SILVA,ONLINE,EM ANÁLISE
PED-00924,2022-04-20,SMARTPHONE,38,5944.27,0.108,SUL,ANA SILVA,TELEVENDAS,EM ANÁLISE
PED-03162,2022-01-08,IMPRESSORA,,,0.355,NORTE,DIEGO LIMA,LOJA FÍSICA,CANCELADO
PED-06737,2023-01-24,WEBCAM,,2798.0,0.0,SUDESTE,CARLA MENDES,LOJA FÍSICA,PENDENTE
PED-07394,,TECLADO,,11179.69,0.287,NORDESTE,DIEGO LIMA,LOJA FÍSICA,CANCELADO
PED-06421,2022-04-18,MONITOR,,13563.13,0.128,NORTE,DIEGO LIMA,TELEVENDAS,CONCLUÍDO
PED-00448,2024-05-10,MOUSE,414,13149.65,1.0,NORTE,CARLA MENDES,ONLINE,CONCLUÍDO
PED-05294,,WEBCAM,,,0.27,NORDESTE,DIEGO LIMA,ONLINE,CONCLUÍDO
PED-02422,2023-05-07,SMARTPHONE,126,,1.0,SUDESTE,DIEGO LIMA,TELEVENDAS,PENDENTE
PED-03210,2024-10-09,SMARTPHONE,,,0.0,SUDESTE,ANA SILVA,LOJA FÍSICA,EM ANÁLISE
PED-08460,2024-09-25,WEBCAM,390,,0.0,SUDESTE,ELENA SOUZA,TELEVENDAS,PENDENTE
PED-91276,2024-09-01,NOTEBOOK,252,,0.31,SUL,BRUNO COSTA,TELEVENDAS,PENDENTE
PED-04175,,WEBCAM,,218.24,0.0,SUL,ELENA SOUZA,LOJA FÍSICA,PENDENTE
PED-04972,2024-05-27,MOUSE,123,,0.128,SUDESTE,BRUNO COSTA,LOJA FÍSICA,CONCLUÍDO
PED-04242,2023-09-14,TABLET,,9723.0,0.053,SUL,ANA SILVA,LOJA FÍSICA,CONCLUÍDO
PED-01684,2022-10-21,HD EXTERNO,202,,0.134,CENTRO-OESTE,ELENA SOUZA,TELEVENDAS,CONCLUÍDO
PED-12781,2024-06-26,MONITOR,,1238.65,0.036,NORDESTE,BRUNO COSTA,LOJA FÍSICA,CANCELADO
PED-05394,2023-01-25,IMPRESSORA,,,0.0,NORDESTE,ELENA SOUZA,TELEVENDAS,EM ANÁLISE
PED-00220,,NOTEBOOK,999999,6151.97,0.149,SUDESTE,ELENA SOUZA,TELEVENDAS,CONCLUÍDO
PED-06899,2024-02-11,HD EXTERNO,,,1.0,NORTE,ANA SILVA,ONLINE,CONCLUÍDO
PED-09434,,HD EXTERNO,,,0.24,NORTE,DIEGO LIMA,LOJA FÍSICA,PENDENTE
PED-02335,,MONITOR,,,0.0,CENTRO-OESTE,ELENA SOUZA,ONLINE,CANCELADO
PED-04978,2022-02-02,WEBCAM,,12378.99,0.302,NORTE,DIEGO LIMA,LOJA FÍSICA,CONCLUÍDO
PED-23514,2022-08-09,TECLADO,,9006.68,0.0,SUDESTE,CARLA MENDES,TELEVENDAS,PENDENTE
PED-09691,2023-08-19,TECLADO,275,,1.0,NORTE,BRUNO COSTA,LOJA FÍSICA,EM ANÁLISE
PED-04924,2024-02-23,IMPRESSORA,,4512.04,0.0,NORDESTE,CARLA MENDES,ONLINE,PENDENTE
PED-09645,2023-02-16,HEADSET,198,,0.0,SUL,BRUNO COSTA,ONLINE,CONCLUÍDO
PED-07747,2024-01-01,TABLET,,,0.14400000000000002,NORTE,ELENA SOUZA,LOJA FÍSICA,CONCLUÍDO
PED-00691,,TECLADO,207,4838.0,0.14,SUDESTE,BRUNO COSTA,LOJA FÍSICA,PENDENTE
PED-09156,2024-11-17,TABLET,94,,0.0,SUDESTE,CARLA MENDES,TELEVENDAS,CONCLUÍDO
PED-02269,,TECLADO,,3382.19,0.015,NORDESTE,DIEGO LIMA,REVENDEDOR,CONCLUÍDO
PED-02030,2022-08-10,SMARTPHONE,,5553.82,1.0,SUL,BRUNO COSTA,LOJA FÍSICA,CONCLUÍDO
PED-08065,,SMARTPHONE,,,0.47100000000000003,NORTE,CARLA MENDES,REVENDEDOR,PENDENTE
PED-07193,2022-08-05,HEADSET,,,0.406,SUDESTE,ELENA SOUZA,LOJA FÍSICA,EM ANÁLISE
PED-03518,2023-07-24,HEADSET,45,7708.0,0.44,NORTE,BRUNO COSTA,LOJA FÍSICA,EM ANÁLISE
PED-02880,2023-09-08,HD EXTERNO,999999,4108.34,0.11699999999999999,SUDESTE,BRUNO COSTA,TELEVENDAS,PENDENTE
PED-06741,2022-01-18,HEADSET,100,5148.06,0.0,SUDESTE,ELENA SOUZA,ONLINE,CANCELADO
PED-05981,,NAN,,2638.07,0.498,NORTE,DIEGO LIMA,REVENDEDOR,PENDENTE
PED-04830,,HD EXTERNO,,,0.39,NORDESTE,BRUNO COSTA,TELEVENDAS,CONCLUÍDO
PED-01009,2024-03-12,MOUSE,999999,,0.064,NORTE,BRUNO COSTA,LOJA FÍSICA,CANCELADO
PED-06165,2024-11-19,HEADSET,,11095.17,0.0,SUL,DIEGO LIMA,ONLINE,EM ANÁLISE
PED-08470,2022-05-07,NOTEBOOK,198,,0.0,SUL,ELENA SOUZA,ONLINE,CONCLUÍDO
PED-49092,,MOUSE,285,,0.316,SUL,CARLA MENDES,ONLINE,CONCLUÍDO
PED-22951,2022-03-13,WEBCAM,336,7747.68,1.0,NORDESTE,DIEGO LIMA,ONLINE,CANCELADO
PED-07521,,MONITOR,15,,0.27,CENTRO-OESTE,DIEGO LIMA,REVENDEDOR,EM ANÁLISE
PED-03625,,IMPRESSORA,29,,0.077,SUDESTE,ANA SILVA,REVENDEDOR,PENDENTE
PED-05625,,MONITOR,152,7853.82,0.33399999999999996,SUDESTE,ANA SILVA,TELEVENDAS,PENDENTE
PED-05047,2022-04-22,TECLADO,138,4685.46,0.167,NORTE,ELENA SOUZA,TELEVENDAS,EM ANÁLISE
PED-03373,,NOTEBOOK,,,0.0,CENTRO-OESTE,CARLA MENDES,TELEVENDAS,EM ANÁLISE
PED-09311,2024-02-15,TECLADO,,,0.0,NORDESTE,DIEGO LIMA,LOJA FÍSICA,CONCLUÍDO
PED-06130,,NOTEBOOK,,,0.0,SUDESTE,BRUNO COSTA,ONLINE,EM ANÁLISE
PED-05146,2022-04-11,MONITOR,,,0.0,SUDESTE,BRUNO COSTA,LOJA FÍSICA,CONCLUÍDO
PED-01746,2023-07-09,TECLADO,51,11338.85,1.0,NORTE,ELENA SOUZA,ONLINE,CONCLUÍDO
PED-07375,2024-09-08,NAN,410,,0.0,NORDESTE,ELENA SOUZA,REVENDEDOR,CANCELADO
PED-02877,2022-01-07,TECLADO,204,,0.25,SUL,BRUNO COSTA,LOJA FÍSICA,EM ANÁLISE
PED-03606,2023-04-20,MOUSE,168,,1.0,NORTE,CARLA MENDES,ONLINE,EM ANÁLISE
PED-01345,,HD EXTERNO,,705.79,0.0,SUDESTE,DIEGO LIMA,ONLINE,PENDENTE
PED-06551,,MOUSE,,,0.0,CENTRO-OESTE,ELENA SOUZA,LOJA FÍSICA,CONCLUÍDO
PED-09499,2023-04-06,HD EXTERNO,,,0.095,NORTE,ANA SILVA,TELEVENDAS,CONCLUÍDO
PED-00070,2024-08-08,IMPRESSORA,,10940.14,0.109,SUDESTE,ELENA SOUZA,LOJA FÍSICA,CANCELADO
PED-04615,2024-03-01,NOTEBOOK,415,,0.436,SUL,BRUNO COSTA,ONLINE,CONCLUÍDO
PED-08706,2023-10-26,HD EXTERNO,999999,282.89,0.0,NORTE,ELENA SOUZA,LOJA FÍSICA,CANCELADO
PED-00561,,MOUSE,478,9056.96,0.08,SUL,DIEGO LIMA,TELEVENDAS,CONCLUÍDO
PED-01171,,NOTEBOOK,149,4687.49,0.0,NORTE,DIEGO LIMA,LOJA FÍSICA,EM ANÁLISE
PED-06859,,HD EXTERNO,264,12648.0,0.11699999999999999,SUDESTE,ANA SILVA,REVENDEDOR,EM ANÁLISE
PED-07603,2023-01-09,TECLADO,,,0.0,NORDESTE,DIEGO LIMA,LOJA FÍSICA,CONCLUÍDO
PED-01091,,TABLET,288,14669.0,0.055,SUL,DIEGO LIMA,TELEVENDAS,CONCLUÍDO
PED-06170,2023-09-03,MONITOR,999999,6886.14,0.312,CENTRO-OESTE,ELENA SOUZA,LOJA FÍSICA,CONCLUÍDO
PED-08655,,WEBCAM,,2505.78,1.0,NORDESTE,ANA SILVA,TELEVENDAS,CONCLUÍDO
PED-03136,,MONITOR,459,,0.307,NORTE,CARLA MENDES,REVENDEDOR,CONCLUÍDO
PED-01124,2022-10-13,SMARTPHONE,,,0.0,SUDESTE,DIEGO LIMA,REVENDEDOR,EM ANÁLISE
PED-07182,2022-11-07,MONITOR,,2826.11,0.08,NORTE,BRUNO COSTA,LOJA FÍSICA,CONCLUÍDO
PED-03012,2022-06-16,HEADSET,364,,0.196,SUL,BRUNO COSTA,REVENDEDOR,EM ANÁLISE
PED-02567,2023-09-28,MOUSE,,,0.0,SUL,BRUNO COSTA,REVENDEDOR,CANCELADO
PED-09304,2022-01-17,HEADSET,272,,0.29100000000000004,CENTRO-OESTE,CARLA MENDES,ONLINE,EM ANÁLISE
PED-00840,,MONITOR,130,,0.413,CENTRO-OESTE,ANA SILVA,ONLINE,CONCLUÍDO
PED-53192,2023-07-20,SMARTPHONE,999999,,0.0,SUDESTE,BRUNO COSTA,LOJA FÍSICA,PENDENTE
PED-00732,2022-01-16,TECLADO,28,,0.192,NORTE,DIEGO LIMA,ONLINE,CONCLUÍDO
PED-09264,,HD EXTERNO,154,2077.0,0.39799999999999996,NORDESTE,BRUNO COSTA,REVENDEDOR,CONCLUÍDO
PED-01876,2023-11-15,MOUSE,303,3138.62,0.0,NORTE,CARLA MENDES,TELEVENDAS,CONCLUÍDO
PED-00581,2024-12-14,TABLET,,6102.0,0.061,SUDESTE,BRUNO COSTA,LOJA FÍSICA,CONCLUÍDO
PED-03914,2024-02-13,HD EXTERNO,999999,,0.245,SUDESTE,BRUNO COSTA,TELEVENDAS,EM ANÁLISE
PED-01083,2024-08-06,NOTEBOOK,,,0.0,NORTE,CARLA MENDES,TELEVENDAS,CONCLUÍDO
PED-05686,2023-10-04,HD EXTERNO,,,0.0,NORTE,DIEGO LIMA,TELEVENDAS,PENDENTE
PED-03460,,MONITOR,389,9379.67,0.0,SUL,ELENA SOUZA,REVENDEDOR,CONCLUÍDO
PED-00988,,WEBCAM,,,0.0,SUL,DIEGO LIMA,LOJA FÍSICA,CONCLUÍDO
PED-02815,,IMPRESSORA,353,10379.09,0.0,SUDESTE,DIEGO LIMA,TELEVENDAS,PENDENTE
PED-05362,2023-08-23,IMPRESSORA,,,0.0,SUL,DIEGO LIMA,LOJA FÍSICA,CANCELADO
PED-08357,2024-02-18,MONITOR,145,4624.37,0.0,SUL,ANA SILVA,TELEVENDAS,PENDENTE
PED-00077,,HEADSET,999999,,0.0,SUL,ANA SILVA,TELEVENDAS,CANCELADO
PED-03646,,HD EXTERNO,,,0.317,CENTRO-OESTE,ELENA SOUZA,LOJA FÍSICA,CANCELADO
PED-05571,2024-06-21,SMARTPHONE,,6888.69,0.0,CENTRO-OESTE,DIEGO LIMA,LOJA FÍSICA,CANCELADO
PED-04256,2023-10-22,HEADSET,,5596.34,1.0,NORTE,BRUNO COSTA,REVENDEDOR,CANCELADO
PED-01853,2022-10-13,HEADSET,464,14448.64,0.0,NORTE,NAN,TELEVENDAS,EM ANÁLISE
PED-08054,2024-10-09,MONITOR,450,,0.313,CENTRO-OESTE,DIEGO LIMA,LOJA FÍSICA,CANCELADO
PED-06631,,NOTEBOOK,317,,1.0,NORTE,BRUNO COSTA,LOJA FÍSICA,EM ANÁLISE
PED-00639,,IMPRESSORA,999999,,0.377,CENTRO-OESTE,CARLA MENDES,LOJA FÍSICA,CONCLUÍDO
PED-08429,2024-04-02,NOTEBOOK,,,1.0,SUDESTE,CARLA MENDES,ONLINE,CONCLUÍDO
PED-01749,2022-08-14,HEADSET,465,,0.0,SUDESTE,CARLA MENDES,ONLINE,CONCLUÍDO
PED-00009,2022-09-11,SMARTPHONE,,10138.85,0.48200000000000004,SUDESTE,BRUNO COSTA,LOJA FÍSICA,EM ANÁLISE
PED-00780,2024-07-16,WEBCAM,32,8016.41,0.0,SUDESTE,DIEGO LIMA,ONLINE,CANCELADO
PED-09276,2023-02-14,SMARTPHONE,303,9399.08,0.138,CENTRO-OESTE,BRUNO COSTA,ONLINE,CANCELADO
PED-00748,2023-05-18,HEADSET,,,0.454,SUDESTE,ELENA SOUZA,LOJA FÍSICA,CONCLUÍDO
PED-05370,2023-12-10,MOUSE,,,0.0,NORTE,ELENA SOUZA,REVENDEDOR,PENDENTE
PED-03517,2022-01-24,TECLADO,39,4241.0,0.0,NORTE,DIEGO LIMA,REVENDEDOR,CONCLUÍDO
PED-07513,,TABLET,142,,0.266,SUDESTE,ANA SILVA,TELEVENDAS,PENDENTE
PED-06187,2022-08-03,HEADSET,181,,0.312,SUL,CARLA MENDES,TELEVENDAS,PENDENTE
PED-05730,2022-12-14,MOUSE,,,0.0,SUL,DIEGO LIMA,LOJA FÍSICA,CONCLUÍDO
PED-09844,2022-08-25,MOUSE,,,0.113,SUL,CARLA MENDES,ONLINE,EM ANÁLISE
PED-64292,,SMARTPHONE,999999,,0.34600000000000003,SUL,BRUNO COSTA,TELEVENDAS,CANCELADO
PED-05125,2024-12-06,SMARTPHONE,,,0.381,NORTE,CARLA MENDES,TELEVENDAS,EM ANÁLISE
PED-03247,2024-09-17,MOUSE,,8215.46,0.159,SUDESTE,BRUNO COSTA,LOJA FÍSICA,CONCLUÍDO
PED-08302,,MOUSE,,,1.0,NORTE,ANA SILVA,TELEVENDAS,CONCLUÍDO
PED-01356,2022-12-09,TABLET,,12213.78,0.17300000000000001,CENTRO-OESTE,ANA SILVA,LOJA FÍSICA,CONCLUÍDO
PED-05316,2024-12-16,HD EXTERNO,110,10191.29,0.0,NORDESTE,BRUNO COSTA,ONLINE,EM ANÁLISE
PED-05444,2024-10-05,TECLADO,184,13565.0,0.0,CENTRO-OESTE,BRUNO COSTA,LOJA FÍSICA,CONCLUÍDO
PED-03047,,TABLET,,,0.0,SUDESTE,ELENA SOUZA,TELEVENDAS,PENDENTE
PED-00676,,HD EXTERNO,470,403.34,0.0,SUDESTE,BRUNO COSTA,ONLINE,CANCELADO
PED-02052,2023-11-27,MOUSE,211,4213.52,1.0,NORTE,DIEGO LIMA,LOJA FÍSICA,CANCELADO
PED-02953,2023-08-24,MONITOR,,10606.46,0.0,SUDESTE,ELENA SOUZA,TELEVENDAS,PENDENTE
PED-07342,,NOTEBOOK,,7280.23,0.0,SUL,CARLA MENDES,ONLINE,EM ANÁLISE
PED-00765,2024-11-24,MOUSE,223,,0.065,NORTE,DIEGO LIMA,ONLINE,CONCLUÍDO
PED-02245,2024-08-03,WEBCAM,451,,0.308,SUDESTE,ELENA SOUZA,REVENDEDOR,EM ANÁLISE
PED-01303,2024-06-07,WEBCAM,,,0.0,SUL,BRUNO COSTA,LOJA FÍSICA,CONCLUÍDO
PED-07500,2024-12-05,TECLADO,125,,1.0,SUDESTE,ANA SILVA,TELEVENDAS,CONCLUÍDO
PED-01512,2024-12-19,MOUSE,387,,0.0,NORTE,BRUNO COSTA,ONLINE,CONCLUÍDO
PED-07641,,HEADSET,,,0.34700000000000003,NORTE,BRUNO COSTA,REVENDEDOR,PENDENTE
PED-05641,2023-02-18,WEBCAM,,,0.0,SUL,BRUNO COSTA,LOJA FÍSICA,CANCELADO
PED-08517,2022-12-13,NOTEBOOK,,559.14,0.11900000000000001,NORDESTE,ELENA SOUZA,LOJA FÍSICA,EM ANÁLISE
PED-03505,2024-02-16,MOUSE,323,,0.14800000000000002,SUL,CARLA MENDES,REVENDEDOR,CONCLUÍDO
PED-00006,2022-12-01,WEBCAM,,4571.05,0.15,NORDESTE,NAN,TELEVENDAS,CANCELADO
PED-03740,,MONITOR,,,0.09,SUDESTE,BRUNO COSTA,ONLINE,PENDENTE
PED-09194,2022-10-01,MONITOR,,,0.0,NORDESTE,BRUNO COSTA,LOJA FÍSICA,PENDENTE
PED-09615,,HD EXTERNO,21,401.0,0.0,SUDESTE,ELENA SOUZA,ONLINE,CONCLUÍDO
PED-01018,2023-08-12,IMPRESSORA,,,0.0,NORTE,CARLA MENDES,LOJA FÍSICA,PENDENTE
PED-00134,2023-01-15,MOUSE,461,,0.245,SUL,ELENA SOUZA,LOJA FÍSICA,PENDENTE
PED-03765,,SMARTPHONE,407,10836.54,0.0,SUDESTE,BRUNO COSTA,ONLINE,CANCELADO
PED-07117,2022-08-14,TABLET,,14393.21,0.0,SUL,BRUNO COSTA,TELEVENDAS,CANCELADO
PED-08651,,HD EXTERNO,999999,14924.19,1.0,SUDESTE,ELENA SOUZA,LOJA FÍSICA,CONCLUÍDO
PED-09281,,NOTEBOOK,362,532.59,0.187,NORTE,CARLA MENDES,LOJA FÍSICA,PENDENTE
PED-00377,2022-10-24,IMPRESSORA,139,541.63,1.0,SUL,DIEGO LIMA,ONLINE,CONCLUÍDO
PED-00397,2022-12-10,HD EXTERNO,999999,1743.73,0.0,NORDESTE,ANA SILVA,TELEVENDAS,PENDENTE
PED-06245,2024-09-21,NOTEBOOK,220,13379.0,0.0,NORTE,ELENA SOUZA,REVENDEDOR,EM ANÁLISE
PED-05592,,MONITOR,313,,0.375,CENTRO-OESTE,DIEGO LIMA,ONLINE,CONCLUÍDO
PED-08918,2023-03-28,IMPRESSORA,103,,0.18100000000000002,NORDESTE,CARLA MENDES,LOJA FÍSICA,CANCELADO
PED-19632,2023-01-05,TABLET,,,0.32799999999999996,NORTE,ANA SILVA,TELEVENDAS,CANCELADO
PED-03976,,IMPRESSORA,95,,0.0,SUDESTE,ANA SILVA,ONLINE,PENDENTE
PED-04638,2024-04-19,WEBCAM,437,9844.61,0.0,NORTE,DIEGO LIMA,LOJA FÍSICA,CONCLUÍDO
PED-01070,,WEBCAM,999999,2088.97,0.0,NORDESTE,CARLA MENDES,LOJA FÍSICA,CANCELADO
PED-04735,2023-08-05,SMARTPHONE,100,,0.369,SUL,CARLA MENDES,TELEVENDAS,PENDENTE
PED-04484,2023-01-27,MONITOR,,2548.43,0.257,SUDESTE,BRUNO COSTA,LOJA FÍSICA,CONCLUÍDO
PED-02767,2023-08-17,TECLADO,46,516.44,0.0,CENTRO-OESTE,DIEGO LIMA,ONLINE,CONCLUÍDO
PED-02324,2024-01-22,HEADSET,408,,0.306,SUDESTE,ELENA SOUZA,LOJA FÍSICA,PENDENTE
PED-02645,,IMPRESSORA,,4911.3,0.0,SUL,CARLA MENDES,LOJA FÍSICA,EM ANÁLISE
PED-07593,2024-02-11,NOTEBOOK,250,,0.0,NORDESTE,CARLA MENDES,ONLINE,EM ANÁLISE
PED-04053,2022-11-27,NOTEBOOK,316,2138.51,0.201,NORDESTE,DIEGO LIMA,REVENDEDOR,CANCELADO
PED-07940,2023-02-08,MOUSE,420,,0.06,NORTE,ANA SILVA,ONLINE,EM ANÁLISE
PED-03520,,TABLET,,,0.0,CENTRO-OESTE,BRUNO COSTA,TELEVENDAS,PENDENTE
PED-01785,2022-02-28,TABLET,,5682.58,1.0,NORTE,ELENA SOUZA,ONLINE,PENDENTE
PED-09856,,MONITOR,,,0.27,SUDESTE,BRUNO COSTA,LOJA FÍSICA,CANCELADO
PED-04379,,HEADSET,259,,0.25,NORTE,DIEGO LIMA,LOJA FÍSICA,EM ANÁLISE
PED-06974,2023-05-21,MOUSE,,,0.0,SUDESTE,BRUNO COSTA,LOJA FÍSICA,CONCLUÍDO
PED-07059,2023-04-24,NOTEBOOK,231,13940.0,0.09699999999999999,NORTE,ANA SILVA,REVENDEDOR,CONCLUÍDO
PED-02935,2023-03-21,SMARTPHONE,69,,0.44299999999999995,NORTE,DIEGO LIMA,LOJA FÍSICA,PENDENTE
PED-05713,2024-07-19,NOTEBOOK,,,0.0,CENTRO-OESTE,DIEGO LIMA,REVENDEDOR,PENDENTE
PED-49735,2022-06-08,SMARTPHONE,,13561.0,0.0,SUL,DIEGO LIMA,LOJA FÍSICA,CANCELADO
PED-05201,2024-12-14,WEBCAM,18,258.02,0.32,NORDESTE,DIEGO LIMA,REVENDEDOR,CONCLUÍDO
PED-03756,2023-09-22,TECLADO,,,0.0,SUL,ELENA SOUZA,REVENDEDOR,EM ANÁLISE
PED-05988,2023-09-03,MOUSE,206,10056.0,0.245,NORDESTE,CARLA MENDES,ONLINE,CANCELADO
PED-06404,,TECLADO,409,,1.0,NORTE,DIEGO LIMA,ONLINE,EM ANÁLISE
PED-34248,2022-03-04,SMARTPHONE,168,2240.0,0.13,SUL,CARLA MENDES,LOJA FÍSICA,CANCELADO
PED-06342,,SMARTPHONE,120,631.48,0.0,SUL,ANA SILVA,LOJA FÍSICA,CONCLUÍDO
PED-00021,2024-09-13,WEBCAM,999999,11201.55,0.045,SUDESTE,CARLA MENDES,ONLINE,CANCELADO
PED-04768,2023-06-27,TECLADO,,5498.42,0.431,SUDESTE,ELENA SOUZA,TELEVENDAS,PENDENTE
PED-02682,2022-07-04,MOUSE,,,0.343,SUDESTE,ELENA SOUZA,LOJA FÍSICA,PENDENTE
PED-03999,2022-01-15,SMARTPHONE,300,8332.73,0.0,NORTE,DIEGO LIMA,LOJA FÍSICA,EM ANÁLISE
PED-03725,2024-06-22,WEBCAM,,,0.46,NORDESTE,ELENA SOUZA,LOJA FÍSICA,CONCLUÍDO
PED-03024,2023-01-12,IMPRESSORA,16,,0.22399999999999998,SUL,BRUNO COSTA,REVENDEDOR,CONCLUÍDO
PED-05692,,WEBCAM,,,1.0,NORTE,ELENA SOUZA,TELEVENDAS,CANCELADO
PED-02280,2023-09-16,IMPRESSORA,,14265.0,1.0,SUDESTE,CARLA MENDES,REVENDEDOR,PENDENTE
PED-08456,2023-02-05,SMARTPHONE,,,0.47200000000000003,SUL,BRUNO COSTA,LOJA FÍSICA,PENDENTE
PED-08066,2023-11-19,TABLET,,,0.0,SUL,ANA SILVA,REVENDEDOR,CONCLUÍDO
PED-03301,,SMARTPHONE,239,,1.0,CENTRO-OESTE,BRUNO COSTA,REVENDEDOR,EM ANÁLISE
PED-07087,,HEADSET,136,,0.27,SUDESTE,CARLA MENDES,LOJA FÍSICA,EM ANÁLISE
PED-06299,,IMPRESSORA,,,0.135,NORTE,DIEGO LIMA,LOJA FÍSICA,EM ANÁLISE
PED-40649,2022-06-14,HEADSET,,8721.99,0.35,SUDESTE,ANA SILVA,REVENDEDOR,CONCLUÍDO
PED-05191,2022-07-21,NOTEBOOK,394,1295.13,0.2,NORTE,ELENA SOUZA,REVENDEDOR,CONCLUÍDO
PED-08515,2023-12-11,HD EXTERNO,,,0.21,CENTRO-OESTE,DIEGO LIMA,TELEVENDAS,PENDENTE
PED-03703,2023-02-16,MONITOR,,,0.24,CENTRO-OESTE,CARLA MENDES,ONLINE,CONCLUÍDO
PED-93624,2023-12-12,TABLET,,,0.22,NORDESTE,BRUNO COSTA,LOJA FÍSICA,CANCELADO
PED-61574,,TABLET,472,5760.32,0.0,NORTE,ANA SILVA,TELEVENDAS,CANCELADO
PED-07236,2023-10-11,TECLADO,209,9430.29,0.27,NORTE,DIEGO LIMA,LOJA FÍSICA,CANCELADO
PED-02202,2022-03-15,MONITOR,345,6560.2,0.323,NORDESTE,BRUNO COSTA,REVENDEDOR,EM ANÁLISE
PED-09689,2023-05-26,NOTEBOOK,999999,,0.5,SUL,ELENA SOUZA,TELEVENDAS,PENDENTE
PED-07507,2024-01-11,TABLET,,,0.40299999999999997,NORTE,ELENA SOUZA,ONLINE,PENDENTE
PED-01165,2024-08-14,HD EXTERNO,999999,,1.0,SUL,NAN,ONLINE,EM ANÁLISE
PED-06806,,MOUSE,218,7576.35,0.118,CENTRO-OESTE,CARLA MENDES,REVENDEDOR,CANCELADO
PED-03218,,WEBCAM,,,0.4,NORTE,DIEGO LIMA,LOJA FÍSICA,CONCLUÍDO
PED-81842,,MOUSE,,,0.057,NORTE,ELENA SOUZA,LOJA FÍSICA,PENDENTE
PED-06238,2023-04-05,IMPRESSORA,348,12402.0,1.0,SUL,ELENA SOUZA,ONLINE,PENDENTE
PED-06686,2022-11-26,TECLADO,9,5588.58,0.0,NORDESTE,DIEGO LIMA,REVENDEDOR,PENDENTE
PED-02639,,SMARTPHONE,,,1.0,NORTE,BRUNO COSTA,REVENDEDOR,CONCLUÍDO
PED-05828,2022-01-04,IMPRESSORA,999999,,0.0,SUDESTE,BRUNO COSTA,LOJA FÍSICA,CANCELADO
PED-01199,2024-12-04,HD EXTERNO,,,1.0,SUL,ELENA SOUZA,TELEVENDAS,EM ANÁLISE
PED-09954,2024-12-15,MONITOR,84,,0.092,SUL,CARLA MENDES,LOJA FÍSICA,EM ANÁLISE
PED-01088,2024-09-18,MONITOR,36,11761.0,0.14400000000000002,NORTE,ELENA SOUZA,TELEVENDAS,CONCLUÍDO
PED-05747,2022-09-20,MOUSE,98,10399.54,0.078,NORTE,BRUNO COSTA,ONLINE,PENDENTE
PED-01040,2022-08-25,HEADSET,,4434.69,1.0,NORTE,BRUNO COSTA,ONLINE,CONCLUÍDO
PED-07896,2024-11-25,IMPRESSORA,255,,0.029,NORDESTE,ELENA SOUZA,ONLINE,PENDENTE
PED-02272,2022-07-17,SMARTPHONE,,14816.12,1.0,SUDESTE,ANA SILVA,ONLINE,EM ANÁLISE
PED-00486,2023-10-08,TABLET,,,1.0,CENTRO-OESTE,BRUNO COSTA,LOJA FÍSICA,PENDENTE
PED-03372,2024-01-17,MONITOR,118,2995.74,0.0,SUL,DIEGO LIMA,LOJA FÍSICA,CONCLUÍDO
PED-06437,2023-09-18,NOTEBOOK,278,1846.0,0.21,SUDESTE,BRUNO COSTA,LOJA FÍSICA,PENDENTE
PED-06145,,SMARTPHONE,,2707.67,0.43,SUL,CARLA MENDES,TELEVENDAS,CONCLUÍDO
PED-01111,2022-09-04,TABLET,22,10783.0,0.159,NORTE,CARLA MENDES,LOJA FÍSICA,PENDENTE
PED-00781,2022-04-07,HEADSET,176,7037.74,0.0,CENTRO-OESTE,BRUNO COSTA,ONLINE,EM ANÁLISE
PED-05565,2024-01-11,HEADSET,107,,0.465,SUL,ELENA SOUZA,LOJA FÍSICA,CANCELADO
PED-04215,2024-12-04,HEADSET,383,533.08,0.0,CENTRO-OESTE,DIEGO LIMA,LOJA FÍSICA,CANCELADO
PED-02191,2023-07-23,SMARTPHONE,497,2400.76,0.094,NORTE,ELENA SOUZA,TELEVENDAS,CONCLUÍDO
PED-07503,,TECLADO,,,0.227,SUL,DIEGO LIMA,LOJA FÍSICA,PENDENTE
PED-08833,2024-10-02,MONITOR,,4517.57,1.0,NORTE,CARLA MENDES,ONLINE,CONCLUÍDO
PED-02398,2022-03-04,SMARTPHONE,,2576.0,0.0,NORTE,CARLA MENDES,LOJA FÍSICA,CANCELADO
PED-03570,2023-12-14,MOUSE,176,13637.4,0.032,NORTE,ANA SILVA,TELEVENDAS,CONCLUÍDO
PED-02652,2023-07-01,TECLADO,270,13591.96,0.0,NORTE,ELENA SOUZA,TELEVENDAS,PENDENTE
PED-01380,2024-02-06,HEADSET,5,2641.16,0.162,SUL,ANA SILVA,REVENDEDOR,EM ANÁLISE
PED-04414,,MONITOR,70,2379.95,0.049,CENTRO-OESTE,DIEGO LIMA,LOJA FÍSICA,PENDENTE
PED-08026,2023-03-17,MONITOR,,,0.47700000000000004,SUL,ELENA SOUZA,LOJA FÍSICA,EM ANÁLISE
PED-02303,2022-12-22,NOTEBOOK,999999,,1.0,NORDESTE,CARLA MENDES,TELEVENDAS,PENDENTE
PED-08049,2024-09-28,WEBCAM,499,9482.06,0.47100000000000003,NORTE,BRUNO COSTA,REVENDEDOR,CONCLUÍDO
PED-02874,,SMARTPHONE,322,,1.0,SUL,BRUNO COSTA,LOJA FÍSICA,CANCELADO
PED-08477,,SMARTPHONE,,9162.86,0.0,NORTE,DIEGO LIMA,LOJA FÍSICA,CONCLUÍDO
PED-00487,2023-10-23,TECLADO,270,9698.76,0.0,NORDESTE,BRUNO COSTA,ONLINE,PENDENTE
PED-06599,2024-02-28,HD EXTERNO,286,2289.45,1.0,NORTE,CARLA MENDES,ONLINE,CANCELADO
PED-08571,2023-01-28,NOTEBOOK,,6571.8,0.0,SUL,ELENA SOUZA,TELEVENDAS,CONCLUÍDO
PED-01693,2022-01-08,NOTEBOOK,82,,0.0,CENTRO-OESTE,CARLA MENDES,REVENDEDOR,CANCELADO
PED-06430,2022-12-27,TABLET,417,,0.0,NORTE,CARLA MENDES,ONLINE,CONCLUÍDO
PED-06969,,HEADSET,450,14937.0,0.383,SUL,ELENA SOUZA,ONLINE,PENDENTE
PED-55024,2024-06-16,TECLADO,405,,0.0,SUDESTE,ANA SILVA,REVENDEDOR,CANCELADO
PED-01360,,TECLADO,,,0.0,NORTE,ELENA SOUZA,ONLINE,CANCELADO
PED-03508,2024-11-04,SMARTPHONE,,4914.39,0.0,SUDESTE,ANA SILVA,ONLINE,EM ANÁLISE
PED-09699,2022-05-19,SMARTPHONE,,,0.483,CENTRO-OESTE,ANA SILVA,ONLINE,CONCLUÍDO
PED-05000,2023-01-10,TECLADO,232,13033.44,0.158,SUL,BRUNO COSTA,ONLINE,PENDENTE
PED-06865,,IMPRESSORA,100,3153.83,0.02,NORDESTE,CARLA MENDES,REVENDEDOR,EM ANÁLISE
PED-02873,,TABLET,,1476.99,0.31,SUL,BRUNO COSTA,REVENDEDOR,CANCELADO
PED-05646,,MONITOR,500,433.77,0.0,CENTRO-OESTE,BRUNO COSTA,LOJA FÍSICA,CONCLUÍDO
PED-04817,2023-03-24,HD EXTERNO,,11141.72,0.0,SUDESTE,ANA SILVA,ONLINE,CONCLUÍDO
PED-06043,2023-04-26,IMPRESSORA,,,0.0,SUDESTE,DIEGO LIMA,ONLINE,CONCLUÍDO
PED-51143,,NOTEBOOK,220,,0.341,CENTRO-OESTE,DIEGO LIMA,REVENDEDOR,EM ANÁLISE
PED-01720,,MONITOR,,5107.44,0.3,NORDESTE,CARLA MENDES,TELEVENDAS,EM ANÁLISE
PED-01942,2023-09-07,HD EXTERNO,,,0.21,NORDESTE,BRUNO COSTA,LOJA FÍSICA,PENDENTE
PED-06651,2022-07-04,TABLET,107,4867.19,0.45,SUL,DIEGO LIMA,ONLINE,CANCELADO
PED-07391,2024-10-12,WEBCAM,14,1204.31,0.0,SUDESTE,BRUNO COSTA,LOJA FÍSICA,PENDENTE
PED-07404,,MONITOR,250,,0.0,NORTE,DIEGO LIMA,LOJA FÍSICA,PENDENTE
PED-03597,2023-02-17,TABLET,242,,0.0,SUDESTE,DIEGO LIMA,TELEVENDAS,CONCLUÍDO
PED-00713,,TECLADO,,12587.71,0.0,SUDESTE,ANA SILVA,TELEVENDAS,EM ANÁLISE
PED-52859,2022-10-08,TABLET,,2552.41,0.128,SUDESTE,BRUNO COSTA,ONLINE,CANCELADO
PED-02153,2022-09-08,IMPRESSORA,,,0.0,SUDESTE,ELENA SOUZA,TELEVENDAS,CONCLUÍDO
PED-07840,2023-11-27,MONITOR,999999,14601.39,0.22399999999999998,NORDESTE,ANA SILVA,LOJA FÍSICA,CONCLUÍDO
PED-00265,,HD EXTERNO,999999,9088.79,0.25,SUL,ELENA SOUZA,LOJA FÍSICA,CONCLUÍDO
PED-09056,2024-09-12,MONITOR,498,,1.0,CENTRO-OESTE,BRUNO COSTA,LOJA FÍSICA,PENDENTE
PED-07559,2024-09-04,IMPRESSORA,,,0.0,SUL,ANA SILVA,TELEVENDAS,CANCELADO
PED-06156,2022-01-14,MOUSE,,,1.0,NORTE,CARLA MENDES,LOJA FÍSICA,PENDENTE
PED-07732,2023-06-13,HEADSET,,10014.7,0.0,CENTRO-OESTE,CARLA MENDES,REVENDEDOR,PENDENTE
PED-08624,2022-03-12,HD EXTERNO,999999,2516.88,0.0,NORDESTE,ELENA SOUZA,ONLINE,CONCLUÍDO
PED-00839,,NOTEBOOK,,4557.57,0.09,SUL,DIEGO LIMA,REVENDEDOR,PENDENTE
PED-03483,2024-03-05,NOTEBOOK,,12076.05,0.35700000000000004,SUL,CARLA MENDES,REVENDEDOR,CONCLUÍDO
PED-09771,2023-08-09,NOTEBOOK,16,11382.49,0.0,SUDESTE,BRUNO COSTA,ONLINE,CANCELADO
PED-09418,2022-08-11,NOTEBOOK,137,,0.468,SUL,BRUNO COSTA,ONLINE,PENDENTE
PED-03616,2023-02-18,MONITOR,,13435.0,0.38,CENTRO-OESTE,DIEGO LIMA,TELEVENDAS,CANCELADO
PED-05890,,HEADSET,,65.95,0.037000000000000005,SUL,CARLA MENDES,REVENDEDOR,CANCELADO
PED-06226,,TECLADO,130,6954.21,0.37,SUDESTE,ELENA SOUZA,TELEVENDAS,PENDENTE
PED-00341,2024-01-06,IMPRESSORA,286,2039.97,0.152,NORDESTE,ANA SILVA,LOJA FÍSICA,CONCLUÍDO
PED-06200,,HEADSET,,248.33,0.2,SUL,CARLA MENDES,ONLINE,PENDENTE
PED-29605,2023-02-22,TECLADO,,,0.0,SUDESTE,BRUNO COSTA,LOJA FÍSICA,PENDENTE
PED-03006,2023-03-19,HEADSET,,,0.28600000000000003,NORDESTE,DIEGO LIMA,LOJA FÍSICA,PENDENTE
PED-03951,,IMPRESSORA,322,8777.75,0.1,CENTRO-OESTE,DIEGO LIMA,REVENDEDOR,CANCELADO
PED-06350,2024-10-10,MOUSE,89,,0.003,NORTE,DIEGO LIMA,ONLINE,CANCELADO
PED-02195,2023-04-25,MONITOR,,,0.10400000000000001,SUDESTE,ANA SILVA,ONLINE,CONCLUÍDO
PED-06797,2024-09-04,NOTEBOOK,137,,0.414,SUL,ANA SILVA,LOJA FÍSICA,PENDENTE
PED-07662,2024-05-23,MOUSE,,,0.33799999999999997,SUDESTE,BRUNO COSTA,LOJA FÍSICA,CONCLUÍDO
PED-00928,2024-02-01,WEBCAM,,,0.0,SUL,BRUNO COSTA,LOJA FÍSICA,PENDENTE
PED-06772,2022-04-24,HEADSET,398,13445.47,0.0,NORTE,ELENA SOUZA,ONLINE,EM ANÁLISE
PED-04504,,MOUSE,352,8889.0,0.28600000000000003,CENTRO-OESTE,BRUNO COSTA,TELEVENDAS,EM ANÁLISE
PED-04058,2023-10-21,HEADSET,999999,14743.28,0.17,NORTE,CARLA MENDES,TELEVENDAS,EM ANÁLISE
PED-09046,,MOUSE,,10280.63,0.0,NORDESTE,ANA SILVA,TELEVENDAS,CANCELADO
PED-07710,,TECLADO,333,7718.97,0.0,SUL,BRUNO COSTA,TELEVENDAS,CONCLUÍDO
PED-90024,2024-11-05,NOTEBOOK,136,,0.0,NORDESTE,BRUNO COSTA,LOJA FÍSICA,EM ANÁLISE
PED-04634,2024-02-03,WEBCAM,,,0.324,CENTRO-OESTE,ANA SILVA,LOJA FÍSICA,PENDENTE
PED-03747,2023-01-18,WEBCAM,262,2946.74,0.38799999999999996,NORDESTE,ELENA SOUZA,TELEVENDAS,EM ANÁLISE
PED-06396,,WEBCAM,4,,1.0,SUDESTE,CARLA MENDES,ONLINE,CONCLUÍDO
PED-01378,2024-03-13,MOUSE,267,6514.25,0.0,CENTRO-OESTE,ELENA SOUZA,LOJA FÍSICA,EM ANÁLISE
PED-08110,,MONITOR,,2882.75,0.2,NORTE,DIEGO LIMA,REVENDEDOR,CONCLUÍDO
PED-04405,2023-12-16,MOUSE,422,12838.36,0.353,NORTE,BRUNO COSTA,LOJA FÍSICA,CONCLUÍDO
PED-01842,2023-11-08,TECLADO,,,0.0,CENTRO-OESTE,ANA SILVA,TELEVENDAS,EM ANÁLISE
PED-02252,2024-05-05,HEADSET,15,9732.38,0.17600000000000002,SUL,CARLA MENDES,LOJA FÍSICA,CONCLUÍDO
PED-00268,2023-04-19,WEBCAM,,,0.32,SUL,BRUNO COSTA,TELEVENDAS,EM ANÁLISE
PED-08450,2024-03-05,IMPRESSORA,189,,0.0,NORTE,BRUNO COSTA,LOJA FÍSICA,CONCLUÍDO
PED-01807,,NOTEBOOK,366,,0.309,NORTE,DIEGO LIMA,ONLINE,PENDENTE
PED-06235,2023-08-25,SMARTPHONE,294,,0.25,CENTRO-OESTE,DIEGO LIMA,ONLINE,CONCLUÍDO
PED-06520,2023-08-09,MONITOR,338,,0.377,NORTE,DIEGO LIMA,REVENDEDOR,CONCLUÍDO
PED-00253,2023-11-11,NOTEBOOK,,,0.0,SUDESTE,ANA SILVA,ONLINE,CANCELADO
PED-04632,,IMPRESSORA,999999,7432.85,0.0,NORTE,CARLA MENDES,ONLINE,PENDENTE
PED-07222,2024-06-06,MONITOR,185,,0.0,SUL,CARLA MENDES,ONLINE,PENDENTE
PED-01371,2022-05-17,MOUSE,,10610.04,0.34,NORTE,ANA SILVA,ONLINE,CONCLUÍDO
PED-04004,,MOUSE,391,5627.06,0.0,NORTE,DIEGO LIMA,ONLINE,PENDENTE
PED-03637,2022-09-08,TABLET,,13522.0,0.0,SUL,ANA SILVA,ONLINE,CONCLUÍDO
PED-05818,,SMARTPHONE,402,479.07,0.179,SUDESTE,BRUNO COSTA,ONLINE,CANCELADO
PED-09205,,TECLADO,490,,0.40700000000000003,SUL,CARLA MENDES,ONLINE,EM ANÁLISE
PED-26034,2023-03-26,WEBCAM,442,3524.49,0.376,SUDESTE,ANA SILVA,TELEVENDAS,EM ANÁLISE
PED-05610,,MONITOR,361,14400.52,0.215,CENTRO-OESTE,CARLA MENDES,TELEVENDAS,CANCELADO
PED-02165,2023-12-21,MONITOR,,,0.0,NORTE,ANA SILVA,LOJA FÍSICA,CANCELADO
PED-08947,,TABLET,,,0.193,SUL,ELENA SOUZA,ONLINE,PENDENTE
PED-05350,,SMARTPHONE,264,6964.0,0.2,SUL,ELENA SOUZA,ONLINE,CANCELADO
PED-07664,2022-07-19,SMARTPHONE,,1500.48,0.0,CENTRO-OESTE,CARLA MENDES,ONLINE,CANCELADO
PED-04601,,SMARTPHONE,,9244.88,0.252,SUL,CARLA MENDES,LOJA FÍSICA,PENDENTE
PED-08523,2023-04-05,NOTEBOOK,150,8357.62,0.0,SUDESTE,BRUNO COSTA,ONLINE,CANCELADO
PED-53301,,SMARTPHONE,999999,,0.047,CENTRO-OESTE,ANA SILVA,ONLINE,PENDENTE
PED-01599,,HD EXTERNO,,,0.0,SUDESTE,DIEGO LIMA,LOJA FÍSICA,CONCLUÍDO
PED-08601,,TABLET,300,13266.88,0.32299999999999995,SUL,ANA SILVA,ONLINE,CANCELADO
PED-03970,2024-08-17,NAN,324,,0.184,CENTRO-OESTE,ANA SILVA,ONLINE,EM ANÁLISE
PED-00079,,HEADSET,350,,0.0,SUL,ELENA SOUZA,ONLINE,EM ANÁLISE
PED-02942,2022-12-14,TABLET,111,11751.48,0.0,SUDESTE,BRUNO COSTA,TELEVENDAS,CONCLUÍDO
PED-08363,2022-10-11,MOUSE,,7168.62,0.0,NORTE,CARLA MENDES,TELEVENDAS,PENDENTE
PED-05075,2024-05-25,IMPRESSORA,331,,0.131,NORDESTE,ELENA SOUZA,LOJA FÍSICA,CONCLUÍDO
PED-08238,2024-03-23,MOUSE,469,,0.132,NORTE,CARLA MENDES,REVENDEDOR,CONCLUÍDO
PED-02578,2022-12-18,HD EXTERNO,188,14747.2,0.291,NORDESTE,ELENA SOUZA,ONLINE,CANCELADO
PED-01533,2024-08-06,NAN,,14067.18,0.32899999999999996,CENTRO-OESTE,ANA SILVA,REVENDEDOR,PENDENTE
PED-01150,2024-06-21,HD EXTERNO,119,12826.11,0.0,NORTE,ANA SILVA,REVENDEDOR,CANCELADO
PED-02367,,HEADSET,228,10244.17,0.48,NORDESTE,ANA SILVA,LOJA FÍSICA,EM ANÁLISE
PED-09524,2022-08-16,HEADSET,,7740.94,0.16399999999999998,NORDESTE,ANA SILVA,REVENDEDOR,CANCELADO
PED-01367,2023-03-13,HD EXTERNO,41,,0.205,NORTE,ANA SILVA,TELEVENDAS,CONCLUÍDO
PED-04546,2024-10-13,HEADSET,,,0.0,CENTRO-OESTE,ELENA SOUZA,TELEVENDAS,CANCELADO
PED-24226,,IMPRESSORA,258,,0.136,SUL,DIEGO LIMA,LOJA FÍSICA,EM ANÁLISE
PED-05286,2024-08-19,TABLET,132,14281.78,0.006,CENTRO-OESTE,BRUNO COSTA,LOJA FÍSICA,CANCELADO
PED-03854,2024-08-18,HD EXTERNO,418,5852.15,0.040999999999999995,NORTE,BRUNO COSTA,LOJA FÍSICA,PENDENTE
PED-04403,,SMARTPHONE,,760.47,0.0,NORTE,CARLA MENDES,ONLINE,CANCELADO
PED-05207,2024-11-04,TECLADO,,,0.483,NORTE,CARLA MENDES,LOJA FÍSICA,CANCELADO
PED-08636,2022-02-24,TABLET,,2608.25,0.42700000000000005,NORDESTE,ELENA SOUZA,LOJA FÍSICA,CONCLUÍDO
PED-07135,,IMPRESSORA,,5627.0,0.0,SUL,ELENA SOUZA,ONLINE,CONCLUÍDO
PED-03466,2024-07-20,TABLET,,,0.0,SUDESTE,BRUNO COSTA,ONLINE,CANCELADO
PED-09537,2023-11-03,WEBCAM,411,,0.46299999999999997,NORTE,DIEGO LIMA,TELEVENDAS,CANCELADO
PED-90230,2023-08-11,TABLET,159,,0.261,SUDESTE,DIEGO LIMA,LOJA FÍSICA,CANCELADO
PED-09344,2023-02-09,NOTEBOOK,179,,1.0,SUDESTE,ANA SILVA,LOJA FÍSICA,CONCLUÍDO
PED-04886,,SMARTPHONE,,,0.055,SUL,DIEGO LIMA,LOJA FÍSICA,CONCLUÍDO
PED-06949,2023-02-21,SMARTPHONE,,14639.35,0.0,CENTRO-OESTE,BRUNO COSTA,LOJA FÍSICA,CONCLUÍDO
PED-03183,2024-09-01,HEADSET,264,,0.0,SUDESTE,ELENA SOUZA,ONLINE,CANCELADO
PED-04185,2024-05-21,SMARTPHONE,484,4956.25,0.251,SUL,CARLA MENDES,ONLINE,CANCELADO
PED-01159,2024-12-16,NOTEBOOK,298,,0.0,SUDESTE,ANA SILVA,REVENDEDOR,PENDENTE
PED-05681,2023-03-22,HEADSET,,,0.154,SUDESTE,CARLA MENDES,ONLINE,CANCELADO
PED-03059,2023-11-21,MOUSE,,2831.67,0.0,NORDESTE,ELENA SOUZA,TELEVENDAS,CONCLUÍDO
PED-01500,,SMARTPHONE,230,13552.93,0.38799999999999996,NORTE,ELENA SOUZA,ONLINE,CONCLUÍDO
PED-81404,2023-06-23,MOUSE,,,0.23,SUL,ELENA SOUZA,LOJA FÍSICA,CANCELADO
PED-02502,,NOTEBOOK,89,12624.94,0.32799999999999996,SUL,ANA SILVA,ONLINE,PENDENTE
PED-01955,2022-12-01,TECLADO,,,1.0,SUL,ANA SILVA,ONLINE,CONCLUÍDO
PED-00966,,NOTEBOOK,294,14504.78,0.0,SUDESTE,CARLA MENDES,REVENDEDOR,CANCELADO
PED-02566,2022-11-12,MONITOR,51,1238.03,0.187,NORTE,CARLA MENDES,REVENDEDOR,PENDENTE
PED-08126,2022-11-07,HEADSET,365,5388.45,0.08,SUDESTE,CARLA MENDES,ONLINE,EM ANÁLISE
PED-07532,2022-04-11,MONITOR,,,0.0,NORTE,DIEGO LIMA,ONLINE,CANCELADO
PED-00695,,HEADSET,,,1.0,CENTRO-OESTE,CARLA MENDES,TELEVENDAS,CONCLUÍDO
PED-04835,,WEBCAM,200,,0.0,SUL,ELENA SOUZA,REVENDEDOR,CONCLUÍDO
PED-05034,2022-05-24,WEBCAM,,7262.11,1.0,NORTE,ANA SILVA,LOJA FÍSICA,PENDENTE
PED-02437,,TECLADO,,2500.81,0.0,SUDESTE,ELENA SOUZA,ONLINE,CONCLUÍDO
PED-06559,2023-07-01,HEADSET,374,,0.0,NORTE,DIEGO LIMA,LOJA FÍSICA,CANCELADO
PED-05784,2022-05-23,MOUSE,,,0.079,SUDESTE,ELENA SOUZA,REVENDEDOR,CANCELADO
PED-07427,2023-10-03,SMARTPHONE,,,0.0,NORTE,ANA SILVA,TELEVENDAS,PENDENTE
PED-06667,2022-08-16,WEBCAM,478,,0.231,SUDESTE,CARLA MENDES,ONLINE,CANCELADO
PED-01414,2024-11-21,IMPRESSORA,433,,0.43799999999999994,SUL,ANA SILVA,ONLINE,PENDENTE
PED-05058,,IMPRESSORA,,776.12,0.48,NORTE,ANA SILVA,ONLINE,CONCLUÍDO
PED-18258,2022-11-19,IMPRESSORA,,,0.0,NORTE,ELENA SOUZA,LOJA FÍSICA,EM ANÁLISE
PED-02884,2022-08-27,TABLET,33,,0.06,SUL,ELENA SOUZA,ONLINE,CANCELADO
PED-02851,,WEBCAM,,,0.0,SUL,BRUNO COSTA,ONLINE,PENDENTE
PED-00936,2024-08-27,NOTEBOOK,,14872.82,0.331,CENTRO-OESTE,ANA SILVA,ONLINE,CONCLUÍDO
PED-07190,2023-03-26,NOTEBOOK,,13398.46,0.0,NORTE,CARLA MENDES,TELEVENDAS,EM ANÁLISE
PED-03216,2023-02-25,MONITOR,391,,0.434,SUDESTE,BRUNO COSTA,ONLINE,CANCELADO
PED-05008,,HEADSET,495,5960.42,0.29600000000000004,NORDESTE,ANA SILVA,REVENDEDOR,CANCELADO
PED-03184,2023-09-22,WEBCAM,344,3439.0,0.129,CENTRO-OESTE,ANA SILVA,TELEVENDAS,EM ANÁLISE
PED-07086,2024-01-07,TABLET,61,,0.0,SUL,ELENA SOUZA,ONLINE,EM ANÁLISE
PED-02568,2023-04-13,WEBCAM,,12928.43,0.057,SUDESTE,CARLA MENDES,ONLINE,PENDENTE
PED-05236,2023-12-05,HEADSET,211,6059.21,0.254,CENTRO-OESTE,DIEGO LIMA,REVENDEDOR,EM ANÁLISE
PED-04324,,SMARTPHONE,451,6785.02,0.46,SUDESTE,ELENA SOUZA,ONLINE,CANCELADO
PED-04010,2023-04-11,HD EXTERNO,211,10886.16,0.0,NORDESTE,ANA SILVA,REVENDEDOR,PENDENTE
PED-05495,2023-09-25,MONITOR,433,,0.0,CENTRO-OESTE,CARLA MENDES,REVENDEDOR,CANCELADO
PED-02150,,WEBCAM,217,3774.0,0.0,SUL,CARLA MENDES,LOJA FÍSICA,PENDENTE
PED-00934,2022-09-23,HD EXTERNO,478,12574.2,0.27399999999999997,NORTE,CARLA MENDES,LOJA FÍSICA,EM ANÁLISE
PED-03749,,MOUSE,93,,0.038,NORTE,ELENA SOUZA,ONLINE,CANCELADO
PED-01615,,HD EXTERNO,175,5696.12,0.478,SUDESTE,CARLA MENDES,ONLINE,CONCLUÍDO
PED-02671,2024-11-03,WEBCAM,,9598.33,0.0,CENTRO-OESTE,ANA SILVA,TELEVENDAS,CONCLUÍDO
PED-08122,2024-07-03,MOUSE,,766.19,0.0,SUDESTE,ANA SILVA,LOJA FÍSICA,CONCLUÍDO
PED-08534,2024-12-21,TABLET,278,1235.68,0.0,SUDESTE,DIEGO LIMA,REVENDEDOR,CONCLUÍDO
PED-06942,2022-11-13,IMPRESSORA,,,0.0,NORDESTE,DIEGO LIMA,TELEVENDAS,CONCLUÍDO
PED-06550,2022-10-13,NOTEBOOK,434,10984.18,0.292,NORDESTE,DIEGO LIMA,LOJA FÍSICA,CONCLUÍDO
PED-00834,2023-06-13,TECLADO,,11241.52,0.0,NORDESTE,DIEGO LIMA,LOJA FÍSICA,EM ANÁLISE
PED-04730,2023-04-19,SMARTPHONE,,7595.08,0.0,NORTE,DIEGO LIMA,REVENDEDOR,PENDENTE
PED-00513,2024-06-03,TABLET,,,0.11900000000000001,SUDESTE,CARLA MENDES,LOJA FÍSICA,PENDENTE
PED-06521,2023-07-13,MOUSE,236,,1.0,NORTE,ELENA SOUZA,LOJA FÍSICA,CANCELADO
PED-09502,,TECLADO,999999,14769.96,0.061,NORTE,CARLA MENDES,LOJA FÍSICA,CONCLUÍDO
PED-90923,2022-05-07,WEBCAM,399,13211.0,1.0,SUDESTE,DIEGO LIMA,LOJA FÍSICA,EM ANÁLISE
PED-08711,2022-06-22,WEBCAM,113,8814.89,0.188,SUL,DIEGO LIMA,LOJA FÍSICA,PENDENTE
PED-02281,,MOUSE,444,,0.0,NORTE,ELENA SOUZA,ONLINE,EM ANÁLISE
PED-01686,2024-08-28,SMARTPHONE,,10785.1,0.0,NORTE,DIEGO LIMA,ONLINE,EM ANÁLISE
PED-01760,2023-04-09,TABLET,347,,1.0,CENTRO-OESTE,ANA SILVA,REVENDEDOR,PENDENTE
PED-05774,2022-12-21,SMARTPHONE,86,13072.88,0.49,SUL,BRUNO COSTA,ONLINE,CONCLUÍDO
PED-00037,,MONITOR,,11884.45,0.0,SUL,BRUNO COSTA,LOJA FÍSICA,PENDENTE
PED-09497,2024-11-22,SMARTPHONE,220,,0.218,SUL,ANA SILVA,REVENDEDOR,CANCELADO
PED-03519,2024-07-12,HEADSET,184,,0.02,NORDESTE,ANA SILVA,LOJA FÍSICA,CONCLUÍDO
PED-08766,2023-11-06,TABLET,,7967.67,0.0,SUDESTE,ELENA SOUZA,TELEVENDAS,CONCLUÍDO
PED-03683,,SMARTPHONE,,4956.39,0.243,SUL,ANA SILVA,REVENDEDOR,EM ANÁLISE
PED-01617,,SMARTPHONE,440,747.0,1.0,SUL,ELENA SOUZA,ONLINE,CONCLUÍDO
PED-05031,2024-01-11,HD EXTERNO,461,13858.0,0.293,NORTE,ELENA SOUZA,ONLINE,EM ANÁLISE
PED-06041,2023-09-19,IMPRESSORA,353,3327.45,0.32,NORTE,ELENA SOUZA,TELEVENDAS,EM ANÁLISE
PED-00240,2024-01-16,MOUSE,,1610.71,0.455,SUDESTE,ANA SILVA,TELEVENDAS,PENDENTE
PED-03241,2022-12-19,TABLET,,,0.053,NORTE,DIEGO LIMA,REVENDEDOR,CONCLUÍDO
PED-03541,2023-10-25,MOUSE,,7325.05,0.0,SUL,NAN,ONLINE,CANCELADO
PED-05385,,MOUSE,,5210.61,0.0,CENTRO-OESTE,ELENA SOUZA,TELEVENDAS,PENDENTE
PED-05247,2022-08-01,IMPRESSORA,263,2103.02,0.0,CENTRO-OESTE,CARLA MENDES,ONLINE,PENDENTE
PED-07814,2024-03-19,WEBCAM,354,,0.449,NORDESTE,ANA SILVA,TELEVENDAS,PENDENTE
PED-01512,2022-12-27,TABLET,247,,0.402,NORDESTE,ANA SILVA,ONLINE,EM ANÁLISE
PED-05159,,SMARTPHONE,215,3002.81,0.155,SUDESTE,ANA SILVA,REVENDEDOR,CANCELADO
PED-03319,2024-04-16,WEBCAM,999999,10199.0,0.464,NORTE,BRUNO COSTA,ONLINE,CONCLUÍDO
PED-06536,2023-06-01,TECLADO,999999,10250.3,0.0,NORDESTE,CARLA MENDES,REVENDEDOR,CANCELADO
PED-09120,,TABLET,,,0.255,NORTE,ELENA SOUZA,ONLINE,CONCLUÍDO
PED-03786,2024-05-03,MOUSE,,5584.76,0.0,NORTE,BRUNO COSTA,LOJA FÍSICA,EM ANÁLISE
PED-09681,2023-08-03,MOUSE,,,0.0,NORTE,DIEGO LIMA,TELEVENDAS,PENDENTE
PED-04587,,TECLADO,74,,0.0,NORTE,BRUNO COSTA,TELEVENDAS,EM ANÁLISE
PED-02712,2023-03-23,NOTEBOOK,249,4009.42,0.21899999999999997,NORDESTE,ANA SILVA,REVENDEDOR,CONCLUÍDO
PED-08345,2022-12-19,MONITOR,,,0.0,NORTE,CARLA MENDES,LOJA FÍSICA,EM ANÁLISE
PED-04522,,HD EXTERNO,,2730.4,0.09300000000000001,NORDESTE,DIEGO LIMA,REVENDEDOR,PENDENTE
PED-01430,,HD EXTERNO,6,12389.56,0.417,SUL,BRUNO COSTA,REVENDEDOR,CONCLUÍDO
PED-04228,2024-03-05,HD EXTERNO,102,4614.52,0.0,CENTRO-OESTE,DIEGO LIMA,LOJA FÍSICA,PENDENTE
PED-01999,2024-06-12,NOTEBOOK,,,0.337,CENTRO-OESTE,ANA SILVA,REVENDEDOR,EM ANÁLISE
PED-07527,,MONITOR,261,,0.0,NORDESTE,DIEGO LIMA,REVENDEDOR,EM ANÁLISE
PED-01347,,NOTEBOOK,,,0.08,NORTE,ELENA SOUZA,TELEVENDAS,PENDENTE
PED-06555,2022-01-26,HD EXTERNO,363,,0.403,SUDESTE,DIEGO LIMA,ONLINE,EM ANÁLISE
PED-05548,2022-09-25,MONITOR,,4869.22,0.0,NORTE,ELENA SOUZA,LOJA FÍSICA,EM ANÁLISE
PED-31733,2024-04-26,HEADSET,403,8018.0,1.0,CENTRO-OESTE,DIEGO LIMA,LOJA FÍSICA,PENDENTE
PED-05309,,MONITOR,66,10999.77,0.312,NORDESTE,ELENA SOUZA,ONLINE,CANCELADO
PED-09340,2024-10-16,HD EXTERNO,98,,0.341,SUDESTE,DIEGO LIMA,REVENDEDOR,CONCLUÍDO
PED-00186,2023-12-07,TABLET,466,14065.23,0.0,NORTE,ELENA SOUZA,REVENDEDOR,CANCELADO
PED-00943,2024-11-14,NOTEBOOK,,9748.3,0.0,SUL,CARLA MENDES,TELEVENDAS,PENDENTE
PED-05823,,HD EXTERNO,,14484.63,0.336,NORTE,CARLA MENDES,ONLINE,PENDENTE
PED-06638,,SMARTPHONE,381,,0.147,SUDESTE,ANA SILVA,REVENDEDOR,PENDENTE
PED-00367,2023-07-09,TABLET,368,13996.08,0.43,CENTRO-OESTE,CARLA MENDES,REVENDEDOR,PENDENTE
PED-02460,2023-01-15,TABLET,,,0.0,NORTE,ELENA SOUZA,REVENDEDOR,PENDENTE
PED-00551,2024-04-04,MONITOR,,,0.49200000000000005,SUL,CARLA MENDES,ONLINE,CONCLUÍDO
PED-07511,2022-09-12,TABLET,,12770.53,0.41,CENTRO-OESTE,DIEGO LIMA,REVENDEDOR,EM ANÁLISE
PED-03707,,WEBCAM,471,12395.49,0.15,SUL,ANA SILVA,ONLINE,CONCLUÍDO
PED-05708,2023-06-13,MOUSE,999999,,0.41200000000000003,NORTE,ANA SILVA,REVENDEDOR,CANCELADO
PED-05915,2023-01-24,WEBCAM,999999,7996.97,0.0,NORTE,ANA SILVA,REVENDEDOR,CANCELADO
PED-03590,2024-02-21,IMPRESSORA,229,14396.27,0.18100000000000002,SUL,BRUNO COSTA,TELEVENDAS,CANCELADO
PED-00800,2023-01-09,TECLADO,,11624.71,0.071,CENTRO-OESTE,BRUNO COSTA,REVENDEDOR,PENDENTE
PED-03901,,TABLET,37,13425.72,0.0,NORDESTE,BRUNO COSTA,LOJA FÍSICA,EM ANÁLISE
PED-06885,2024-07-16,NOTEBOOK,,,0.0,SUL,ANA SILVA,REVENDEDOR,CONCLUÍDO
PED-03957,,MOUSE,,,0.059000000000000004,NORTE,BRUNO COSTA,TELEVENDAS,EM ANÁLISE
PED-07070,2023-02-19,NOTEBOOK,,3180.06,0.0,CENTRO-OESTE,DIEGO LIMA,TELEVENDAS,EM ANÁLISE
PED-06225,,HEADSET,428,,0.0,SUL,NAN,TELEVENDAS,PENDENTE
PED-06425,,MONITOR,197,11688.5,0.23,NORTE,ELENA SOUZA,LOJA FÍSICA,CONCLUÍDO
PED-03731,2024-05-13,HD EXTERNO,60,,0.0,SUDESTE,ANA SILVA,TELEVENDAS,EM ANÁLISE
PED-02811,2022-04-08,WEBCAM,,11067.62,0.161,CENTRO-OESTE,CARLA MENDES,ONLINE,PENDENTE
PED-02556,2023-08-09,SMARTPHONE,498,4165.64,0.0,NORTE,CARLA MENDES,LOJA FÍSICA,EM ANÁLISE
PED-02854,,WEBCAM,269,12993.79,1.0,NORTE,CARLA MENDES,ONLINE,CONCLUÍDO
PED-09798,,WEBCAM,305,,0.248,SUL,CARLA MENDES,ONLINE,CANCELADO
PED-05982,2022-09-04,NOTEBOOK,206,5900.09,1.0,NORTE,ELENA SOUZA,LOJA FÍSICA,CONCLUÍDO
PED-06811,2022-06-01,IMPRESSORA,334,,0.0,SUL,ELENA SOUZA,ONLINE,CANCELADO
PED-00951,2022-08-10,MOUSE,,,0.0,NORTE,CARLA MENDES,ONLINE,CONCLUÍDO
PED-00704,2024-11-16,NOTEBOOK,262,1948.83,0.0,SUL,DIEGO LIMA,ONLINE,PENDENTE
PED-03408,2023-06-02,WEBCAM,202,13928.2,0.24600000000000002,SUDESTE,DIEGO LIMA,LOJA FÍSICA,EM ANÁLISE
PED-02421,2022-02-20,HEADSET,57,4243.65,0.39299999999999996,SUL,CARLA MENDES,REVENDEDOR,CONCLUÍDO
PED-00857,2022-06-21,TABLET,266,10822.15,0.447,NORTE,ELENA SOUZA,TELEVENDAS,EM ANÁLISE
PED-09299,,HEADSET,294,1971.28,0.0,NORDESTE,ANA SILVA,TELEVENDAS,CANCELADO
PED-00202,2022-10-16,MONITOR,290,14794.43,0.0,SUDESTE,NAN,LOJA FÍSICA,CANCELADO
PED-02826,2023-03-20,IMPRESSORA,286,9100.0,0.0,CENTRO-OESTE,BRUNO COSTA,REVENDEDOR,PENDENTE
PED-08610,,IMPRESSORA,352,,0.18,SUDESTE,DIEGO LIMA,TELEVENDAS,CONCLUÍDO
PED-01399,,TECLADO,144,12036.0,0.21,SUL,BRUNO COSTA,ONLINE,CONCLUÍDO
PED-07987,2022-10-18,HEADSET,395,,0.0,CENTRO-OESTE,DIEGO LIMA,ONLINE,PENDENTE
PED-04822,,IMPRESSORA,351,,0.048,SUL,ELENA SOUZA,ONLINE,CONCLUÍDO
PED-05567,2022-08-25,MONITOR,999999,,0.0,NORDESTE,ANA SILVA,REVENDEDOR,CONCLUÍDO
PED-06328,,IMPRESSORA,,,0.009,NORDESTE,CARLA MENDES,TELEVENDAS,CONCLUÍDO
PED-07453,2023-06-07,MONITOR,329,3775.17,0.0,NORTE,ELENA SOUZA,LOJA FÍSICA,CONCLUÍDO
PED-03205,,HEADSET,421,10685.84,0.134,NORTE,DIEGO LIMA,LOJA FÍSICA,CANCELADO
PED-03065,2023-09-15,TABLET,,,1.0,SUDESTE,ELENA SOUZA,REVENDEDOR,EM ANÁLISE
PED-03652,2024-12-20,MONITOR,455,6262.37,0.099,SUL,BRUNO COSTA,LOJA FÍSICA,EM ANÁLISE
PED-07495,2024-06-15,MOUSE,,1320.6,0.0,NORDESTE,DIEGO LIMA,REVENDEDOR,CANCELADO
PED-08745,2022-02-26,NOTEBOOK,285,9497.0,0.0,SUDESTE,ANA SILVA,TELEVENDAS,PENDENTE
PED-05634,2024-05-09,TABLET,278,,0.23199999999999998,SUL,BRUNO COSTA,LOJA FÍSICA,CANCELADO
PED-04756,2024-10-13,WEBCAM,,10340.65,0.0,NORDESTE,ANA SILVA,LOJA FÍSICA,EM ANÁLISE
PED-09462,2023-04-28,MONITOR,,,0.369,SUDESTE,DIEGO LIMA,LOJA FÍSICA,PENDENTE
PED-07972,,HEADSET,328,1560.62,0.0,SUL,DIEGO LIMA,LOJA FÍSICA,EM ANÁLISE
PED-07403,,IMPRESSORA,,,0.05,NORTE,CARLA MENDES,ONLINE,EM ANÁLISE
PED-08975,,NOTEBOOK,157,,0.0,NORTE,ANA SILVA,LOJA FÍSICA,PENDENTE
PED-01819,,IMPRESSORA,436,13714.27,0.38799999999999996,SUL,DIEGO LIMA,TELEVENDAS,CANCELADO
PED-02071,,IMPRESSORA,261,,0.0,NORTE,ELENA SOUZA,REVENDEDOR,CANCELADO
PED-07377,2023-07-27,TABLET,162,,0.0,SUDESTE,DIEGO LIMA,LOJA FÍSICA,PENDENTE
PED-08442,2024-02-18,IMPRESSORA,,,0.0,SUL,ANA SILVA,ONLINE,EM ANÁLISE
PED-00868,2024-08-11,MOUSE,149,8846.0,0.047,NORTE,BRUNO COSTA,TELEVENDAS,EM ANÁLISE
PED-03527,,MOUSE,434,,0.0,NORDESTE,DIEGO LIMA,LOJA FÍSICA,EM ANÁLISE
PED-06523,2022-03-24,NOTEBOOK,,1354.0,0.406,NORTE,BRUNO COSTA,REVENDEDOR,CONCLUÍDO
PED-02717,2024-01-21,MONITOR,,,0.025,CENTRO-OESTE,CARLA MENDES,REVENDEDOR,CANCELADO
PED-06166,2022-06-19,IMPRESSORA,322,,0.18,SUL,CARLA MENDES,LOJA FÍSICA,CONCLUÍDO
PED-03274,2023-12-05,IMPRESSORA,,12610.35,0.0,NORTE,CARLA MENDES,ONLINE,EM ANÁLISE
PED-05299,2023-04-13,TECLADO,,892.02,0.0,SUDESTE,ANA SILVA,ONLINE,PENDENTE
PED-08916,2024-06-10,NOTEBOOK,,,0.485,CENTRO-OESTE,ANA SILVA,LOJA FÍSICA,CONCLUÍDO
PED-05285,2023-12-19,NOTEBOOK,,10929.54,0.41,SUDESTE,ELENA SOUZA,LOJA FÍSICA,CONCLUÍDO
PED-04614,2024-04-09,HEADSET,,,0.38,SUL,ANA SILVA,REVENDEDOR,CONCLUÍDO
PED-07526,2022-05-14,WEBCAM,,5108.88,0.02,NORTE,ANA SILVA,ONLINE,EM ANÁLISE
PED-05020,,SMARTPHONE,162,4024.35,0.0,NORTE,ANA SILVA,LOJA FÍSICA,CANCELADO
PED-05301,2022-03-07,NOTEBOOK,,,0.175,SUL,ELENA SOUZA,LOJA FÍSICA,PENDENTE
PED-01363,,HEADSET,,4161.64,0.22399999999999998,NORTE,CARLA MENDES,LOJA FÍSICA,CANCELADO
PED-02909,2023-04-07,SMARTPHONE,,3069.84,0.0,NORDESTE,DIEGO LIMA,REVENDEDOR,PENDENTE
PED-05446,2022-12-12,WEBCAM,40,12793.37,0.0,SUL,CARLA MENDES,REVENDEDOR,CONCLUÍDO
PED-05388,2023-06-27,SMARTPHONE,,13483.71,0.0,CENTRO-OESTE,CARLA MENDES,TELEVENDAS,EM ANÁLISE
PED-73127,2024-09-01,WEBCAM,331,11379.7,0.0,CENTRO-OESTE,BRUNO COSTA,LOJA FÍSICA,PENDENTE
PED-07152,2023-03-17,TECLADO,,7326.68,0.31,SUL,ELENA SOUZA,LOJA FÍSICA,CANCELADO
PED-00896,2024-12-04,SMARTPHONE,423,,0.40299999999999997,NORTE,BRUNO COSTA,LOJA FÍSICA,CONCLUÍDO
PED-00697,,NAN,345,14597.0,1.0,CENTRO-OESTE,ELENA SOUZA,REVENDEDOR,EM ANÁLISE
PED-05228,2024-08-25,WEBCAM,418,12142.35,1.0,SUL,DIEGO LIMA,ONLINE,CANCELADO
PED-08686,,IMPRESSORA,442,,0.133,NORTE,CARLA MENDES,TELEVENDAS,CONCLUÍDO
PED-57933,,HD EXTERNO,103,6903.86,0.0,NORTE,DIEGO LIMA,LOJA FÍSICA,EM ANÁLISE
PED-06655,,HD EXTERNO,455,1594.84,0.344,NORDESTE,ANA SILVA,REVENDEDOR,EM ANÁLISE
PED-05748,,MONITOR,251,,1.0,SUL,DIEGO LIMA,ONLINE,CONCLUÍDO
PED-07731,,SMARTPHONE,97,2744.84,0.0,SUL,DIEGO LIMA,ONLINE,PENDENTE
PED-07772,,HEADSET,,,0.20199999999999999,SUL,ANA SILVA,ONLINE,PENDENTE
PED-00302,2023-07-01,HEADSET,338,6845.0,1.0,NORTE,ANA SILVA,LOJA FÍSICA,CANCELADO
PED-04454,,SMARTPHONE,430,,0.0,NORTE,ANA SILVA,LOJA FÍSICA,PENDENTE
PED-03427,2024-06-11,WEBCAM,267,13028.0,1.0,NORDESTE,CARLA MENDES,ONLINE,CONCLUÍDO
PED-05667,2022-11-21,HD EXTERNO,,1613.81,0.218,NORDESTE,ANA SILVA,ONLINE,EM ANÁLISE
PED-08373,2023-06-22,WEBCAM,154,,0.298,CENTRO-OESTE,ANA SILVA,TELEVENDAS,CONCLUÍDO
PED-09064,2023-12-05,WEBCAM,,,0.39,SUL,BRUNO COSTA,LOJA FÍSICA,EM ANÁLISE
PED-07755,2023-03-20,WEBCAM,293,9816.0,0.0,SUDESTE,ELENA SOUZA,ONLINE,CONCLUÍDO
PED-04770,,TABLET,394,,0.09,NORTE,ELENA SOUZA,REVENDEDOR,CANCELADO
PED-03926,2024-04-23,HD EXTERNO,,,1.0,SUDESTE,BRUNO COSTA,LOJA FÍSICA,EM ANÁLISE
PED-07506,2024-03-13,MOUSE,152,,0.0,NORTE,CARLA MENDES,REVENDEDOR,EM ANÁLISE
PED-37317,2022-08-17,TECLADO,,,0.0,SUDESTE,BRUNO COSTA,LOJA FÍSICA,CANCELADO
PED-08383,2023-05-13,MOUSE,,,0.226,NORDESTE,ANA SILVA,ONLINE,PENDENTE
PED-03089,2022-06-20,TECLADO,,5545.24,1.0,NORTE,CARLA MENDES,TELEVENDAS,EM ANÁLISE
PED-08907,2024-02-24,TECLADO,,,0.032,CENTRO-OESTE,DIEGO LIMA,LOJA FÍSICA,CONCLUÍDO
PED-03467,2023-04-08,HEADSET,489,6462.7,0.444,NORDESTE,DIEGO LIMA,ONLINE,CONCLUÍDO
PED-05860,2023-08-11,HEADSET,,3951.73,0.0,SUDESTE,DIEGO LIMA,ONLINE,CONCLUÍDO
PED-01263,,HD EXTERNO,,8411.3,0.0,SUDESTE,ELENA SOUZA,ONLINE,PENDENTE
PED-01105,2022-05-26,SMARTPHONE,,3502.55,0.251,SUL,DIEGO LIMA,ONLINE,CONCLUÍDO
PED-02070,2024-02-23,MOUSE,419,10503.52,0.0,NORDESTE,DIEGO LIMA,ONLINE,CONCLUÍDO
PED-09816,2024-08-22,IMPRESSORA,361,,0.298,NORDESTE,CARLA MENDES,REVENDEDOR,PENDENTE
PED-02481,2024-11-17,HEADSET,,,0.023,SUL,ELENA SOUZA,TELEVENDAS,EM ANÁLISE
PED-09014,2022-08-11,TECLADO,424,14894.92,0.0,NORTE,ANA SILVA,ONLINE,CONCLUÍDO
PED-08717,2022-12-18,HEADSET,,,0.0,NORTE,DIEGO LIMA,LOJA FÍSICA,PENDENTE
PED-07344,,TABLET,,12775.0,0.192,SUL,ELENA SOUZA,LOJA FÍSICA,CONCLUÍDO
PED-05514,,WEBCAM,41,10905.15,0.078,NORTE,CARLA MENDES,REVENDEDOR,CONCLUÍDO
PED-03352,2022-07-17,TABLET,86,1833.4,0.225,SUDESTE,ELENA SOUZA,ONLINE,CANCELADO
PED-06514,,TABLET,,,0.0,SUL,BRUNO COSTA,ONLINE,PENDENTE
PED-06519,2024-12-01,MOUSE,,,0.0,NORTE,ANA SILVA,ONLINE,CONCLUÍDO
PED-07543,2022-04-28,TABLET,,,0.023,SUL,ELENA SOUZA,ONLINE,CONCLUÍDO
PED-08258,,MOUSE,230,,0.115,NORTE,BRUNO COSTA,ONLINE,CONCLUÍDO
PED-00567,2022-02-25,TECLADO,19,,0.087,NORDESTE,ELENA SOUZA,LOJA FÍSICA,EM ANÁLISE
PED-07730,,MONITOR,295,,0.41,SUL,DIEGO LIMA,ONLINE,EM ANÁLISE
PED-08204,,MONITOR,193,,0.0,NORDESTE,DIEGO LIMA,LOJA FÍSICA,CONCLUÍDO
PED-02387,,NOTEBOOK,,,0.2,CENTRO-OESTE,BRUNO COSTA,REVENDEDOR,CANCELADO
PED-63168,2023-04-15,WEBCAM,,11807.1,0.0,NORTE,BRUNO COSTA,TELEVENDAS,EM ANÁLISE
PED-02837,,HD EXTERNO,78,,0.0,NORTE,BRUNO COSTA,TELEVENDAS,EM ANÁLISE
PED-01718,2024-10-06,SMARTPHONE,,,0.0,NORTE,BRUNO COSTA,TELEVENDAS,PENDENTE
PED-08659,2022-04-16,MOUSE,403,,0.0,SUL,CARLA MENDES,LOJA FÍSICA,CONCLUÍDO
PED-03782,,SMARTPHONE,447,,0.263,NORDESTE,ANA SILVA,ONLINE,EM ANÁLISE
PED-05958,2024-04-19,MOUSE,,3708.0,0.381,NORTE,ELENA SOUZA,LOJA FÍSICA,CANCELADO
PED-00221,2024-06-17,WEBCAM,79,,0.292,CENTRO-OESTE,ELENA SOUZA,ONLINE,PENDENTE
PED-09998,2022-07-18,MONITOR,149,7755.56,0.0,SUDESTE,BRUNO COSTA,ONLINE,EM ANÁLISE
PED-06289,,TABLET,,13251.67,0.237,SUDESTE,DIEGO LIMA,TELEVENDAS,CONCLUÍDO
PED-05585,,MOUSE,410,8957.86,0.207,NORDESTE,ANA SILVA,LOJA FÍSICA,EM ANÁLISE
PED-01474,,HD EXTERNO,,259.0,1.0,SUDESTE,ELENA SOUZA,ONLINE,CONCLUÍDO
PED-08474,,NOTEBOOK,488,,0.0,NORTE,ELENA SOUZA,ONLINE,PENDENTE
PED-04852,,TECLADO,371,6834.79,0.462,SUL,ANA SILVA,LOJA FÍSICA,EM ANÁLISE
PED-01637,2023-06-19,IMPRESSORA,,,0.0,SUDESTE,CARLA MENDES,ONLINE,CANCELADO
PED-08324,2023-04-24,MONITOR,,1161.79,0.021,CENTRO-OESTE,BRUNO COSTA,ONLINE,CANCELADO
PED-08588,2023-02-26,MOUSE,,,0.122,CENTRO-OESTE,CARLA MENDES,TELEVENDAS,PENDENTE
PED-02991,,HD EXTERNO,,,0.03,SUDESTE,DIEGO LIMA,ONLINE,CONCLUÍDO
PED-03219,2023-11-05,TABLET,,,0.302,NORDESTE,DIEGO LIMA,LOJA FÍSICA,CANCELADO
PED-07474,2022-05-02,HEADSET,,858.41,1.0,SUDESTE,ELENA SOUZA,LOJA FÍSICA,PENDENTE
PED-07626,,IMPRESSORA,216,,0.0,NORTE,BRUNO COSTA,TELEVENDAS,CONCLUÍDO
PED-08563,,HEADSET,254,1937.45,0.441,NORTE,ELENA SOUZA,ONLINE,EM ANÁLISE
PED-03081,,NOTEBOOK,473,6496.22,0.0,NORTE,ELENA SOUZA,TELEVENDAS,EM ANÁLISE
PED-02670,,NOTEBOOK,226,,0.21,SUL,BRUNO COSTA,REVENDEDOR,PENDENTE
PED-01986,,SMARTPHONE,226,,0.27899999999999997,SUDESTE,DIEGO LIMA,TELEVENDAS,CONCLUÍDO
PED-87519,2024-05-25,NOTEBOOK,999999,3457.0,0.0,SUL,DIEGO LIMA,LOJA FÍSICA,CONCLUÍDO
PED-04718,2023-11-05,NOTEBOOK,,14170.71,1.0,SUDESTE,ANA SILVA,REVENDEDOR,PENDENTE
PED-09323,2024-01-05,TABLET,,,0.0,CENTRO-OESTE,DIEGO LIMA,REVENDEDOR,PENDENTE
PED-05185,2022-01-26,WEBCAM,498,,0.0,CENTRO-OESTE,BRUNO COSTA,LOJA FÍSICA,CONCLUÍDO
PED-05694,,WEBCAM,,,0.0,CENTRO-OESTE,DIEGO LIMA,REVENDEDOR,CONCLUÍDO
PED-06021,2024-05-19,SMARTPHONE,248,5505.71,0.24,NORTE,CARLA MENDES,LOJA FÍSICA,CANCELADO
PED-02388,2022-07-13,MOUSE,,12191.68,0.0,NORTE,ANA SILVA,LOJA FÍSICA,PENDENTE
PED-08191,,MONITOR,,,0.248,NORTE,BRUNO COSTA,ONLINE,CONCLUÍDO
PED-07184,2024-02-03,IMPRESSORA,,13202.0,0.27,NORDESTE,CARLA MENDES,LOJA FÍSICA,CANCELADO
PED-01456,,WEBCAM,488,,0.44299999999999995,SUL,ANA SILVA,TELEVENDAS,CONCLUÍDO
PED-07543,2023-02-08,IMPRESSORA,,,0.23199999999999998,NORTE,BRUNO COSTA,LOJA FÍSICA,EM ANÁLISE
PED-07893,,NOTEBOOK,397,4912.0,1.0,SUDESTE,BRUNO COSTA,ONLINE,EM ANÁLISE
PED-01646,2024-11-12,IMPRESSORA,,6361.68,0.294,CENTRO-OESTE,ANA SILVA,TELEVENDAS,CONCLUÍDO
PED-05696,2022-01-28,NOTEBOOK,131,,0.278,CENTRO-OESTE,BRUNO COSTA,TELEVENDAS,EM ANÁLISE
PED-08803,2023-09-10,TABLET,,,0.05,NORTE,ANA SILVA,ONLINE,PENDENTE
PED-07502,2024-09-19,TABLET,48,8800.16,0.047,NORTE,CARLA MENDES,REVENDEDOR,PENDENTE
PED-08680,2022-11-16,WEBCAM,,9006.86,0.0,NORDESTE,BRUNO COSTA,LOJA FÍSICA,CONCLUÍDO
PED-01116,2023-10-20,IMPRESSORA,395,11039.23,0.118,SUL,BRUNO COSTA,REVENDEDOR,PENDENTE
PED-04870,2024-07-10,MOUSE,,13090.0,0.0,SUDESTE,DIEGO LIMA,TELEVENDAS,EM ANÁLISE
PED-05334,2023-10-08,MONITOR,,,0.39799999999999996,SUL,CARLA MENDES,LOJA FÍSICA,CONCLUÍDO
PED-06747,,SMARTPHONE,999999,936.5,0.156,NORDESTE,BRUNO COSTA,TELEVENDAS,PENDENTE
PED-06681,,WEBCAM,478,,0.366,NORDESTE,CARLA MENDES,REVENDEDOR,CANCELADO
PED-08794,,TABLET,,10240.0,0.0,SUL,CARLA MENDES,REVENDEDOR,EM ANÁLISE
PED-02743,2023-08-05,IMPRESSORA,317,,0.271,SUL,ELENA SOUZA,ONLINE,PENDENTE
PED-03607,,TECLADO,353,11030.51,0.0,SUDESTE,DIEGO LIMA,ONLINE,CONCLUÍDO
PED-02700,2024-02-16,TECLADO,368,2092.0,0.47,SUL,CARLA MENDES,ONLINE,CONCLUÍDO
PED-08073,2024-12-08,MOUSE,999999,7303.03,0.07200000000000001,SUL,BRUNO COSTA,REVENDEDOR,EM ANÁLISE
PED-07119,2023-02-26,TECLADO,,13205.58,0.0,NORDESTE,BRUNO COSTA,ONLINE,PENDENTE
PED-09518,2024-11-06,IMPRESSORA,,4989.25,0.215,SUDESTE,ELENA SOUZA,REVENDEDOR,CANCELADO
PED-06895,2023-11-21,HD EXTERNO,,,0.04,NORDESTE,ELENA SOUZA,ONLINE,PENDENTE
PED-02722,,WEBCAM,,,0.18,CENTRO-OESTE,ANA SILVA,REVENDEDOR,CANCELADO
PED-09182,2024-04-22,TECLADO,470,14683.53,0.19899999999999998,NORTE,DIEGO LIMA,ONLINE,CONCLUÍDO
PED-07746,2022-01-24,MONITOR,259,9315.63,0.13,NORDESTE,ANA SILVA,LOJA FÍSICA,CONCLUÍDO
PED-09863,2023-06-07,HD EXTERNO,,,0.498,SUL,ANA SILVA,REVENDEDOR,CONCLUÍDO
PED-07605,2024-09-01,NOTEBOOK,,11091.29,0.19,NORTE,DIEGO LIMA,LOJA FÍSICA,PENDENTE
PED-08862,,TABLET,404,,0.0,CENTRO-OESTE,ANA SILVA,TELEVENDAS,CANCELADO
PED-64916,2024-07-16,TABLET,,3468.0,1.0,NORTE,ELENA SOUZA,TELEVENDAS,PENDENTE
PED-01602,2023-02-10,HEADSET,,,0.0,CENTRO-OESTE,DIEGO LIMA,TELEVENDAS,CONCLUÍDO
PED-05052,2024-10-13,HD EXTERNO,72,1645.77,0.0,NORTE,BRUNO COSTA,LOJA FÍSICA,EM ANÁLISE
PED-04865,2024-08-02,MONITOR,309,396.12,0.0,NORDESTE,ELENA SOUZA,ONLINE,PENDENTE
PED-09815,2024-09-15,WEBCAM,,11811.46,0.278,SUL,DIEGO LIMA,ONLINE,CONCLUÍDO
PED-08765,2022-08-27,IMPRESSORA,137,12746.0,0.306,SUL,CARLA MENDES,LOJA FÍSICA,CONCLUÍDO
PED-07952,,MONITOR,,,0.0,SUL,BRUNO COSTA,LOJA FÍSICA,CONCLUÍDO
PED-02021,2023-09-18,SMARTPHONE,238,,1.0,SUL,ELENA SOUZA,TELEVENDAS,CANCELADO
PED-02062,,WEBCAM,,11905.32,1.0,NORTE,ELENA SOUZA,ONLINE,EM ANÁLISE
PED-02959,2023-07-20,HEADSET,245,6045.17,0.0,SUL,DIEGO LIMA,TELEVENDAS,CONCLUÍDO
PED-07808,2024-03-18,HEADSET,999999,7869.61,0.162,NORTE,CARLA MENDES,LOJA FÍSICA,CONCLUÍDO
PED-06412,,TABLET,999999,,0.0,SUDESTE,CARLA MENDES,LOJA FÍSICA,PENDENTE
PED-12068,,NOTEBOOK,450,13529.56,0.0,SUL,CARLA MENDES,ONLINE,EM ANÁLISE
PED-08045,,HD EXTERNO,390,12596.0,1.0,NORTE,DIEGO LIMA,ONLINE,CONCLUÍDO
PED-03450,2022-02-05,TECLADO,5,,0.0,SUL,BRUNO COSTA,REVENDEDOR,PENDENTE
PED-02261,2022-07-04,HD EXTERNO,425,,0.0,NORDESTE,ANA SILVA,TELEVENDAS,CANCELADO
PED-03561,,MOUSE,,12765.1,0.16,NORTE,ELENA SOUZA,ONLINE,PENDENTE
PED-01370,2023-07-06,SMARTPHONE,362,,0.267,SUDESTE,ELENA SOUZA,LOJA FÍSICA,CANCELADO
PED-21099,2024-06-16,IMPRESSORA,36,,0.38,SUDESTE,BRUNO COSTA,REVENDEDOR,CANCELADO
PED-07361,2023-08-09,MONITOR,293,1092.24,0.337,SUDESTE,ANA SILVA,ONLINE,CONCLUÍDO
PED-04040,2022-09-02,HD EXTERNO,150,8791.77,0.439,SUDESTE,BRUNO COSTA,LOJA FÍSICA,CONCLUÍDO
PED-02199,,HEADSET,,7590.15,0.055999999999999994,NORDESTE,ANA SILVA,LOJA FÍSICA,EM ANÁLISE
PED-02467,2022-08-08,TECLADO,,,0.43200000000000005,NORTE,ANA SILVA,LOJA FÍSICA,CONCLUÍDO
PED-68680,,MONITOR,,7419.89,1.0,NORDESTE,DIEGO LIMA,REVENDEDOR,PENDENTE
PED-09583,2022-07-02,HD EXTERNO,,,0.225,NORTE,CARLA MENDES,TELEVENDAS,CONCLUÍDO
PED-08539,2022-07-27,MOUSE,20,,0.0,NORDESTE,CARLA MENDES,LOJA FÍSICA,CONCLUÍDO
PED-07389,2023-05-15,HD EXTERNO,29,,0.0,SUL,ANA SILVA,REVENDEDOR,CANCELADO
PED-05615,2023-06-02,NOTEBOOK,,13973.53,0.179,NORTE,ANA SILVA,ONLINE,CANCELADO
PED-09515,2023-02-12,HEADSET,472,6116.54,0.0,SUDESTE,ELENA SOUZA,ONLINE,PENDENTE
PED-04269,2023-05-10,WEBCAM,,,0.0,SUDESTE,BRUNO COSTA,REVENDEDOR,CONCLUÍDO
PED-04686,2024-11-17,WEBCAM,,,0.0,NORTE,ANA SILVA,REVENDEDOR,EM ANÁLISE
PED-08274,2024-07-24,HEADSET,481,,0.175,NORTE,BRUNO COSTA,ONLINE,CONCLUÍDO
PED-08866,2023-12-12,TECLADO,475,,0.0,NORTE,CARLA MENDES,ONLINE,EM ANÁLISE
PED-05938,2022-11-22,TABLET,999999,,0.0,SUL,ELENA SOUZA,LOJA FÍSICA,EM ANÁLISE
PED-08335,,SMARTPHONE,,,0.0,SUL,BRUNO COSTA,ONLINE,CANCELADO
PED-03319,2024-01-09,MONITOR,43,,0.358,SUDESTE,ELENA SOUZA,TELEVENDAS,PENDENTE
PED-08621,,MONITOR,73,12522.56,0.402,CENTRO-OESTE,CARLA MENDES,TELEVENDAS,PENDENTE
PED-03390,2022-01-20,IMPRESSORA,,6261.0,0.255,NORTE,DIEGO LIMA,LOJA FÍSICA,CANCELADO
PED-02391,2024-04-15,MOUSE,325,,0.329,NORTE,DIEGO LIMA,LOJA FÍSICA,CANCELADO
PED-00102,2024-07-11,WEBCAM,89,,0.181,NORTE,ELENA SOUZA,LOJA FÍSICA,CANCELADO
PED-09269,,IMPRESSORA,242,,0.0,NORDESTE,CARLA MENDES,LOJA FÍSICA,EM ANÁLISE
PED-07519,,TABLET,,5701.37,0.0,SUDESTE,CARLA MENDES,ONLINE,CONCLUÍDO
PED-02658,2023-11-22,WEBCAM,,,0.0,NORTE,BRUNO COSTA,ONLINE,EM ANÁLISE
PED-06427,2023-07-09,TABLET,,,0.0,NORTE,DIEGO LIMA,REVENDEDOR,CONCLUÍDO
PED-04900,2022-03-14,TECLADO,71,12248.44,0.321,SUL,ANA SILVA,TELEVENDAS,CONCLUÍDO
PED-04891,2022-06-07,TABLET,57,4920.49,0.0,SUDESTE,CARLA MENDES,REVENDEDOR,CONCLUÍDO
PED-01615,2022-06-12,TABLET,445,,0.0,SUL,ANA SILVA,REVENDEDOR,CONCLUÍDO
PED-04541,2023-02-18,MONITOR,242,11790.17,0.21100000000000002,SUL,DIEGO LIMA,ONLINE,CANCELADO
PED-02900,2022-07-24,HD EXTERNO,48,14605.84,0.0,SUL,ELENA SOUZA,TELEVENDAS,EM ANÁLISE
PED-00735,2022-04-18,IMPRESSORA,,,0.09,NORDESTE,CARLA MENDES,ONLINE,CANCELADO
PED-00216,2022-12-12,MONITOR,10,,0.33,SUDESTE,BRUNO COSTA,TELEVENDAS,CONCLUÍDO
PED-00847,2022-01-19,TABLET,,,0.0,NORTE,ELENA SOUZA,ONLINE,EM ANÁLISE
PED-08201,2023-03-28,IMPRESSORA,463,1833.1,0.0,NORTE,ANA SILVA,LOJA FÍSICA,EM ANÁLISE
PED-04198,2022-08-11,IMPRESSORA,360,10671.48,0.0,NORDESTE,BRUNO COSTA,LOJA FÍSICA,CANCELADO
PED-04545,,MOUSE,320,13427.81,0.29,NORTE,ANA SILVA,TELEVENDAS,CONCLUÍDO
PED-09795,2024-01-17,TECLADO,,,0.267,SUL,CARLA MENDES,ONLINE,CANCELADO
PED-03677,2024-09-06,TECLADO,302,,0.232,SUL,ANA SILVA,TELEVENDAS,CONCLUÍDO
PED-08127,2023-03-16,NOTEBOOK,459,12223.1,0.4,NORTE,ELENA SOUZA,TELEVENDAS,CONCLUÍDO
PED-09987,2022-07-07,HEADSET,199,5670.08,0.0,NORTE,CARLA MENDES,LOJA FÍSICA,PENDENTE
PED-08506,2023-01-23,MONITOR,27,,1.0,CENTRO-OESTE,BRUNO COSTA,REVENDEDOR,CONCLUÍDO
PED-01086,,TABLET,119,,0.245,SUL,ELENA SOUZA,ONLINE,CONCLUÍDO
PED-00838,2024-02-24,SMARTPHONE,999999,,0.251,NORDESTE,DIEGO LIMA,LOJA FÍSICA,CONCLUÍDO
PED-08386,2022-07-16,TECLADO,53,2926.93,0.203,NORTE,ANA SILVA,LOJA FÍSICA,CANCELADO
PED-06237,2023-04-08,HD EXTERNO,,,0.0,NORTE,CARLA MENDES,LOJA FÍSICA,PENDENTE
PED-02949,,WEBCAM,,,0.409,NORTE,ANA SILVA,ONLINE,CONCLUÍDO
PED-51851,2024-07-15,MONITOR,224,5640.92,0.16899999999999998,CENTRO-OESTE,ANA SILVA,ONLINE,CONCLUÍDO
PED-08048,,SMARTPHONE,16,,0.434,CENTRO-OESTE,ANA SILVA,ONLINE,CONCLUÍDO
PED-12389,2024-02-19,HD EXTERNO,,7660.34,0.233,NORDESTE,BRUNO COSTA,ONLINE,CANCELADO
PED-00750,,TECLADO,,7972.79,0.0,NORDESTE,DIEGO LIMA,REVENDEDOR,CONCLUÍDO
PED-08463,2023-10-22,TECLADO,,7110.84,0.349,NORTE,ELENA SOUZA,LOJA FÍSICA,PENDENTE
PED-02955,2024-05-09,NOTEBOOK,57,2900.0,0.0,SUDESTE,DIEGO LIMA,LOJA FÍSICA,CANCELADO
PED-09096,2024-04-26,HD EXTERNO,283,7452.61,0.474,CENTRO-OESTE,DIEGO LIMA,TELEVENDAS,CONCLUÍDO
PED-03192,2022-07-16,TECLADO,104,10604.07,0.0,NORTE,DIEGO LIMA,ONLINE,EM ANÁLISE
PED-07169,,MOUSE,,14930.21,1.0,NORDESTE,ANA SILVA,LOJA FÍSICA,PENDENTE
PED-09568,2023-09-09,MONITOR,,,0.0,SUDESTE,DIEGO LIMA,TELEVENDAS,PENDENTE
PED-05193,2022-11-11,MOUSE,,,0.201,NORTE,CARLA MENDES,LOJA FÍSICA,CANCELADO
PED-09463,,HEADSET,,14785.08,0.0,SUDESTE,DIEGO LIMA,ONLINE,PENDENTE
PED-05831,2024-09-07,HEADSET,303,7459.15,0.018000000000000002,SUDESTE,ANA SILVA,ONLINE,CONCLUÍDO
PED-03113,,NOTEBOOK,99,4454.36,0.0,SUDESTE,ANA SILVA,REVENDEDOR,EM ANÁLISE
PED-01264,2022-12-23,SMARTPHONE,,,1.0,NORTE,DIEGO LIMA,ONLINE,CANCELADO
PED-02196,2022-08-15,TECLADO,,7453.35,0.48,SUDESTE,ELENA SOUZA,LOJA FÍSICA,CANCELADO
PED-08580,2022-06-08,NOTEBOOK,220,907.41,0.132,SUL,ANA SILVA,LOJA FÍSICA,EM ANÁLISE
PED-08109,,SMARTPHONE,255,,0.0,NORTE,CARLA MENDES,LOJA FÍSICA,CONCLUÍDO
PED-05842,2022-07-04,MONITOR,,3788.33,1.0,SUDESTE,DIEGO LIMA,TELEVENDAS,CONCLUÍDO
PED-02019,2024-06-26,HEADSET,,6257.33,0.0,SUDESTE,ELENA SOUZA,LOJA FÍSICA,PENDENTE
PED-09821,,TECLADO,442,13879.64,0.01,SUDESTE,CARLA MENDES,TELEVENDAS,EM ANÁLISE
PED-09029,2023-05-18,HEADSET,272,,0.0,NORTE,ANA SILVA,TELEVENDAS,CANCELADO
PED-08262,2022-04-14,WEBCAM,,,0.018,NORTE,BRUNO COSTA,ONLINE,CONCLUÍDO
PED-09637,2024-01-28,MOUSE,,5429.0,0.274,SUL,CARLA MENDES,ONLINE,EM ANÁLISE
PED-00703,,WEBCAM,458,,0.043,SUL,ELENA SOUZA,LOJA FÍSICA,PENDENTE
PED-03114,2024-12-20,WEBCAM,,,0.157,NORTE,DIEGO LIMA,LOJA FÍSICA,CANCELADO
PED-05413,2022-02-04,IMPRESSORA,,,0.274,SUDESTE,BRUNO COSTA,LOJA FÍSICA,PENDENTE
PED-04800,2023-11-08,WEBCAM,58,,0.105,CENTRO-OESTE,ELENA SOUZA,ONLINE,CONCLUÍDO
PED-09066,2023-09-04,IMPRESSORA,111,,0.0,CENTRO-OESTE,DIEGO LIMA,TELEVENDAS,CANCELADO
PED-01522,2023-09-04,TECLADO,291,9451.87,0.171,SUL,DIEGO LIMA,LOJA FÍSICA,EM ANÁLISE
PED-03538,2023-10-26,HD EXTERNO,,11386.0,0.0,CENTRO-OESTE,ANA SILVA,LOJA FÍSICA,CANCELADO
PED-03076,,TABLET,77,,0.02,SUDESTE,NAN,LOJA FÍSICA,CANCELADO
PED-09701,2022-09-14,MOUSE,391,2274.49,0.048,NORTE,ELENA SOUZA,LOJA FÍSICA,CANCELADO
PED-02915,2022-12-13,MONITOR,,,0.068,CENTRO-OESTE,CARLA MENDES,LOJA FÍSICA,CONCLUÍDO
PED-08623,2022-05-13,MOUSE,,14195.37,0.0,CENTRO-OESTE,ANA SILVA,ONLINE,EM ANÁLISE
PED-08407,2022-07-21,WEBCAM,391,6654.61,0.21899999999999997,SUL,ELENA SOUZA,REVENDEDOR,CONCLUÍDO
PED-03691,,HEADSET,317,4384.71,0.0,NORTE,ANA SILVA,TELEVENDAS,CONCLUÍDO
PED-06419,2024-11-20,TABLET,361,,0.17300000000000001,SUL,CARLA MENDES,ONLINE,PENDENTE
PED-02240,,NOTEBOOK,,12163.23,0.0,NORTE,CARLA MENDES,REVENDEDOR,PENDENTE
PED-08807,,TECLADO,164,,0.059000000000000004,NORTE,ANA SILVA,ONLINE,PENDENTE
PED-00243,2024-02-26,SMARTPHONE,48,553.0,0.423,CENTRO-OESTE,CARLA MENDES,ONLINE,EM ANÁLISE
PED-02674,2023-01-14,TECLADO,,8608.9,0.4,CENTRO-OESTE,ANA SILVA,TELEVENDAS,EM ANÁLISE
PED-06337,2022-01-17,WEBCAM,242,6135.78,0.0,NORDESTE,BRUNO COSTA,TELEVENDAS,EM ANÁLISE
PED-07395,,WEBCAM,,7256.2,0.0,SUDESTE,ANA SILVA,LOJA FÍSICA,CONCLUÍDO
PED-30004,2024-10-16,SMARTPHONE,147,,0.187,NORTE,BRUNO COSTA,TELEVENDAS,PENDENTE
PED-05029,2023-03-23,IMPRESSORA,145,,0.0,NORTE,BRUNO COSTA,ONLINE,PENDENTE
PED-09294,2024-02-02,TABLET,,13718.45,0.13,SUDESTE,DIEGO LIMA,ONLINE,EM ANÁLISE
PED-04958,2024-08-21,NOTEBOOK,353,,0.0,SUDESTE,CARLA MENDES,REVENDEDOR,PENDENTE
PED-02791,,SMARTPHONE,,3886.08,0.0,SUL,ANA SILVA,LOJA FÍSICA,PENDENTE
PED-00623,,TECLADO,181,13193.86,0.0,SUDESTE,ANA SILVA,LOJA FÍSICA,EM ANÁLISE
PED-06871,2022-07-18,TABLET,94,,0.0,SUL,ELENA SOUZA,LOJA FÍSICA,PENDENTE
PED-01902,2023-09-26,TECLADO,58,743.98,1.0,NORTE,ELENA SOUZA,ONLINE,CANCELADO
PED-03581,,HEADSET,999999,,0.143,NORDESTE,DIEGO LIMA,ONLINE,CONCLUÍDO
PED-00801,2022-08-07,TECLADO,318,11879.0,0.3770000000000001,CENTRO-OESTE,BRUNO COSTA,REVENDEDOR,PENDENTE
PED-00440,2024-11-15,TABLET,,,0.0,NORTE,DIEGO LIMA,TELEVENDAS,PENDENTE
PED-02834,2023-04-19,WEBCAM,18,,0.0,SUDESTE,ANA SILVA,REVENDEDOR,EM ANÁLISE
PED-06107,2022-10-01,HEADSET,436,,0.0,SUDESTE,CARLA MENDES,LOJA FÍSICA,PENDENTE
PED-09155,2022-01-02,NOTEBOOK,,5092.88,0.42200000000000004,NORDESTE,BRUNO COSTA,TELEVENDAS,CANCELADO
PED-00643,2024-11-13,NOTEBOOK,,,0.12300000000000001,SUL,ELENA SOUZA,TELEVENDAS,EM ANÁLISE
PED-05933,2023-01-16,HEADSET,315,3990.98,0.151,NORDESTE,BRUNO COSTA,TELEVENDAS,EM ANÁLISE
PED-05647,2024-03-21,TECLADO,,2843.34,0.0,NORTE,ANA SILVA,REVENDEDOR,EM ANÁLISE
PED-08678,2023-05-17,WEBCAM,54,,0.0,SUDESTE,ELENA SOUZA,TELEVENDAS,PENDENTE
PED-07325,,IMPRESSORA,,177.34,0.33899999999999997,NORTE,CARLA MENDES,ONLINE,EM ANÁLISE
PED-00296,,MOUSE,443,10504.0,0.41600000000000004,SUL,ELENA SOUZA,LOJA FÍSICA,CONCLUÍDO
PED-06190,2024-03-03,HEADSET,999999,2928.0,0.02,NORDESTE,BRUNO COSTA,LOJA FÍSICA,PENDENTE
PED-03145,,HEADSET,,,0.10400000000000001,NORDESTE,DIEGO LIMA,REVENDEDOR,EM ANÁLISE
PED-02718,2022-06-06,NOTEBOOK,,,0.0,NORTE,ELENA SOUZA,LOJA FÍSICA,CANCELADO
PED-04429,2024-04-06,MOUSE,,10330.68,0.006,SUL,CARLA MENDES,LOJA FÍSICA,PENDENTE
PED-08391,2024-08-22,MOUSE,,2403.74,0.41200000000000003,SUDESTE,DIEGO LIMA,ONLINE,PENDENTE
PED-03188,2023-02-05,IMPRESSORA,379,12981.41,1.0,SUDESTE,CARLA MENDES,LOJA FÍSICA,CONCLUÍDO
PED-06959,2023-10-22,SMARTPHONE,,,0.0,SUDESTE,ELENA SOUZA,LOJA FÍSICA,CANCELADO
PED-06838,2024-11-28,NOTEBOOK,469,,0.0,CENTRO-OESTE,ELENA SOUZA,TELEVENDAS,CANCELADO
PED-04643,2023-06-10,MOUSE,1,1230.67,0.0,SUL,CARLA MENDES,TELEVENDAS,EM ANÁLISE
PED-01970,,TABLET,427,6801.09,0.182,NORTE,DIEGO LIMA,ONLINE,CANCELADO
PED-07637,2023-05-12,HD EXTERNO,,,1.0,NORTE,CARLA MENDES,LOJA FÍSICA,PENDENTE
PED-08922,2023-08-18,HEADSET,385,5408.0,0.0,SUDESTE,DIEGO LIMA,REVENDEDOR,EM ANÁLISE
PED-08055,2022-08-27,SMARTPHONE,,,0.287,SUL,ANA SILVA,REVENDEDOR,EM ANÁLISE
PED-00631,,HEADSET,311,,0.0,CENTRO-OESTE,ANA SILVA,ONLINE,CONCLUÍDO
PED-09507,2022-07-14,HEADSET,,2120.0,0.094,SUDESTE,ELENA SOUZA,LOJA FÍSICA,CONCLUÍDO
PED-06725,2024-04-16,WEBCAM,,9075.64,0.22,CENTRO-OESTE,ELENA SOUZA,REVENDEDOR,CONCLUÍDO
PED-05839,2023-11-21,HEADSET,,10995.31,0.237,NORDESTE,DIEGO LIMA,ONLINE,CONCLUÍDO
PED-06724,2024-01-09,MOUSE,,265.28,0.0,NORTE,DIEGO LIMA,ONLINE,PENDENTE
PED-06163,,SMARTPHONE,107,8865.2,0.13,SUDESTE,DIEGO LIMA,LOJA FÍSICA,CONCLUÍDO
PED-08085,,TECLADO,,,0.449,CENTRO-OESTE,CARLA MENDES,REVENDEDOR,CONCLUÍDO
PED-09868,2024-08-02,HD EXTERNO,435,,1.0,NORTE,CARLA MENDES,LOJA FÍSICA,CONCLUÍDO
PED-08742,2024-01-24,IMPRESSORA,999999,,0.423,NORTE,ELENA SOUZA,LOJA FÍSICA,CANCELADO
PED-08576,2022-08-26,TABLET,177,3100.69,0.148,NORDESTE,ANA SILVA,REVENDEDOR,CONCLUÍDO
PED-02577,2022-11-03,HD EXTERNO,231,11397.0,0.403,NORTE,ANA SILVA,ONLINE,CONCLUÍDO
PED-06967,,NOTEBOOK,131,,1.0,CENTRO-OESTE,BRUNO COSTA,ONLINE,CONCLUÍDO
PED-01470,2022-05-07,MONITOR,,10944.28,0.19,NORDESTE,ANA SILVA,TELEVENDAS,CONCLUÍDO
PED-08423,2022-02-26,TECLADO,,,0.0,SUL,ELENA SOUZA,TELEVENDAS,PENDENTE
PED-05392,,HEADSET,371,13927.56,1.0,CENTRO-OESTE,CARLA MENDES,LOJA FÍSICA,PENDENTE
PED-08491,2023-01-04,TABLET,84,,0.409,SUL,DIEGO LIMA,ONLINE,CONCLUÍDO
PED-04449,2022-05-13,SMARTPHONE,,13963.68,0.35200000000000004,NORTE,ANA SILVA,TELEVENDAS,EM ANÁLISE
PED-09765,2022-10-22,HD EXTERNO,162,,0.0,SUDESTE,DIEGO LIMA,ONLINE,CONCLUÍDO
PED-05607,2022-06-06,WEBCAM,,,0.153,SUDESTE,DIEGO LIMA,REVENDEDOR,CANCELADO
PED-09727,,HD EXTERNO,,,0.097,NORDESTE,CARLA MENDES,LOJA FÍSICA,CONCLUÍDO
PED-00382,2022-11-19,HD EXTERNO,460,12918.89,0.086,NORTE,CARLA MENDES,ONLINE,CANCELADO
PED-02221,2022-07-24,HD EXTERNO,,5024.42,1.0,SUL,CARLA MENDES,LOJA FÍSICA,PENDENTE
PED-03896,2022-07-13,TABLET,84,7119.6,0.13,NORDESTE,BRUNO COSTA,LOJA FÍSICA,CONCLUÍDO
PED-04644,2022-02-13,IMPRESSORA,,,0.258,SUL,CARLA MENDES,REVENDEDOR,PENDENTE
PED-05672,2023-01-18,MOUSE,50,6017.24,0.0,SUDESTE,CARLA MENDES,ONLINE,CANCELADO
PED-07112,2022-01-02,HD EXTERNO,,11266.8,0.0,NORTE,ELENA SOUZA,LOJA FÍSICA,PENDENTE
PED-01732,,TECLADO,368,10111.8,0.0,NORTE,CARLA MENDES,REVENDEDOR,EM ANÁLISE
PED-08733,2022-10-26,NOTEBOOK,,,0.462,CENTRO-OESTE,ELENA SOUZA,TELEVENDAS,CONCLUÍDO
PED-00349,2023-06-15,WEBCAM,999999,7238.39,0.496,SUDESTE,ANA SILVA,ONLINE,CONCLUÍDO
PED-07675,2022-06-25,HD EXTERNO,160,7096.16,0.0,NORTE,BRUNO COSTA,REVENDEDOR,CANCELADO
PED-09517,2024-11-21,WEBCAM,479,,0.34700000000000003,NORTE,CARLA MENDES,TELEVENDAS,EM ANÁLISE
PED-07029,2023-01-18,TABLET,,487.24,0.435,NORTE,ELENA SOUZA,REVENDEDOR,PENDENTE
PED-04636,2024-12-01,MOUSE,249,,0.0,NORTE,BRUNO COSTA,LOJA FÍSICA,CANCELADO
PED-07708,,MONITOR,,,0.409,SUL,CARLA MENDES,ONLINE,CANCELADO
PED-06426,2022-11-12,MONITOR,182,,0.0,SUL,ANA SILVA,ONLINE,CONCLUÍDO
PED-05284,2023-04-12,TECLADO,260,2044.0,0.31,SUL,BRUNO COSTA,ONLINE,CANCELADO
PED-03555,,MOUSE,,4693.78,0.0,SUL,DIEGO LIMA,REVENDEDOR,PENDENTE
PED-09971,2022-06-06,HD EXTERNO,242,,0.083,SUL,DIEGO LIMA,LOJA FÍSICA,EM ANÁLISE
PED-04095,2022-04-21,HD EXTERNO,,,0.145,NORTE,ELENA SOUZA,LOJA FÍSICA,CONCLUÍDO
PED-00678,,HEADSET,340,13552.42,0.0,SUDESTE,DIEGO LIMA,REVENDEDOR,EM ANÁLISE
PED-09837,2023-08-04,NOTEBOOK,18,,0.0,CENTRO-OESTE,BRUNO COSTA,ONLINE,CANCELADO
PED-05758,,IMPRESSORA,999999,1913.88,0.473,SUDESTE,CARLA MENDES,TELEVENDAS,PENDENTE
PED-00078,2022-03-10,TABLET,253,8332.94,0.38299999999999995,CENTRO-OESTE,DIEGO LIMA,ONLINE,CONCLUÍDO
PED-05217,,WEBCAM,,2187.65,0.0,CENTRO-OESTE,ELENA SOUZA,ONLINE,CONCLUÍDO
PED-00460,2023-10-08,IMPRESSORA,999999,14465.91,0.239,NORTE,ELENA SOUZA,LOJA FÍSICA,EM ANÁLISE
PED-09796,2024-05-19,HEADSET,,6684.58,0.0,SUL,ELENA SOUZA,LOJA FÍSICA,CANCELADO
PED-04528,,MONITOR,415,5662.9,0.0,SUL,BRUNO COSTA,ONLINE,CANCELADO
PED-07428,2023-04-05,SMARTPHONE,999999,3102.69,0.0,SUDESTE,BRUNO COSTA,REVENDEDOR,CONCLUÍDO
PED-03107,2024-08-28,SMARTPHONE,,,0.121,SUDESTE,BRUNO COSTA,TELEVENDAS,CONCLUÍDO
PED-85831,2024-08-23,HD EXTERNO,,14815.37,0.483,CENTRO-OESTE,ELENA SOUZA,LOJA FÍSICA,CONCLUÍDO
PED-00766,2022-07-04,IMPRESSORA,65,367.66,0.466,NORTE,ANA SILVA,LOJA FÍSICA,CONCLUÍDO
PED-09862,2024-08-17,MONITOR,204,,0.0,SUL,DIEGO LIMA,LOJA FÍSICA,CONCLUÍDO
PED-06223,2024-09-20,MONITOR,,9138.0,0.0,SUL,CARLA MENDES,LOJA FÍSICA,PENDENTE
PED-05324,2023-12-18,TECLADO,,,0.41100000000000003,SUDESTE,CARLA MENDES,LOJA FÍSICA,EM ANÁLISE
PED-05047,2022-08-04,TABLET,,,0.0,SUDESTE,CARLA MENDES,LOJA FÍSICA,PENDENTE
PED-09394,2022-02-03,TECLADO,331,,0.01,NORDESTE,BRUNO COSTA,TELEVENDAS,PENDENTE
PED-00661,2022-09-12,MOUSE,,506.85,1.0,SUL,ELENA SOUZA,LOJA FÍSICA,EM ANÁLISE
PED-06946,,IMPRESSORA,465,,1.0,NORTE,CARLA MENDES,ONLINE,CONCLUÍDO
PED-01010,,NOTEBOOK,,,0.028999999999999998,SUL,CARLA MENDES,LOJA FÍSICA,CONCLUÍDO
PED-80686,2023-04-03,HEADSET,154,13325.3,0.478,NORDESTE,CARLA MENDES,LOJA FÍSICA,PENDENTE
PED-02458,,HD EXTERNO,,5926.0,1.0,SUL,DIEGO LIMA,LOJA FÍSICA,CONCLUÍDO
PED-01851,2024-05-03,TABLET,146,1734.0,0.0,NORDESTE,ELENA SOUZA,ONLINE,PENDENTE
PED-05712,,MOUSE,168,949.66,0.0,SUL,BRUNO COSTA,REVENDEDOR,EM ANÁLISE
PED-01993,2024-06-10,WEBCAM,409,,0.349,CENTRO-OESTE,BRUNO COSTA,TELEVENDAS,CONCLUÍDO
PED-04629,2024-01-18,MOUSE,,5257.19,0.0,SUDESTE,ELENA SOUZA,ONLINE,CONCLUÍDO
PED-03761,2023-12-27,SMARTPHONE,402,,0.0,SUDESTE,ANA SILVA,REVENDEDOR,PENDENTE
PED-03327,2022-01-05,TABLET,,121.0,0.171,SUL,DIEGO LIMA,LOJA FÍSICA,PENDENTE
PED-03057,,WEBCAM,,14987.0,0.0,NORDESTE,DIEGO LIMA,LOJA FÍSICA,CONCLUÍDO
PED-09186,,TECLADO,,,1.0,SUDESTE,CARLA MENDES,ONLINE,CANCELADO
PED-03252,2022-04-21,MONITOR,390,,1.0,SUL,BRUNO COSTA,LOJA FÍSICA,PENDENTE
PED-07328,2022-02-22,SMARTPHONE,,8383.61,0.441,NORTE,ANA SILVA,REVENDEDOR,PENDENTE
PED-02190,2023-04-18,TABLET,,7916.61,1.0,NORTE,ELENA SOUZA,LOJA FÍSICA,CANCELADO
PED-02904,2022-11-17,MONITOR,402,,0.19,NORTE,DIEGO LIMA,LOJA FÍSICA,EM ANÁLISE
PED-09442,2023-03-01,TECLADO,237,7552.01,0.033,SUL,DIEGO LIMA,ONLINE,CANCELADO
PED-08788,,SMARTPHONE,,,0.0,SUL,ANA SILVA,REVENDEDOR,EM ANÁLISE
PED-04313,2023-07-09,TABLET,39,7067.83,0.0,SUL,DIEGO LIMA,LOJA FÍSICA,CANCELADO
PED-05078,2022-02-19,HD EXTERNO,,14402.65,0.35,NORTE,ELENA SOUZA,LOJA FÍSICA,EM ANÁLISE
PED-01573,2024-11-24,NAN,21,7695.33,0.449,NORDESTE,ELENA SOUZA,REVENDEDOR,PENDENTE
PED-09050,,HEADSET,,13810.96,0.0,SUL,ANA SILVA,TELEVENDAS,CONCLUÍDO
PED-01220,,TECLADO,,,0.0,CENTRO-OESTE,CARLA MENDES,LOJA FÍSICA,PENDENTE
PED-84320,2024-03-28,MONITOR,413,5181.86,1.0,CENTRO-OESTE,BRUNO COSTA,ONLINE,CANCELADO
PED-00790,2022-02-14,TECLADO,,,1.0,NORTE,ANA SILVA,ONLINE,PENDENTE
PED-00877,2022-05-25,MONITOR,,9824.43,0.0,NORTE,ELENA SOUZA,TELEVENDAS,EM ANÁLISE
PED-84352,2023-11-23,NOTEBOOK,,,0.36200000000000004,CENTRO-OESTE,ELENA SOUZA,REVENDEDOR,CONCLUÍDO
PED-06605,2022-05-16,IMPRESSORA,,9650.64,0.048,SUDESTE,ANA SILVA,LOJA FÍSICA,PENDENTE
PED-09967,,NOTEBOOK,454,14087.04,0.0,SUL,CARLA MENDES,TELEVENDAS,PENDENTE
PED-05522,,HD EXTERNO,,,0.44,SUL,CARLA MENDES,LOJA FÍSICA,PENDENTE
PED-05717,2022-03-08,IMPRESSORA,383,,0.0,NORTE,CARLA MENDES,REVENDEDOR,CONCLUÍDO
PED-06662,2024-07-10,HD EXTERNO,,,0.032,NORTE,DIEGO LIMA,LOJA FÍSICA,CONCLUÍDO
PED-47233,2024-02-26,MOUSE,,1516.42,0.28,SUL,ANA SILVA,REVENDEDOR,PENDENTE
PED-00141,,SMARTPHONE,269,849.0,0.18600000000000003,SUL,DIEGO LIMA,REVENDEDOR,EM ANÁLISE
PED-02349,2022-04-17,MOUSE,,13654.68,0.04,SUDESTE,CARLA MENDES,REVENDEDOR,CONCLUÍDO
PED-04389,2023-02-21,TABLET,,,1.0,NORDESTE,BRUNO COSTA,REVENDEDOR,EM ANÁLISE
PED-02251,2024-03-08,NAN,337,11053.85,0.0,NORTE,DIEGO LIMA,ONLINE,CONCLUÍDO
PED-05917,2024-07-13,HD EXTERNO,39,,0.0,NORDESTE,BRUNO COSTA,ONLINE,CONCLUÍDO
PED-88213,,WEBCAM,349,,0.068,NORTE,ANA SILVA,LOJA FÍSICA,PENDENTE
PED-00138,2023-07-09,NOTEBOOK,,8359.37,0.0,NORTE,BRUNO COSTA,TELEVENDAS,EM ANÁLISE
PED-00098,,TECLADO,999999,2707.25,0.09699999999999999,SUDESTE,BRUNO COSTA,REVENDEDOR,EM ANÁLISE
PED-03370,2023-10-26,MOUSE,,3871.44,0.06,CENTRO-OESTE,ELENA SOUZA,TELEVENDAS,PENDENTE
PED-04520,2022-07-02,NAN,484,,0.49,NORTE,CARLA MENDES,ONLINE,CANCELADO
PED-05634,2024-04-05,WEBCAM,,14800.76,0.413,NORTE,BRUNO COSTA,REVENDEDOR,CANCELADO
PED-00055,2024-04-16,MONITOR,154,6323.55,1.0,SUDESTE,DIEGO LIMA,LOJA FÍSICA,PENDENTE
PED-06963,2022-11-22,WEBCAM,382,8397.38,0.333,NORTE,DIEGO LIMA,ONLINE,PENDENTE
PED-03997,2024-07-24,IMPRESSORA,,6358.18,0.21,CENTRO-OESTE,ELENA SOUZA,TELEVENDAS,CONCLUÍDO
PED-08751,2024-02-25,TABLET,,,0.071,SUL,CARLA MENDES,ONLINE,CONCLUÍDO
PED-03959,2023-09-20,SMARTPHONE,,,0.422,CENTRO-OESTE,DIEGO LIMA,ONLINE,PENDENTE
PED-08058,,NOTEBOOK,274,14957.1,0.0,NORTE,DIEGO LIMA,TELEVENDAS,CANCELADO
PED-05463,2024-11-24,SMARTPHONE,999999,4176.36,0.43200000000000005,NORTE,BRUNO COSTA,ONLINE,CONCLUÍDO
PED-05225,2023-12-13,HEADSET,999999,,0.125,SUDESTE,DIEGO LIMA,REVENDEDOR,PENDENTE
PED-08937,,HD EXTERNO,237,,0.077,SUL,DIEGO LIMA,LOJA FÍSICA,CONCLUÍDO
PED-00496,2022-09-01,TABLET,,,0.128,NORTE,DIEGO LIMA,LOJA FÍSICA,CANCELADO
PED-08093,2024-11-11,MONITOR,234,,0.376,NORTE,DIEGO LIMA,REVENDEDOR,EM ANÁLISE
PED-03736,2024-05-16,TABLET,435,,1.0,NORDESTE,ANA SILVA,TELEVENDAS,EM ANÁLISE
PED-04143,2023-04-08,MOUSE,999999,,0.0,NORDESTE,CARLA MENDES,TELEVENDAS,CONCLUÍDO
PED-01792,2024-04-12,WEBCAM,,1664.3,0.156,NORTE,BRUNO COSTA,LOJA FÍSICA,CONCLUÍDO
PED-00075,2023-04-14,HD EXTERNO,,,0.0,SUL,ANA SILVA,LOJA FÍSICA,CONCLUÍDO
PED-01238,,TABLET,402,,0.335,SUDESTE,ELENA SOUZA,LOJA FÍSICA,EM ANÁLISE
PED-08748,2024-06-05,MOUSE,,,0.353,NORTE,DIEGO LIMA,TELEVENDAS,CANCELADO
PED-00557,,IMPRESSORA,352,,1.0,NORTE,DIEGO LIMA,REVENDEDOR,CONCLUÍDO
PED-01896,2023-01-09,TABLET,,,0.48100000000000004,SUDESTE,ELENA SOUZA,ONLINE,EM ANÁLISE
PED-05167,2024-04-16,IMPRESSORA,,,0.0,SUDESTE,CARLA MENDES,ONLINE,CONCLUÍDO
PED-08056,,MONITOR,251,,0.384,SUDESTE,ANA SILVA,ONLINE,EM ANÁLISE
PED-07860,,SMARTPHONE,,7413.23,0.18,SUL,ANA SILVA,ONLINE,CONCLUÍDO
PED-03379,2024-12-15,SMARTPHONE,,8687.41,0.28,NORDESTE,CARLA MENDES,TELEVENDAS,CANCELADO
PED-00053,2024-01-24,HD EXTERNO,999999,9299.24,0.0,NORTE,ELENA SOUZA,LOJA FÍSICA,CONCLUÍDO
PED-08105,2023-03-19,NOTEBOOK,,2744.02,0.0,SUL,DIEGO LIMA,LOJA FÍSICA,PENDENTE
PED-00398,2023-12-26,TABLET,,1856.76,0.35,SUL,ELENA SOUZA,LOJA FÍSICA,CANCELADO
PED-05475,,MOUSE,100,,0.0,CENTRO-OESTE,ANA SILVA,ONLINE,CANCELADO
PED-06702,2024-03-17,WEBCAM,,13946.89,0.36,NORDESTE,ELENA SOUZA,LOJA FÍSICA,PENDENTE
PED-00609,2024-05-15,HEADSET,175,,1.0,CENTRO-OESTE,ANA SILVA,REVENDEDOR,CONCLUÍDO
PED-06937,2023-07-17,NOTEBOOK,,4605.47,0.078,NORTE,CARLA MENDES,REVENDEDOR,PENDENTE
PED-09978,2023-04-24,SMARTPHONE,,,0.0,NORDESTE,BRUNO COSTA,ONLINE,CANCELADO
PED-00278,2024-11-06,IMPRESSORA,,,0.0,SUL,ELENA SOUZA,ONLINE,CONCLUÍDO
PED-04293,2022-07-21,TABLET,999999,3577.83,1.0,CENTRO-OESTE,CARLA MENDES,TELEVENDAS,EM ANÁLISE
PED-00482,2022-10-12,MONITOR,333,5000.5,0.0,NORDESTE,CARLA MENDES,LOJA FÍSICA,CANCELADO
PED-05258,,HD EXTERNO,,,0.209,NORTE,NAN,REVENDEDOR,CANCELADO
PED-04442,,HD EXTERNO,,,0.0,NORDESTE,BRUNO COSTA,ONLINE,PENDENTE
PED-08861,,TABLET,130,687.0,0.0,CENTRO-OESTE,CARLA MENDES,TELEVENDAS,PENDENTE
PED-01508,2024-12-24,SMARTPHONE,381,,0.049,CENTRO-OESTE,DIEGO LIMA,LOJA FÍSICA,CONCLUÍDO
PED-08990,2023-09-26,MONITOR,999999,10453.43,0.0,SUL,CARLA MENDES,LOJA FÍSICA,PENDENTE
PED-08725,2022-05-02,TABLET,4,2000.37,0.48200000000000004,SUDESTE,BRUNO COSTA,ONLINE,PENDENTE
PED-05901,,HEADSET,999999,,0.0,NORDESTE,BRUNO COSTA,ONLINE,EM ANÁLISE
PED-09550,2022-09-05,NOTEBOOK,318,13533.72,0.20199999999999999,NORTE,DIEGO LIMA,TELEVENDAS,CANCELADO
PED-01387,2022-04-03,HEADSET,478,,0.0,SUDESTE,CARLA MENDES,ONLINE,PENDENTE
PED-09332,,TABLET,85,,0.0,NORTE,DIEGO LIMA,ONLINE,PENDENTE
PED-09019,2022-06-01,HEADSET,209,6835.4,0.122,SUL,ANA SILVA,LOJA FÍSICA,PENDENTE
PED-06003,,WEBCAM,206,,0.0,SUL,BRUNO COSTA,LOJA FÍSICA,CONCLUÍDO
PED-01379,,HEADSET,,10794.05,0.0,SUDESTE,NAN,ONLINE,CONCLUÍDO
PED-03776,2024-09-02,MONITOR,,,0.0,SUDESTE,DIEGO LIMA,LOJA FÍSICA,CONCLUÍDO
PED-04019,2022-05-26,HD EXTERNO,250,,0.255,CENTRO-OESTE,ANA SILVA,ONLINE,PENDENTE
PED-06059,,HEADSET,,,0.244,NORTE,DIEGO LIMA,LOJA FÍSICA,CONCLUÍDO
PED-05257,2022-03-07,TABLET,,10172.9,0.0,SUDESTE,ANA SILVA,TELEVENDAS,CANCELADO
PED-09110,,NOTEBOOK,400,11238.64,0.231,SUDESTE,DIEGO LIMA,TELEVENDAS,CONCLUÍDO
PED-09991,2023-03-26,NOTEBOOK,,10559.07,0.235,NORTE,ANA SILVA,LOJA FÍSICA,CONCLUÍDO
PED-08259,2024-05-24,SMARTPHONE,157,,0.0,NORDESTE,ELENA SOUZA,LOJA FÍSICA,PENDENTE
PED-06254,2022-10-09,TECLADO,43,,0.0,SUDESTE,BRUNO COSTA,LOJA FÍSICA,CANCELADO
PED-02109,2022-08-20,HD EXTERNO,441,9092.77,0.0,CENTRO-OESTE,DIEGO LIMA,LOJA FÍSICA,PENDENTE
PED-02766,2023-05-04,IMPRESSORA,999999,,1.0,SUDESTE,ELENA SOUZA,TELEVENDAS,CANCELADO
PED-05611,2024-09-15,HEADSET,258,3451.0,0.23800000000000002,NORDESTE,DIEGO LIMA,ONLINE,CONCLUÍDO
PED-05363,2024-12-20,NOTEBOOK,342,11244.75,0.0,NORTE,DIEGO LIMA,LOJA FÍSICA,CONCLUÍDO
PED-40190,2022-06-02,MOUSE,473,10005.22,0.41,CENTRO-OESTE,ELENA SOUZA,LOJA FÍSICA,CANCELADO
PED-04091,2024-03-22,NOTEBOOK,,12364.96,0.2,SUDESTE,DIEGO LIMA,TELEVENDAS,EM ANÁLISE
PED-02014,2022-11-26,NOTEBOOK,104,788.48,0.138,SUDESTE,CARLA MENDES,LOJA FÍSICA,PENDENTE
PED-06827,,TABLET,,,0.248,NORTE,DIEGO LIMA,REVENDEDOR,EM ANÁLISE
PED-04668,2023-08-20,IMPRESSORA,352,,0.373,CENTRO-OESTE,ANA SILVA,LOJA FÍSICA,CONCLUÍDO
PED-09732,2022-07-10,TABLET,,12476.28,0.098,NORTE,CARLA MENDES,LOJA FÍSICA,PENDENTE
PED-01885,2023-04-15,MONITOR,160,,0.0,SUDESTE,DIEGO LIMA,LOJA FÍSICA,PENDENTE
PED-02703,2023-08-05,SMARTPHONE,999999,,0.0,SUDESTE,DIEGO LIMA,ONLINE,CONCLUÍDO
PED-01608,2024-12-21,WEBCAM,336,,0.059000000000000004,SUL,DIEGO LIMA,REVENDEDOR,PENDENTE
PED-01249,2023-11-26,TABLET,999999,9982.05,0.027,NORTE,BRUNO COSTA,ONLINE,EM ANÁLISE
PED-68360,2022-05-10,IMPRESSORA,450,,0.0,NORDESTE,ELENA SOUZA,LOJA FÍSICA,CONCLUÍDO
PED-03421,2022-04-06,TECLADO,287,,0.0,NORDESTE,DIEGO LIMA,TELEVENDAS,PENDENTE
PED-05899,2024-11-03,NOTEBOOK,119,,0.271,SUL,ANA SILVA,LOJA FÍSICA,EM ANÁLISE
PED-04745,2024-02-04,TABLET,178,7403.83,1.0,SUDESTE,DIEGO LIMA,LOJA FÍSICA,PENDENTE
PED-04785,2022-08-11,MONITOR,322,3985.04,0.0,NORTE,CARLA MENDES,TELEVENDAS,CONCLUÍDO
PED-08111,2023-11-02,HD EXTERNO,87,2824.18,0.302,NORTE,ELENA SOUZA,ONLINE,CANCELADO
PED-09908,2023-07-19,MONITOR,,,0.031,NORTE,ELENA SOUZA,LOJA FÍSICA,CANCELADO
PED-08949,2024-05-23,MOUSE,329,,0.0,NORDESTE,DIEGO LIMA,REVENDEDOR,CANCELADO
PED-08208,2022-04-05,MOUSE,270,7408.24,0.0,SUDESTE,DIEGO LIMA,REVENDEDOR,EM ANÁLISE
PED-06073,2022-04-28,HEADSET,359,11087.79,0.0,SUDESTE,CARLA MENDES,LOJA FÍSICA,CONCLUÍDO
PED-01813,2022-09-16,MONITOR,,5976.52,0.203,NORDESTE,ELENA SOUZA,ONLINE,CANCELADO
PED-09157,,HEADSET,,5408.59,0.244,SUL,CARLA MENDES,REVENDEDOR,PENDENTE
PED-04609,2022-12-19,IMPRESSORA,,,0.324,SUL,ELENA SOUZA,ONLINE,PENDENTE
PED-00375,2022-10-27,TABLET,331,8919.39,0.42200000000000004,NORDESTE,DIEGO LIMA,TELEVENDAS,EM ANÁLISE
PED-03391,,HD EXTERNO,,1989.18,0.0,CENTRO-OESTE,DIEGO LIMA,ONLINE,CANCELADO
PED-02564,,NOTEBOOK,272,,0.0,NORTE,ELENA SOUZA,TELEVENDAS,CONCLUÍDO
PED-03037,2022-08-20,TECLADO,218,11693.0,0.0,CENTRO-OESTE,CARLA MENDES,LOJA FÍSICA,CONCLUÍDO
PED-01665,,IMPRESSORA,,4696.82,0.2,CENTRO-OESTE,ANA SILVA,LOJA FÍSICA,CONCLUÍDO
PED-02624,2024-09-06,IMPRESSORA,55,,0.051,SUDESTE,BRUNO COSTA,REVENDEDOR,CANCELADO
PED-06880,,WEBCAM,114,,0.332,SUDESTE,ELENA SOUZA,LOJA FÍSICA,EM ANÁLISE
PED-07419,2022-10-26,MONITOR,167,12390.19,0.0,NORDESTE,ELENA SOUZA,REVENDEDOR,PENDENTE
PED-08879,2022-08-03,IMPRESSORA,113,1446.05,0.0,NORTE,ANA SILVA,ONLINE,PENDENTE
PED-05919,2022-08-10,IMPRESSORA,,11453.06,0.24100000000000002,CENTRO-OESTE,BRUNO COSTA,LOJA FÍSICA,PENDENTE
PED-06577,2023-09-10,TABLET,,,0.2,NORTE,BRUNO COSTA,REVENDEDOR,PENDENTE
PED-81366,,NOTEBOOK,25,11415.22,0.175,SUL,ELENA SOUZA,ONLINE,PENDENTE
PED-08925,2022-09-01,HEADSET,,14791.14,0.0,NORTE,ELENA SOUZA,LOJA FÍSICA,PENDENTE
PED-09770,,SMARTPHONE,,9382.6,0.0,SUDESTE,BRUNO COSTA,REVENDEDOR,EM ANÁLISE
PED-07232,2024-04-18,NOTEBOOK,328,,0.04,CENTRO-OESTE,ANA SILVA,TELEVENDAS,EM ANÁLISE
PED-04201,2022-04-26,IMPRESSORA,455,,0.168,NORDESTE,DIEGO LIMA,LOJA FÍSICA,EM ANÁLISE
PED-02947,2023-01-22,NOTEBOOK,470,,0.0,CENTRO-OESTE,DIEGO LIMA,REVENDEDOR,CANCELADO
PED-07733,2024-05-13,IMPRESSORA,470,,1.0,SUL,CARLA MENDES,ONLINE,CANCELADO
PED-08227,2023-06-11,HEADSET,246,5256.0,0.049,SUL,BRUNO COSTA,LOJA FÍSICA,CONCLUÍDO
PED-46382,,SMARTPHONE,,5401.82,0.0,NORDESTE,BRUNO COSTA,ONLINE,EM ANÁLISE
PED-08704,2022-01-11,TABLET,999999,11482.75,0.0,SUDESTE,DIEGO LIMA,TELEVENDAS,CONCLUÍDO
PED-09601,,HEADSET,,,0.432,NORDESTE,ANA SILVA,ONLINE,CONCLUÍDO
PED-03820,2024-03-28,IMPRESSORA,337,,0.02,SUDESTE,DIEGO LIMA,LOJA FÍSICA,CONCLUÍDO
PED-03119,2023-09-24,SMARTPHONE,999999,7965.0,0.251,SUL,CARLA MENDES,REVENDEDOR,EM ANÁLISE
PED-02319,,TABLET,,,0.439,NORDESTE,ELENA SOUZA,REVENDEDOR,EM ANÁLISE
PED-06354,2022-11-18,HEADSET,73,,0.41100000000000003,SUL,CARLA MENDES,TELEVENDAS,CONCLUÍDO
PED-06061,2024-11-24,HD EXTERNO,45,7701.53,0.231,SUL,BRUNO COSTA,ONLINE,PENDENTE
PED-04523,2024-06-02,TECLADO,,,0.073,NORDESTE,ANA SILVA,TELEVENDAS,CONCLUÍDO
PED-07878,,HD EXTERNO,102,,0.23,SUDESTE,CARLA MENDES,TELEVENDAS,CANCELADO
PED-09790,2023-10-18,IMPRESSORA,397,,0.0,NORTE,BRUNO COSTA,LOJA FÍSICA,CONCLUÍDO
PED-47316,2023-09-16,TABLET,350,,0.0,NORTE,ELENA SOUZA,TELEVENDAS,CANCELADO
PED-07830,2022-08-03,SMARTPHONE,,,0.0,SUL,CARLA MENDES,LOJA FÍSICA,CONCLUÍDO
PED-08889,2023-05-04,MONITOR,180,2364.85,0.0,NORDESTE,CARLA MENDES,ONLINE,CANCELADO
PED-05699,2022-04-24,HEADSET,999999,,0.0,NORTE,DIEGO LIMA,LOJA FÍSICA,EM ANÁLISE
PED-01988,,TECLADO,49,,0.408,NORDESTE,ELENA SOUZA,LOJA FÍSICA,PENDENTE
PED-09842,2023-11-16,TECLADO,40,,0.011,NORTE,ELENA SOUZA,ONLINE,CANCELADO
PED-07520,,TABLET,227,,0.259,NORDESTE,CARLA MENDES,ONLINE,EM ANÁLISE
PED-09820,2022-03-04,SMARTPHONE,328,,0.165,NORDESTE,ANA SILVA,ONLINE,CANCELADO
PED-09596,,SMARTPHONE,171,10292.27,0.475,NORTE,ANA SILVA,LOJA FÍSICA,CANCELADO
PED-06075,2024-02-04,HD EXTERNO,999999,,0.04,CENTRO-OESTE,DIEGO LIMA,LOJA FÍSICA,CONCLUÍDO
PED-01557,2023-06-24,HD EXTERNO,25,,0.0,CENTRO-OESTE,BRUNO COSTA,REVENDEDOR,CANCELADO
PED-03547,,IMPRESSORA,179,3493.0,0.0,CENTRO-OESTE,CARLA MENDES,REVENDEDOR,CANCELADO
PED-08676,2022-12-04,MONITOR,27,5228.0,0.11,SUL,ANA SILVA,TELEVENDAS,CONCLUÍDO
PED-02484,2023-11-02,NAN,,5227.15,0.0,NORDESTE,ELENA SOUZA,LOJA FÍSICA,CONCLUÍDO
PED-02728,2023-08-20,MONITOR,41,,0.0,SUDESTE,DIEGO LIMA,REVENDEDOR,CONCLUÍDO
PED-07123,2023-01-25,IMPRESSORA,,11121.42,0.0,NORTE,CARLA MENDES,LOJA FÍSICA,CONCLUÍDO
PED-01712,2023-10-21,WEBCAM,,,0.384,NORTE,ELENA SOUZA,REVENDEDOR,PENDENTE
PED-03928,,HEADSET,,13047.5,0.0,CENTRO-OESTE,ANA SILVA,LOJA FÍSICA,CONCLUÍDO
PED-01778,2024-03-02,IMPRESSORA,259,13772.37,0.101,SUDESTE,BRUNO COSTA,LOJA FÍSICA,EM ANÁLISE
PED-04579,2023-06-17,MOUSE,262,,0.0,NORTE,ANA SILVA,REVENDEDOR,PENDENTE
PED-05501,2022-05-08,NOTEBOOK,,,0.0,NORTE,ANA SILVA,ONLINE,CANCELADO
PED-08516,2023-03-27,HD EXTERNO,64,,0.344,NORTE,ELENA SOUZA,REVENDEDOR,CONCLUÍDO
PED-08348,2023-12-10,WEBCAM,498,,0.0,NORDESTE,CARLA MENDES,TELEVENDAS,PENDENTE
PED-06240,2023-07-18,MONITOR,999999,4254.25,0.0,NORTE,BRUNO COSTA,ONLINE,CONCLUÍDO
PED-07907,2023-04-05,IMPRESSORA,999999,,0.311,CENTRO-OESTE,DIEGO LIMA,LOJA FÍSICA,EM ANÁLISE
PED-01542,,MOUSE,,3733.0,0.396,SUL,DIEGO LIMA,LOJA FÍSICA,CONCLUÍDO
PED-00597,2023-03-19,NOTEBOOK,,1609.25,0.3,CENTRO-OESTE,ANA SILVA,TELEVENDAS,EM ANÁLISE
PED-07157,2022-06-23,SMARTPHONE,359,,0.36,CENTRO-OESTE,DIEGO LIMA,REVENDEDOR,EM ANÁLISE
PED-00324,2023-08-20,SMARTPHONE,55,10381.38,0.113,NORTE,CARLA MENDES,REVENDEDOR,PENDENTE
PED-04940,,HD EXTERNO,424,,0.5,SUDESTE,ELENA SOUZA,REVENDEDOR,EM ANÁLISE
PED-04956,2022-12-24,MONITOR,999999,,0.243,NORTE,ELENA SOUZA,LOJA FÍSICA,CONCLUÍDO
PED-05519,,TABLET,176,,0.0,NORTE,DIEGO LIMA,LOJA FÍSICA,CONCLUÍDO
PED-03090,2024-10-01,HEADSET,430,,0.257,SUL,ELENA SOUZA,TELEVENDAS,PENDENTE
PED-02857,2023-12-23,WEBCAM,59,,0.036000000000000004,NORDESTE,BRUNO COSTA,ONLINE,CANCELADO
PED-08828,2022-09-04,IMPRESSORA,,,0.0,CENTRO-OESTE,CARLA MENDES,ONLINE,CONCLUÍDO
PED-01561,2024-07-18,TECLADO,234,11339.65,0.0,NORTE,ELENA SOUZA,LOJA FÍSICA,CONCLUÍDO
PED-06795,2023-06-14,WEBCAM,,,0.39899999999999997,CENTRO-OESTE,DIEGO LIMA,LOJA FÍSICA,CONCLUÍDO
PED-05936,,TABLET,,,0.24,NORDESTE,DIEGO LIMA,TELEVENDAS,CANCELADO
PED-04388,2022-12-15,TECLADO,,,0.038,SUDESTE,ANA SILVA,LOJA FÍSICA,CONCLUÍDO
PED-09504,2023-03-02,NOTEBOOK,240,,0.0,SUDESTE,ANA SILVA,TELEVENDAS,CONCLUÍDO
PED-03040,2023-01-21,IMPRESSORA,22,12129.0,0.379,SUL,CARLA MENDES,TELEVENDAS,EM ANÁLISE
PED-09646,2022-06-23,WEBCAM,290,1011.72,0.0,SUDESTE,ELENA SOUZA,LOJA FÍSICA,PENDENTE
PED-03685,2023-08-26,TECLADO,,5957.46,0.182,NORTE,CARLA MENDES,REVENDEDOR,CANCELADO
PED-07900,2022-10-26,WEBCAM,,,0.26,SUL,CARLA MENDES,LOJA FÍSICA,CONCLUÍDO
PED-08496,,MONITOR,,7038.24,0.044000000000000004,SUL,ANA SILVA,LOJA FÍSICA,CONCLUÍDO
PED-40219,2024-08-26,SMARTPHONE,,,0.497,CENTRO-OESTE,CARLA MENDES,LOJA FÍSICA,CONCLUÍDO
PED-01666,2024-12-20,MOUSE,49,4020.11,0.344,SUL,ELENA SOUZA,ONLINE,PENDENTE
PED-09623,2022-01-03,MONITOR,310,2621.52,0.0,SUL,DIEGO LIMA,LOJA FÍSICA,EM ANÁLISE
PED-05895,2023-11-03,MONITOR,253,,0.38,SUL,BRUNO COSTA,ONLINE,CANCELADO
PED-03182,,HD EXTERNO,308,13334.85,0.052000000000000005,NORTE,ANA SILVA,REVENDEDOR,CONCLUÍDO
PED-01099,,MOUSE,17,5738.51,0.0,NORDESTE,CARLA MENDES,ONLINE,CANCELADO
PED-04342,2022-10-03,HD EXTERNO,190,7282.97,0.0,SUL,ANA SILVA,TELEVENDAS,CONCLUÍDO
PED-04566,2023-07-12,IMPRESSORA,156,1237.01,0.0,SUDESTE,BRUNO COSTA,ONLINE,CONCLUÍDO
PED-08036,2024-05-01,MONITOR,,,0.408,SUL,BRUNO COSTA,LOJA FÍSICA,CANCELADO
PED-03381,2022-01-10,TECLADO,,,0.0,NORTE,ELENA SOUZA,LOJA FÍSICA,CONCLUÍDO
PED-04608,,HEADSET,257,1027.17,0.255,SUL,CARLA MENDES,LOJA FÍSICA,CANCELADO
PED-07636,2023-06-09,HEADSET,62,,0.267,NORTE,BRUNO COSTA,TELEVENDAS,PENDENTE
PED-03794,2023-07-17,NOTEBOOK,,,0.46,NORTE,CARLA MENDES,ONLINE,CONCLUÍDO
PED-44556,,NOTEBOOK,,,0.35,SUDESTE,BRUNO COSTA,TELEVENDAS,PENDENTE
PED-01183,,MONITOR,33,3297.86,0.2,NORDESTE,DIEGO LIMA,TELEVENDAS,CANCELADO
PED-05797,2022-05-18,MOUSE,,,0.0,CENTRO-OESTE,BRUNO COSTA,TELEVENDAS,CONCLUÍDO
PED-07025,2024-03-28,WEBCAM,285,9084.39,0.183,NORTE,DIEGO LIMA,ONLINE,CANCELADO
PED-08547,2023-07-05,WEBCAM,407,3244.19,0.0,SUL,ANA SILVA,TELEVENDAS,EM ANÁLISE
PED-01847,2023-02-07,MONITOR,277,11751.41,0.342,NORDESTE,CARLA MENDES,REVENDEDOR,CANCELADO
PED-06958,,HEADSET,,,0.0,CENTRO-OESTE,ELENA SOUZA,LOJA FÍSICA,PENDENTE
PED-01975,2024-06-24,HEADSET,,,0.0,NORTE,ELENA SOUZA,ONLINE,CANCELADO
PED-03880,2022-09-04,HD EXTERNO,999999,1369.73,0.296,SUDESTE,CARLA MENDES,TELEVENDAS,EM ANÁLISE
PED-04407,,MOUSE,,,0.311,NORDESTE,DIEGO LIMA,TELEVENDAS,EM ANÁLISE
PED-09051,2023-03-22,IMPRESSORA,172,,0.0,NORTE,DIEGO LIMA,ONLINE,CANCELADO
PED-01507,2022-09-22,SMARTPHONE,,7360.89,0.0,CENTRO-OESTE,CARLA MENDES,LOJA FÍSICA,EM ANÁLISE
PED-03084,2023-10-11,MONITOR,382,,0.0,CENTRO-OESTE,BRUNO COSTA,REVENDEDOR,CONCLUÍDO
PED-02457,2022-08-05,MONITOR,999999,,1.0,NORDESTE,ELENA SOUZA,ONLINE,EM ANÁLISE
PED-01223,2023-01-15,MOUSE,,,0.0,NORTE,DIEGO LIMA,LOJA FÍSICA,CONCLUÍDO
PED-03345,,IMPRESSORA,317,11536.44,0.0,CENTRO-OESTE,CARLA MENDES,ONLINE,CONCLUÍDO
PED-03411,,TABLET,,,0.0,SUL,CARLA MENDES,REVENDEDOR,CANCELADO
PED-05705,2024-11-13,MOUSE,94,6029.52,0.37799999999999995,SUL,ANA SILVA,LOJA FÍSICA,CANCELADO
PED-02612,2022-11-02,TECLADO,,,0.0,NORTE,DIEGO LIMA,LOJA FÍSICA,EM ANÁLISE
PED-04297,2022-08-12,TABLET,99,1706.84,0.0,NORTE,ELENA SOUZA,LOJA FÍSICA,CANCELADO
PED-06438,,MONITOR,339,10253.78,0.0,NORDESTE,DIEGO LIMA,LOJA FÍSICA,PENDENTE
PED-09034,2022-03-12,IMPRESSORA,,6092.0,0.47,NORTE,ELENA SOUZA,REVENDEDOR,PENDENTE
PED-05500,,MONITOR,173,14850.64,0.046,NORTE,DIEGO LIMA,ONLINE,CONCLUÍDO
PED-05271,,NOTEBOOK,413,,0.0,NORTE,ANA SILVA,LOJA FÍSICA,EM ANÁLISE
PED-02822,2024-07-10,MOUSE,999999,,0.0,NORTE,BRUNO COSTA,LOJA FÍSICA,PENDENTE
PED-00385,2024-09-20,HD EXTERNO,999999,,0.386,SUDESTE,ANA SILVA,REVENDEDOR,EM ANÁLISE
PED-04061,2023-10-11,TABLET,,9023.06,1.0,NORTE,DIEGO LIMA,REVENDEDOR,PENDENTE
PED-04554,2024-09-08,MONITOR,282,2992.86,0.0,SUDESTE,CARLA MENDES,LOJA FÍSICA,EM ANÁLISE
PED-03500,2024-02-28,MOUSE,183,6737.66,0.29100000000000004,NORTE,ANA SILVA,REVENDEDOR,PENDENTE
PED-05561,2022-08-21,TECLADO,216,,0.343,NORTE,ELENA SOUZA,LOJA FÍSICA,EM ANÁLISE
PED-05129,2023-12-22,HD EXTERNO,,10608.81,1.0,SUDESTE,ELENA SOUZA,REVENDEDOR,CONCLUÍDO
PED-07902,2023-12-20,TECLADO,999999,,1.0,SUDESTE,ELENA SOUZA,ONLINE,CONCLUÍDO
PED-07468,2024-08-24,WEBCAM,999999,,0.074,NORTE,BRUNO COSTA,ONLINE,EM ANÁLISE
PED-08734,2024-02-23,WEBCAM,,2190.88,0.0,SUDESTE,ELENA SOUZA,LOJA FÍSICA,CONCLUÍDO
PED-09459,2023-09-19,NOTEBOOK,,11693.68,0.28,NORTE,CARLA MENDES,LOJA FÍSICA,EM ANÁLISE
PED-08518,2022-01-19,IMPRESSORA,,,0.045,SUDESTE,CARLA MENDES,TELEVENDAS,CANCELADO
PED-04561,,MONITOR,,5641.0,0.4070000000000001,NORTE,ELENA SOUZA,LOJA FÍSICA,CONCLUÍDO
PED-00500,2023-07-08,WEBCAM,,,1.0,NORDESTE,ELENA SOUZA,REVENDEDOR,PENDENTE
PED-08449,2022-11-24,HEADSET,38,7866.22,0.485,NORDESTE,BRUNO COSTA,TELEVENDAS,EM ANÁLISE
PED-02462,,SMARTPHONE,,,0.0,NORTE,ANA SILVA,REVENDEDOR,CONCLUÍDO
PED-03388,,HEADSET,,4600.43,0.0,SUDESTE,BRUNO COSTA,TELEVENDAS,EM ANÁLISE
PED-01811,,TABLET,244,,0.096,NORTE,ANA SILVA,LOJA FÍSICA,EM ANÁLISE
PED-04271,2023-05-28,SMARTPHONE,242,,1.0,NORTE,ELENA SOUZA,ONLINE,EM ANÁLISE
PED-07547,,WEBCAM,999999,,1.0,SUL,DIEGO LIMA,LOJA FÍSICA,CONCLUÍDO
PED-01174,2022-06-08,SMARTPHONE,,1735.74,0.292,SUDESTE,DIEGO LIMA,TELEVENDAS,EM ANÁLISE
PED-09101,2022-06-04,MONITOR,,3178.0,0.03,NORTE,CARLA MENDES,ONLINE,CONCLUÍDO
PED-02473,2022-09-15,MOUSE,,,0.098,NORTE,ELENA SOUZA,LOJA FÍSICA,PENDENTE
PED-09218,,WEBCAM,466,,0.396,NORTE,ANA SILVA,TELEVENDAS,CANCELADO
PED-08475,,TECLADO,,,0.486,NORTE,BRUNO COSTA,REVENDEDOR,CANCELADO
PED-07911,,TECLADO,37,,0.0,CENTRO-OESTE,ELENA SOUZA,REVENDEDOR,CONCLUÍDO
PED-08134,2024-07-25,HD EXTERNO,436,,0.0,SUL,CARLA MENDES,REVENDEDOR,PENDENTE
PED-06329,2024-10-03,SMARTPHONE,,6393.48,0.331,NORDESTE,ANA SILVA,ONLINE,PENDENTE
PED-04899,2022-10-07,NOTEBOOK,53,10789.69,0.27399999999999997,SUDESTE,NAN,ONLINE,EM ANÁLISE
PED-04731,2022-07-27,IMPRESSORA,146,,1.0,CENTRO-OESTE,ANA SILVA,LOJA FÍSICA,CONCLUÍDO
PED-02613,2022-06-19,NOTEBOOK,399,,0.241,CENTRO-OESTE,ANA SILVA,ONLINE,CONCLUÍDO
PED-09102,,IMPRESSORA,17,,0.166,SUL,BRUNO COSTA,LOJA FÍSICA,CONCLUÍDO
PED-08909,2024-08-28,IMPRESSORA,,2704.45,0.0,NORTE,CARLA MENDES,REVENDEDOR,CONCLUÍDO
PED-07508,,MONITOR,106,,0.09,NORTE,ANA SILVA,TELEVENDAS,PENDENTE
PED-09242,2023-10-04,IMPRESSORA,,,0.14,SUDESTE,ANA SILVA,ONLINE,PENDENTE
PED-01919,,TECLADO,,1656.48,0.193,SUL,BRUNO COSTA,ONLINE,PENDENTE
PED-09074,2024-04-26,MOUSE,,8786.88,0.0,NORDESTE,BRUNO COSTA,TELEVENDAS,CANCELADO
PED-04128,,TABLET,999999,10572.26,0.08199999999999999,NORTE,BRUNO COSTA,LOJA FÍSICA,CONCLUÍDO
PED-01148,2023-01-22,MONITOR,257,6272.52,0.302,SUL,BRUNO COSTA,REVENDEDOR,CONCLUÍDO
PED-00463,,WEBCAM,,1587.35,1.0,SUL,DIEGO LIMA,REVENDEDOR,CANCELADO
PED-06358,2022-05-02,MOUSE,,2776.86,0.0,SUDESTE,ELENA SOUZA,ONLINE,CONCLUÍDO
PED-08756,2023-08-02,WEBCAM,275,,0.498,SUL,BRUNO COSTA,LOJA FÍSICA,CANCELADO
PED-06180,2023-01-12,HD EXTERNO,5,567.0,0.0,NORDESTE,ELENA SOUZA,ONLINE,CONCLUÍDO
PED-01780,2023-06-10,WEBCAM,999999,12247.24,0.0,SUDESTE,DIEGO LIMA,LOJA FÍSICA,CONCLUÍDO
PED-04422,2024-05-02,MOUSE,999999,,0.125,CENTRO-OESTE,DIEGO LIMA,TELEVENDAS,CONCLUÍDO
PED-01920,2024-10-18,TABLET,,,0.298,CENTRO-OESTE,CARLA MENDES,ONLINE,CONCLUÍDO
PED-09421,2023-06-05,WEBCAM,456,,0.0,SUL,ANA SILVA,TELEVENDAS,CONCLUÍDO
PED-18671,,TECLADO,,,0.397,NORDESTE,CARLA MENDES,LOJA FÍSICA,CANCELADO
PED-00363,,HD EXTERNO,310,1355.88,0.39200000000000007,SUDESTE,ANA SILVA,ONLINE,CANCELADO
PED-06067,2023-06-11,HD EXTERNO,999999,12917.56,0.0,NORTE,CARLA MENDES,REVENDEDOR,CANCELADO
PED-02005,,TABLET,,,0.193,SUL,ANA SILVA,REVENDEDOR,CANCELADO
PED-08142,2023-11-14,WEBCAM,126,,0.0,CENTRO-OESTE,ANA SILVA,LOJA FÍSICA,EM ANÁLISE
PED-07811,2022-06-23,MOUSE,,5799.61,0.0,NORTE,CARLA MENDES,ONLINE,EM ANÁLISE
PED-09016,2022-01-23,MONITOR,,13025.87,0.39,SUDESTE,DIEGO LIMA,REVENDEDOR,CONCLUÍDO
PED-05506,2022-10-11,TABLET,32,,0.0,SUDESTE,DIEGO LIMA,REVENDEDOR,CONCLUÍDO
PED-04898,2022-11-15,HEADSET,225,,0.48100000000000004,NORTE,ELENA SOUZA,LOJA FÍSICA,CONCLUÍDO
PED-09996,2023-12-16,TABLET,,,0.33,SUL,BRUNO COSTA,LOJA FÍSICA,CONCLUÍDO
PED-00276,2024-11-23,TECLADO,51,,0.16,SUDESTE,CARLA MENDES,REVENDEDOR,CONCLUÍDO
PED-04866,2023-07-19,HD EXTERNO,154,13500.96,0.0,CENTRO-OESTE,ANA SILVA,ONLINE,CONCLUÍDO
PED-00827,,MOUSE,122,12652.01,0.249,CENTRO-OESTE,DIEGO LIMA,TELEVENDAS,EM ANÁLISE
PED-00552,2022-12-18,NOTEBOOK,303,,0.486,NORTE,ANA SILVA,ONLINE,PENDENTE
PED-01689,,HEADSET,,2720.86,1.0,SUDESTE,CARLA MENDES,ONLINE,CONCLUÍDO
PED-01972,,HEADSET,,,0.0,SUL,CARLA MENDES,LOJA FÍSICA,CONCLUÍDO
PED-09667,2023-10-18,MONITOR,,8188.0,0.019,NORDESTE,CARLA MENDES,TELEVENDAS,CANCELADO
PED-07284,,HD EXTERNO,205,966.18,0.0,SUL,DIEGO LIMA,REVENDEDOR,CONCLUÍDO
PED-09638,2023-11-10,TECLADO,213,14418.5,1.0,NORTE,CARLA MENDES,ONLINE,CONCLUÍDO
PED-09896,2024-03-21,WEBCAM,,,0.0,NORTE,ELENA SOUZA,LOJA FÍSICA,EM ANÁLISE
PED-05038,2023-04-23,TECLADO,,,0.141,NORTE,ELENA SOUZA,ONLINE,CONCLUÍDO
PED-03435,2022-01-16,MOUSE,,,1.0,SUL,BRUNO COSTA,REVENDEDOR,CANCELADO
PED-05409,2023-02-14,HEADSET,494,,0.433,CENTRO-OESTE,ANA SILVA,TELEVENDAS,EM ANÁLISE
PED-06632,,TECLADO,268,,0.0,NORTE,CARLA MENDES,LOJA FÍSICA,CONCLUÍDO
PED-00264,2024-09-09,TECLADO,999999,,0.171,NORTE,ANA SILVA,REVENDEDOR,PENDENTE
PED-00925,,IMPRESSORA,,,0.23600000000000002,NORTE,DIEGO LIMA,LOJA FÍSICA,CONCLUÍDO
PED-06271,2023-10-03,MOUSE,451,8773.94,0.0,SUL,ELENA SOUZA,TELEVENDAS,CONCLUÍDO
PED-05940,,MONITOR,97,,0.33299999999999996,SUL,ANA SILVA,TELEVENDAS,EM ANÁLISE
PED-07170,,HEADSET,469,5373.64,0.479,CENTRO-OESTE,ELENA SOUZA,ONLINE,CONCLUÍDO
PED-01545,2022-06-20,TECLADO,,2752.65,0.0,SUL,ANA SILVA,TELEVENDAS,CONCLUÍDO
PED-02259,,WEBCAM,331,14091.88,0.46,SUL,ANA SILVA,TELEVENDAS,CONCLUÍDO
PED-01271,,HEADSET,487,5019.07,0.0,NORTE,ELENA SOUZA,TELEVENDAS,CONCLUÍDO
PED-02836,2024-08-17,TABLET,,265.75,1.0,SUL,BRUNO COSTA,ONLINE,CANCELADO
PED-03774,2023-10-17,HEADSET,462,,0.182,NORTE,ANA SILVA,TELEVENDAS,EM ANÁLISE
PED-07684,2022-01-16,TABLET,294,11906.29,0.22899999999999998,SUDESTE,ELENA SOUZA,ONLINE,PENDENTE
PED-01882,2022-09-03,MOUSE,999999,,0.002,SUL,BRUNO COSTA,TELEVENDAS,CANCELADO
PED-09131,2022-12-10,NOTEBOOK,317,12491.18,0.42,SUL,CARLA MENDES,ONLINE,PENDENTE
PED-03108,,IMPRESSORA,,,0.0,SUDESTE,DIEGO LIMA,ONLINE,CONCLUÍDO
PED-04358,,MONITOR,,,0.02,SUL,DIEGO LIMA,LOJA FÍSICA,CANCELADO
PED-03475,2024-12-06,HD EXTERNO,233,6839.63,0.27,NORDESTE,ELENA SOUZA,ONLINE,CONCLUÍDO
PED-09164,,NOTEBOOK,,12657.64,0.0,SUL,DIEGO LIMA,ONLINE,PENDENTE
PED-05891,,TECLADO,,,0.0,SUL,ANA SILVA,TELEVENDAS,EM ANÁLISE
PED-08514,2024-10-21,HEADSET,999999,,0.0,NORDESTE,BRUNO COSTA,ONLINE,PENDENTE
PED-09189,2024-04-10,MOUSE,,14578.1,0.0,SUDESTE,ANA SILVA,LOJA FÍSICA,CANCELADO
PED-07805,2024-12-06,WEBCAM,61,7440.35,0.097,CENTRO-OESTE,BRUNO COSTA,LOJA FÍSICA,CONCLUÍDO
PED-00187,2023-07-09,IMPRESSORA,201,,0.072,CENTRO-OESTE,ANA SILVA,ONLINE,CONCLUÍDO
PED-06195,,MOUSE,30,4684.24,0.275,CENTRO-OESTE,DIEGO LIMA,TELEVENDAS,CONCLUÍDO
PED-00029,2022-09-15,SMARTPHONE,105,,0.0,SUL,ANA SILVA,LOJA FÍSICA,CANCELADO
PED-06839,2022-05-14,HD EXTERNO,60,2222.0,0.0,SUDESTE,ELENA SOUZA,ONLINE,CONCLUÍDO
PED-10000,2024-04-06,NOTEBOOK,421,12890.3,0.0,SUL,ELENA SOUZA,LOJA FÍSICA,PENDENTE
PED-08561,2024-03-01,IMPRESSORA,,10458.45,0.015,NORDESTE,DIEGO LIMA,LOJA FÍSICA,CONCLUÍDO
PED-01044,2022-10-27,IMPRESSORA,,,0.0,SUL,BRUNO COSTA,LOJA FÍSICA,CONCLUÍDO
PED-08905,,TECLADO,228,1423.44,0.34,CENTRO-OESTE,ANA SILVA,REVENDEDOR,PENDENTE
PED-08059,2024-07-21,HD EXTERNO,,,0.479,CENTRO-OESTE,BRUNO COSTA,ONLINE,CANCELADO
PED-04402,2023-03-07,TABLET,,,0.32,SUDESTE,DIEGO LIMA,LOJA FÍSICA,CONCLUÍDO
PED-01463,2023-04-18,TECLADO,311,,0.129,NORTE,BRUNO COSTA,TELEVENDAS,CONCLUÍDO
PED-00972,2024-08-12,MONITOR,,,0.29,SUDESTE,CARLA MENDES,LOJA FÍSICA,CANCELADO
PED-02849,2022-09-17,HD EXTERNO,,666.38,0.451,SUL,ELENA SOUZA,TELEVENDAS,CANCELADO
PED-07048,,HEADSET,999999,,0.0,NORTE,ANA SILVA,LOJA FÍSICA,CANCELADO
PED-05354,,IMPRESSORA,297,,0.39899999999999997,CENTRO-OESTE,ELENA SOUZA,REVENDEDOR,CANCELADO
PED-01090,2024-06-02,IMPRESSORA,999999,9672.0,0.5,NORTE,DIEGO LIMA,REVENDEDOR,PENDENTE
PED-04418,,TABLET,124,9328.46,0.444,NORTE,BRUNO COSTA,LOJA FÍSICA,PENDENTE
PED-07165,2023-03-22,NOTEBOOK,295,,0.0,SUDESTE,ELENA SOUZA,LOJA FÍSICA,CONCLUÍDO
PED-09789,2023-07-10,SMARTPHONE,473,12036.34,0.0,SUL,DIEGO LIMA,ONLINE,CANCELADO
PED-05593,2023-03-12,TECLADO,,,0.0,SUL,ANA SILVA,REVENDEDOR,CANCELADO
PED-00658,2023-06-07,IMPRESSORA,999999,12390.57,0.495,NORTE,CARLA MENDES,ONLINE,PENDENTE
PED-03078,2023-08-20,HD EXTERNO,,13382.59,0.133,SUL,CARLA MENDES,ONLINE,CANCELADO
PED-03093,2022-05-28,SMARTPHONE,153,8262.95,1.0,SUL,DIEGO LIMA,ONLINE,CONCLUÍDO
PED-09937,2024-12-17,TABLET,418,,0.0,NORTE,CARLA MENDES,ONLINE,PENDENTE
PED-07514,,NOTEBOOK,,,0.331,SUDESTE,ELENA SOUZA,ONLINE,CONCLUÍDO
PED-09867,,MOUSE,329,,0.34,SUDESTE,CARLA MENDES,TELEVENDAS,CONCLUÍDO
PED-08737,,SMARTPHONE,,,0.0,SUDESTE,ELENA SOUZA,REVENDEDOR,EM ANÁLISE
PED-03134,2024-09-19,HEADSET,484,8488.0,0.0,CENTRO-OESTE,ANA SILVA,REVENDEDOR,PENDENTE
PED-07302,2024-02-26,MOUSE,,604.15,0.42700000000000005,SUDESTE,CARLA MENDES,TELEVENDAS,CONCLUÍDO
PED-03068,2024-07-15,IMPRESSORA,,13172.84,0.0,NORTE,BRUNO COSTA,LOJA FÍSICA,EM ANÁLISE
PED-09526,2024-08-16,WEBCAM,395,1206.96,0.131,SUDESTE,ELENA SOUZA,REVENDEDOR,CONCLUÍDO
PED-07842,2023-09-13,TECLADO,210,,0.188,SUDESTE,ELENA SOUZA,TELEVENDAS,CONCLUÍDO
PED-09620,2022-01-10,IMPRESSORA,,,0.0,SUL,BRUNO COSTA,ONLINE,CONCLUÍDO
PED-05256,2023-07-23,HD EXTERNO,203,,0.0,SUDESTE,ELENA SOUZA,ONLINE,CONCLUÍDO
PED-06274,2024-07-28,IMPRESSORA,999999,5606.47,0.253,NORTE,ELENA SOUZA,LOJA FÍSICA,PENDENTE
PED-01110,2023-06-06,WEBCAM,,11035.61,0.46,SUDESTE,DIEGO LIMA,ONLINE,CONCLUÍDO
PED-02460,,WEBCAM,,,0.6,SUL,BRUNO COSTA,REVENDEDOR,CONCLUÍDO
PED-04812,,IMPRESSORA,14,,0.27,SUL,ANA SILVA,LOJA FÍSICA,CANCELADO
PED-08675,2022-03-01,SMARTPHONE,460,2470.38,0.025,SUDESTE,ELENA SOUZA,LOJA FÍSICA,CONCLUÍDO
PED-02352,2022-05-03,MONITOR,,,0.083,SUL,ANA SILVA,TELEVENDAS,EM ANÁLISE
PED-00260,2023-02-19,IMPRESSORA,,,0.31,SUL,CARLA MENDES,LOJA FÍSICA,EM ANÁLISE
PED-03868,2022-10-25,IMPRESSORA,376,,0.026000000000000002,CENTRO-OESTE,ELENA SOUZA,REVENDEDOR,EM ANÁLISE
PED-00566,,NAN,,,0.22,SUDESTE,ELENA SOUZA,ONLINE,CONCLUÍDO
PED-08336,2022-03-14,NOTEBOOK,267,10068.89,0.46,SUL,CARLA MENDES,REVENDEDOR,PENDENTE
PED-00494,2023-09-04,NOTEBOOK,,3674.18,0.456,SUDESTE,DIEGO LIMA,ONLINE,CONCLUÍDO
PED-04434,2024-07-08,WEBCAM,234,,1.0,NORDESTE,ANA SILVA,ONLINE,PENDENTE
PED-00523,2023-01-03,NAN,,10158.93,0.0,NORTE,ELENA SOUZA,LOJA FÍSICA,EM ANÁLISE
PED-05738,2022-07-06,TECLADO,287,9745.99,0.0,SUL,ELENA SOUZA,TELEVENDAS,EM ANÁLISE
PED-02823,2024-01-02,MOUSE,,623.0,0.221,NORTE,BRUNO COSTA,ONLINE,CONCLUÍDO
PED-09825,2024-06-17,NOTEBOOK,338,,0.258,SUL,BRUNO COSTA,TELEVENDAS,EM ANÁLISE
PED-08078,2023-07-15,IMPRESSORA,135,,0.36,SUDESTE,DIEGO LIMA,TELEVENDAS,EM ANÁLISE
PED-00599,2022-04-16,MOUSE,298,,0.0,SUL,DIEGO LIMA,LOJA FÍSICA,CONCLUÍDO
PED-04738,2024-01-24,TECLADO,89,1730.7,0.217,SUL,BRUNO COSTA,LOJA FÍSICA,PENDENTE
PED-02668,2024-12-15,WEBCAM,421,3841.0,0.0,SUDESTE,ELENA SOUZA,ONLINE,PENDENTE
PED-06110,,MONITOR,,11856.0,0.096,NORTE,BRUNO COSTA,ONLINE,CANCELADO
PED-00025,,NOTEBOOK,398,11360.27,0.391,NORDESTE,BRUNO COSTA,REVENDEDOR,CONCLUÍDO
PED-06689,2022-06-01,TECLADO,,10834.32,0.11800000000000001,SUL,CARLA MENDES,REVENDEDOR,PENDENTE
PED-02085,,NOTEBOOK,70,3802.79,0.367,SUL,BRUNO COSTA,ONLINE,CONCLUÍDO
PED-03244,2022-08-07,MONITOR,,,0.267,NORTE,ANA SILVA,ONLINE,EM ANÁLISE
PED-00179,2024-08-26,MONITOR,,11061.81,0.304,SUL,ANA SILVA,ONLINE,PENDENTE
PED-09949,2022-01-04,MOUSE,226,,0.01,SUDESTE,ELENA SOUZA,REVENDEDOR,PENDENTE
PED-02525,2024-03-14,SMARTPHONE,118,,1.0,SUDESTE,DIEGO LIMA,LOJA FÍSICA,EM ANÁLISE
PED-06611,2022-09-20,NOTEBOOK,999999,,0.0,CENTRO-OESTE,ANA SILVA,LOJA FÍSICA,EM ANÁLISE
PED-09316,2022-12-22,MONITOR,,292.44,0.39200000000000007,SUL,DIEGO LIMA,TELEVENDAS,CONCLUÍDO
PED-03788,2022-01-14,MONITOR,462,,0.0,SUDESTE,DIEGO LIMA,ONLINE,CONCLUÍDO
PED-04578,2022-09-13,MOUSE,999999,,0.0,SUDESTE,BRUNO COSTA,LOJA FÍSICA,CONCLUÍDO
PED-09098,,MOUSE,100,10161.01,0.0,CENTRO-OESTE,CARLA MENDES,TELEVENDAS,CONCLUÍDO
PED-04620,2023-01-06,NOTEBOOK,29,,0.0,CENTRO-OESTE,DIEGO LIMA,LOJA FÍSICA,EM ANÁLISE
PED-03743,2022-05-08,HD EXTERNO,,1131.11,0.0,SUDESTE,NAN,LOJA FÍSICA,CANCELADO
PED-03404,2024-12-02,HEADSET,,,0.12,SUL,BRUNO COSTA,REVENDEDOR,PENDENTE
PED-04205,,TECLADO,999999,4453.98,0.0,CENTRO-OESTE,CARLA MENDES,TELEVENDAS,CONCLUÍDO
PED-01081,2024-01-26,TECLADO,,10711.85,0.0,SUDESTE,CARLA MENDES,REVENDEDOR,PENDENTE
PED-03715,2023-02-06,MONITOR,219,4478.23,0.38799999999999996,NORDESTE,CARLA MENDES,TELEVENDAS,CONCLUÍDO
PED-00456,2023-08-12,IMPRESSORA,230,,0.476,SUL,DIEGO LIMA,LOJA FÍSICA,CONCLUÍDO
PED-06232,2024-02-19,HD EXTERNO,,2102.0,0.0,NORDESTE,CARLA MENDES,LOJA FÍSICA,EM ANÁLISE
PED-03650,2024-11-14,HD EXTERNO,191,,0.0,SUL,CARLA MENDES,LOJA FÍSICA,EM ANÁLISE
PED-04181,2022-08-13,WEBCAM,,14399.52,0.27,SUL,DIEGO LIMA,LOJA FÍSICA,EM ANÁLISE
PED-07364,2022-12-28,MOUSE,24,,0.369,NORTE,CARLA MENDES,ONLINE,PENDENTE
PED-08221,,MOUSE,105,,0.473,NORTE,ELENA SOUZA,REVENDEDOR,CONCLUÍDO
PED-04005,2023-01-28,HD EXTERNO,128,8369.26,0.0,CENTRO-OESTE,CARLA MENDES,LOJA FÍSICA,EM ANÁLISE
PED-04778,2023-09-27,HEADSET,231,6890.04,0.366,SUL,BRUNO COSTA,ONLINE,CONCLUÍDO
PED-05873,,IMPRESSORA,396,,0.406,SUDESTE,BRUNO COSTA,LOJA FÍSICA,CONCLUÍDO
PED-01683,2023-01-27,IMPRESSORA,151,3966.0,1.0,SUL,BRUNO COSTA,REVENDEDOR,CONCLUÍDO
PED-05573,,TECLADO,999999,,0.016,SUL,ANA SILVA,LOJA FÍSICA,CONCLUÍDO
PED-00953,2023-01-13,MONITOR,251,5341.96,0.0,SUDESTE,CARLA MENDES,REVENDEDOR,CANCELADO
PED-03620,,MONITOR,,,0.11800000000000001,NORTE,DIEGO LIMA,ONLINE,PENDENTE
PED-09399,,SMARTPHONE,,,0.0,SUL,CARLA MENDES,LOJA FÍSICA,EM ANÁLISE
PED-07000,,MOUSE,184,,0.0,NORTE,CARLA MENDES,LOJA FÍSICA,CONCLUÍDO
PED-07414,,HEADSET,999999,11409.94,0.35700000000000004,NORTE,CARLA MENDES,ONLINE,CANCELADO
PED-01348,,WEBCAM,243,2561.77,0.36200000000000004,SUL,CARLA MENDES,ONLINE,CONCLUÍDO
PED-01228,2024-02-13,NOTEBOOK,166,,0.486,SUL,CARLA MENDES,ONLINE,PENDENTE
PED-08133,2023-01-09,NOTEBOOK,363,,0.073,NORTE,ANA SILVA,LOJA FÍSICA,CONCLUÍDO
PED-19558,2024-08-22,MONITOR,,13324.27,0.113,NORTE,ELENA SOUZA,REVENDEDOR,EM ANÁLISE
PED-01657,,WEBCAM,,10608.79,0.45799999999999996,SUL,ELENA SOUZA,ONLINE,CONCLUÍDO
PED-08149,,TECLADO,264,,0.105,NORDESTE,BRUNO COSTA,ONLINE,EM ANÁLISE
PED-07397,2023-06-02,SMARTPHONE,,10273.57,0.23,SUL,CARLA MENDES,ONLINE,CANCELADO
PED-04487,2023-10-12,WEBCAM,,6802.21,0.012,SUL,ELENA SOUZA,TELEVENDAS,CANCELADO
PED-06790,2023-05-24,SMARTPHONE,276,,1.0,NORDESTE,ANA SILVA,ONLINE,PENDENTE
PED-00506,2024-05-25,HEADSET,424,,0.238,NORTE,DIEGO LIMA,ONLINE,CANCELADO
PED-08996,2024-07-16,MOUSE,42,,0.0,NORDESTE,ELENA SOUZA,TELEVENDAS,CANCELADO
PED-04622,2024-09-02,NOTEBOOK,18,,0.02,CENTRO-OESTE,ELENA SOUZA,LOJA FÍSICA,PENDENTE
PED-07515,2022-11-02,MOUSE,368,1007.18,0.019,SUL,CARLA MENDES,LOJA FÍSICA,CONCLUÍDO
PED-00640,,HEADSET,461,7058.62,0.308,SUDESTE,BRUNO COSTA,LOJA FÍSICA,PENDENTE
PED-02964,2024-07-25,NOTEBOOK,,,0.23,SUL,ANA SILVA,LOJA FÍSICA,CANCELADO
PED-05766,2023-09-09,HD EXTERNO,414,2230.26,1.0,NORDESTE,CARLA MENDES,TELEVENDAS,CONCLUÍDO
PED-04327,2023-01-10,HEADSET,999999,3320.37,0.43700000000000006,SUDESTE,CARLA MENDES,ONLINE,PENDENTE
PED-07742,2023-02-14,HEADSET,89,,0.0,SUL,DIEGO LIMA,TELEVENDAS,CANCELADO
PED-07966,2024-09-04,MOUSE,,847.93,0.395,NORTE,DIEGO LIMA,TELEVENDAS,PENDENTE
PED-00671,,MOUSE,,4628.04,0.0,SUL,BRUNO COSTA,LOJA FÍSICA,CONCLUÍDO
PED-06451,,SMARTPHONE,,7291.64,0.0,CENTRO-OESTE,CARLA MENDES,ONLINE,CANCELADO
PED-07153,,IMPRESSORA,,,0.293,SUDESTE,DIEGO LIMA,ONLINE,CONCLUÍDO
PED-04881,2024-02-09,TECLADO,,,0.0,SUDESTE,BRUNO COSTA,REVENDEDOR,CANCELADO
PED-06183,,SMARTPHONE,365,,0.42200000000000004,NORTE,NAN,LOJA FÍSICA,PENDENTE
PED-09495,2022-11-08,MOUSE,,12548.32,0.018000000000000002,SUL,ANA SILVA,ONLINE,CONCLUÍDO
PED-02028,,MONITOR,,2321.58,0.282,SUL,BRUNO COSTA,TELEVENDAS,CANCELADO
PED-06242,2023-07-24,NOTEBOOK,54,7687.09,0.0,NORTE,CARLA MENDES,LOJA FÍSICA,PENDENTE
PED-01790,2024-01-11,IMPRESSORA,,14871.0,0.0,NORDESTE,ANA SILVA,REVENDEDOR,CONCLUÍDO
PED-06764,2022-08-26,IMPRESSORA,,11089.46,0.10300000000000001,SUL,ANA SILVA,LOJA FÍSICA,CONCLUÍDO
PED-05441,,TECLADO,,9349.78,0.05,CENTRO-OESTE,ANA SILVA,LOJA FÍSICA,EM ANÁLISE
PED-06570,,HEADSET,,13610.67,0.06,NORTE,DIEGO LIMA,LOJA FÍSICA,PENDENTE
PED-04404,,SMARTPHONE,9,2656.16,0.0,SUDESTE,ELENA SOUZA,REVENDEDOR,PENDENTE
PED-06205,,IMPRESSORA,,14288.6,1.0,SUL,ELENA SOUZA,LOJA FÍSICA,CONCLUÍDO
PED-03858,,MOUSE,,509.53,0.498,NORDESTE,DIEGO LIMA,TELEVENDAS,PENDENTE
PED-07486,,IMPRESSORA,239,5107.51,0.07400000000000001,SUL,ANA SILVA,TELEVENDAS,CONCLUÍDO
PED-09948,,TABLET,,228.7,0.0,SUL,DIEGO LIMA,LOJA FÍSICA,PENDENTE
PED-05751,2023-08-26,HEADSET,481,,0.0,NORDESTE,ANA SILVA,LOJA FÍSICA,EM ANÁLISE
PED-03407,2023-07-16,SMARTPHONE,,14625.05,0.049,SUDESTE,ANA SILVA,TELEVENDAS,EM ANÁLISE
PED-08358,2024-02-20,MOUSE,411,12082.0,0.0,NORDESTE,ANA SILVA,LOJA FÍSICA,CONCLUÍDO
PED-04963,2022-09-25,MOUSE,330,12804.56,0.0,NORTE,DIEGO LIMA,LOJA FÍSICA,EM ANÁLISE
PED-06126,2023-10-28,IMPRESSORA,299,14906.0,0.10800000000000001,SUL,BRUNO COSTA,REVENDEDOR,CANCELADO
PED-09007,2023-04-01,TECLADO,302,13248.0,0.0,NORTE,DIEGO LIMA,LOJA FÍSICA,CANCELADO
PED-01255,2022-02-12,IMPRESSORA,999999,,0.0,SUL,ANA SILVA,ONLINE,CONCLUÍDO
PED-80939,2023-03-24,IMPRESSORA,,1567.99,0.011000000000000001,NORTE,CARLA MENDES,LOJA FÍSICA,CONCLUÍDO
PED-01095,2024-08-18,NOTEBOOK,108,12476.0,0.0,NORDESTE,BRUNO COSTA,TELEVENDAS,CANCELADO
PED-01796,,MOUSE,,,0.149,SUDESTE,ELENA SOUZA,TELEVENDAS,CONCLUÍDO
PED-01810,,NOTEBOOK,56,,0.06,NORTE,ANA SILVA,ONLINE,CONCLUÍDO
PED-05036,2024-10-04,TABLET,,5098.14,0.124,NORDESTE,ELENA SOUZA,ONLINE,CANCELADO
PED-03011,2024-01-12,NOTEBOOK,286,13713.05,0.23,SUDESTE,BRUNO COSTA,ONLINE,PENDENTE
PED-08761,2024-05-26,NOTEBOOK,,,0.287,NORTE,CARLA MENDES,ONLINE,CONCLUÍDO
PED-09387,,MOUSE,263,,0.0,NORTE,ELENA SOUZA,REVENDEDOR,CANCELADO
PED-08802,,MOUSE,41,,0.0,CENTRO-OESTE,ANA SILVA,TELEVENDAS,CONCLUÍDO
PED-07763,2024-01-03,MOUSE,999999,9750.0,0.14400000000000002,SUDESTE,ELENA SOUZA,LOJA FÍSICA,PENDENTE
PED-07216,,HD EXTERNO,235,4629.87,0.0,CENTRO-OESTE,BRUNO COSTA,TELEVENDAS,PENDENTE
PED-74958,2022-01-18,NAN,,,0.228,SUDESTE,ELENA SOUZA,LOJA FÍSICA,CONCLUÍDO
PED-09968,2023-02-24,TECLADO,,,0.446,SUL,CARLA MENDES,LOJA FÍSICA,CANCELADO
PED-06307,2024-09-02,SMARTPHONE,353,10555.86,0.361,SUDESTE,CARLA MENDES,ONLINE,CONCLUÍDO
PED-09429,2023-08-27,TECLADO,355,3027.14,0.03,NORTE,CARLA MENDES,REVENDEDOR,CONCLUÍDO
PED-23441,2022-07-28,IMPRESSORA,,10967.53,0.0,SUL,ELENA SOUZA,LOJA FÍSICA,EM ANÁLISE
PED-07333,,IMPRESSORA,369,5274.51,0.023,SUL,DIEGO LIMA,LOJA FÍSICA,PENDENTE
PED-07563,,HEADSET,,2554.46,0.292,SUDESTE,DIEGO LIMA,REVENDEDOR,CONCLUÍDO
PED-04117,,HEADSET,,11643.18,0.0,NORTE,ANA SILVA,TELEVENDAS,PENDENTE
PED-05621,2023-10-04,WEBCAM,260,3689.12,0.33,SUL,DIEGO LIMA,TELEVENDAS,CONCLUÍDO
PED-07761,,NOTEBOOK,270,,0.151,SUL,ELENA SOUZA,REVENDEDOR,EM ANÁLISE
PED-08171,,HD EXTERNO,262,6260.31,0.24,SUL,CARLA MENDES,REVENDEDOR,CONCLUÍDO
PED-08315,2022-10-13,IMPRESSORA,420,14756.49,0.0,SUL,ANA SILVA,ONLINE,CANCELADO
PED-03813,2024-07-28,HEADSET,,12164.12,0.05,SUL,DIEGO LIMA,ONLINE,PENDENTE
PED-00969,2023-01-05,MOUSE,,5966.0,0.0,SUDESTE,ELENA SOUZA,TELEVENDAS,CONCLUÍDO
PED-05471,,MONITOR,,,0.135,SUDESTE,CARLA MENDES,ONLINE,CANCELADO
PED-09379,2022-03-26,SMARTPHONE,,,0.0,SUDESTE,ANA SILVA,TELEVENDAS,CONCLUÍDO
PED-01936,2024-03-06,WEBCAM,,,0.0,NORTE,ANA SILVA,LOJA FÍSICA,CANCELADO
PED-05676,,MOUSE,40,6645.64,0.21600000000000003,CENTRO-OESTE,DIEGO LIMA,REVENDEDOR,PENDENTE
PED-02946,2022-07-20,MOUSE,,1373.53,0.48100000000000004,NORTE,ANA SILVA,ONLINE,CONCLUÍDO
PED-87153,,HD EXTERNO,175,3390.68,0.0,SUDESTE,ELENA SOUZA,LOJA FÍSICA,EM ANÁLISE
PED-08194,,SMARTPHONE,,11649.0,0.206,NORDESTE,BRUNO COSTA,LOJA FÍSICA,CANCELADO
PED-09304,,WEBCAM,,7319.9,1.0,SUL,CARLA MENDES,LOJA FÍSICA,PENDENTE
PED-04694,2022-10-11,NOTEBOOK,,4641.45,0.0,SUL,BRUNO COSTA,ONLINE,CANCELADO
PED-05922,2022-01-21,TECLADO,,12333.57,0.0,SUDESTE,DIEGO LIMA,REVENDEDOR,CONCLUÍDO
PED-77517,,MOUSE,60,,0.376,NORTE,CARLA MENDES,TELEVENDAS,CONCLUÍDO
PED-08603,2023-09-10,SMARTPHONE,,2994.17,0.2,NORDESTE,BRUNO COSTA,TELEVENDAS,PENDENTE
PED-02701,2024-10-08,NOTEBOOK,,12748.44,0.0,NORTE,ELENA SOUZA,REVENDEDOR,CONCLUÍDO
PED-02188,2022-05-14,WEBCAM,999999,,0.39,NORTE,ELENA SOUZA,ONLINE,CONCLUÍDO
PED-06175,2022-12-26,MOUSE,,3474.35,0.12,CENTRO-OESTE,ELENA SOUZA,ONLINE,PENDENTE
PED-03660,2024-12-14,WEBCAM,137,,0.0,NORDESTE,DIEGO LIMA,LOJA FÍSICA,EM ANÁLISE
PED-08298,,MONITOR,,,0.215,NORDESTE,BRUNO COSTA,REVENDEDOR,PENDENTE
PED-03143,2022-07-09,MOUSE,490,,0.23,SUL,ELENA SOUZA,LOJA FÍSICA,PENDENTE
PED-02137,2024-04-16,MONITOR,,3434.99,1.0,NORTE,DIEGO LIMA,ONLINE,EM ANÁLISE
PED-28131,2024-01-10,SMARTPHONE,140,,0.297,CENTRO-OESTE,ANA SILVA,LOJA FÍSICA,PENDENTE
PED-02033,2023-10-02,SMARTPHONE,107,14297.86,0.358,NORDESTE,DIEGO LIMA,REVENDEDOR,CONCLUÍDO
PED-07667,2024-09-27,TABLET,32,11788.86,0.0,NORTE,CARLA MENDES,ONLINE,PENDENTE
PED-02651,2022-05-16,WEBCAM,,,0.217,CENTRO-OESTE,CARLA MENDES,ONLINE,CANCELADO
PED-07849,,NOTEBOOK,,14226.9,0.21,SUL,CARLA MENDES,LOJA FÍSICA,CONCLUÍDO
PED-01152,,TECLADO,999999,,0.0,NORTE,ELENA SOUZA,REVENDEDOR,CONCLUÍDO
PED-01514,2023-12-05,HD EXTERNO,,,0.0,CENTRO-OESTE,NAN,ONLINE,PENDENTE
PED-00782,2022-01-22,TABLET,305,,1.0,CENTRO-OESTE,BRUNO COSTA,TELEVENDAS,PENDENTE
PED-08554,2023-11-26,NOTEBOOK,,108.33,0.263,NORTE,ELENA SOUZA,REVENDEDOR,CONCLUÍDO
PED-03284,2022-10-18,HEADSET,,,0.215,SUL,BRUNO COSTA,LOJA FÍSICA,PENDENTE
PED-08805,,HEADSET,,12898.78,0.0,NORTE,CARLA MENDES,LOJA FÍSICA,CONCLUÍDO
PED-08064,2022-09-17,WEBCAM,999999,,0.33299999999999996,SUL,BRUNO COSTA,TELEVENDAS,CONCLUÍDO
PED-04222,,IMPRESSORA,,8686.28,0.0,CENTRO-OESTE,ANA SILVA,TELEVENDAS,EM ANÁLISE
PED-03504,2023-01-13,SMARTPHONE,,8910.82,0.244,CENTRO-OESTE,BRUNO COSTA,LOJA FÍSICA,PENDENTE
PED-06775,2024-03-17,IMPRESSORA,,,0.36,SUDESTE,ANA SILVA,LOJA FÍSICA,CONCLUÍDO
PED-03322,2022-08-06,MOUSE,,9604.43,0.344,CENTRO-OESTE,DIEGO LIMA,ONLINE,CONCLUÍDO
PED-07349,2023-04-06,SMARTPHONE,999999,,0.0,SUL,BRUNO COSTA,REVENDEDOR,CANCELADO
PED-00274,,WEBCAM,999999,,0.0,NORDESTE,NAN,REVENDEDOR,CONCLUÍDO
PED-07014,2023-02-11,NOTEBOOK,,11534.66,0.353,CENTRO-OESTE,ANA SILVA,TELEVENDAS,CONCLUÍDO
PED-05005,2022-02-07,MONITOR,,13198.9,0.0,NORDESTE,CARLA MENDES,LOJA FÍSICA,EM ANÁLISE
PED-01438,2022-05-15,SMARTPHONE,218,295.18,0.49,NORTE,DIEGO LIMA,ONLINE,CANCELADO
PED-08755,,TABLET,267,4990.28,0.109,NORTE,DIEGO LIMA,ONLINE,PENDENTE
PED-06204,2023-11-25,MOUSE,83,6542.6,0.0,SUL,ELENA SOUZA,ONLINE,PENDENTE
PED-05525,2022-12-12,TECLADO,,,0.0,CENTRO-OESTE,BRUNO COSTA,LOJA FÍSICA,CANCELADO
PED-04652,2022-10-24,HEADSET,493,6148.58,1.0,SUL,ELENA SOUZA,LOJA FÍSICA,CANCELADO
PED-02417,2024-09-11,MONITOR,,14898.77,0.0,SUL,ELENA SOUZA,LOJA FÍSICA,CONCLUÍDO
PED-06478,2024-12-01,TABLET,,,0.105,SUL,DIEGO LIMA,TELEVENDAS,CANCELADO
PED-02762,2023-02-05,SMARTPHONE,,,0.195,NORTE,ANA SILVA,ONLINE,PENDENTE
PED-06035,2024-01-16,NOTEBOOK,455,4720.0,0.0,NORDESTE,CARLA MENDES,LOJA FÍSICA,CONCLUÍDO
PED-00116,2024-01-09,IMPRESSORA,,7148.61,0.0,NORDESTE,DIEGO LIMA,ONLINE,PENDENTE
PED-01526,2022-06-14,IMPRESSORA,2,14668.0,0.45,NORTE,DIEGO LIMA,REVENDEDOR,CANCELADO
PED-05887,2024-04-07,HD EXTERNO,63,1318.13,0.096,NORTE,ELENA SOUZA,ONLINE,EM ANÁLISE
PED-02108,2023-07-23,TECLADO,,2430.71,0.0,NORTE,ELENA SOUZA,ONLINE,PENDENTE
PED-09848,2022-07-18,HD EXTERNO,,,0.0,SUL,DIEGO LIMA,ONLINE,EM ANÁLISE
PED-03760,2024-05-15,IMPRESSORA,300,,0.0,SUL,CARLA MENDES,LOJA FÍSICA,PENDENTE
PED-05990,2024-08-27,IMPRESSORA,,14393.21,0.0,SUL,CARLA MENDES,LOJA FÍSICA,PENDENTE
PED-08060,2022-01-19,MONITOR,,14942.92,1.0,NORTE,DIEGO LIMA,ONLINE,EM ANÁLISE
PED-02709,2024-06-06,MONITOR,70,4911.61,0.228,CENTRO-OESTE,BRUNO COSTA,LOJA FÍSICA,CONCLUÍDO
PED-00923,2024-01-13,NAN,,14917.59,0.361,SUDESTE,DIEGO LIMA,ONLINE,CANCELADO
PED-09287,,MONITOR,,10947.93,0.6,NORTE,BRUNO COSTA,ONLINE,PENDENTE
PED-01580,2022-08-03,SMARTPHONE,209,9966.24,0.0,SUL,DIEGO LIMA,TELEVENDAS,CONCLUÍDO
PED-02236,,IMPRESSORA,,,0.386,SUDESTE,DIEGO LIMA,REVENDEDOR,PENDENTE
PED-03835,2022-10-28,SMARTPHONE,,,1.0,SUDESTE,DIEGO LIMA,REVENDEDOR,CANCELADO
PED-08107,2024-02-05,WEBCAM,113,,0.20600000000000002,SUDESTE,ANA SILVA,TELEVENDAS,CANCELADO
PED-09279,2024-02-19,TABLET,,,0.459,SUL,BRUNO COSTA,ONLINE,PENDENTE
PED-08760,2023-07-19,HD EXTERNO,,6996.86,0.081,SUDESTE,DIEGO LIMA,TELEVENDAS,CANCELADO
PED-07689,2022-07-10,HEADSET,,,0.201,SUL,ANA SILVA,REVENDEDOR,CANCELADO
PED-07285,2023-06-22,MOUSE,196,12903.69,0.074,CENTRO-OESTE,CARLA MENDES,REVENDEDOR,EM ANÁLISE
PED-04047,2022-11-10,WEBCAM,50,8804.0,0.107,CENTRO-OESTE,ELENA SOUZA,TELEVENDAS,PENDENTE
PED-91908,2024-10-26,MOUSE,53,9810.97,0.424,SUDESTE,DIEGO LIMA,ONLINE,CONCLUÍDO
PED-04451,2023-07-18,TECLADO,,,0.44299999999999995,NORTE,ANA SILVA,LOJA FÍSICA,EM ANÁLISE
PED-05254,,SMARTPHONE,,9427.16,1.0,NORTE,DIEGO LIMA,TELEVENDAS,PENDENTE
PED-03723,2024-06-04,NAN,68,,0.21600000000000003,SUL,ELENA SOUZA,LOJA FÍSICA,EM ANÁLISE
PED-02332,2023-08-12,NOTEBOOK,187,,0.0,SUDESTE,CARLA MENDES,TELEVENDAS,CANCELADO
PED-02745,,MONITOR,41,,0.382,CENTRO-OESTE,ELENA SOUZA,ONLINE,EM ANÁLISE
PED-07606,2024-08-14,TECLADO,,14014.94,0.177,SUL,DIEGO LIMA,REVENDEDOR,CONCLUÍDO
PED-00880,2022-11-25,NOTEBOOK,,,0.0,NORDESTE,ANA SILVA,TELEVENDAS,EM ANÁLISE
PED-04938,2022-04-01,HD EXTERNO,,9922.01,1.0,SUDESTE,ELENA SOUZA,LOJA FÍSICA,EM ANÁLISE
PED-04653,2022-04-08,IMPRESSORA,484,,0.302,NORTE,ELENA SOUZA,REVENDEDOR,CONCLUÍDO
PED-09223,2024-09-17,MONITOR,,,0.371,NORTE,ANA SILVA,LOJA FÍSICA,PENDENTE
PED-00076,,HEADSET,172,9840.05,0.052000000000000005,CENTRO-OESTE,ANA SILVA,LOJA FÍSICA,PENDENTE
PED-00307,2022-03-11,IMPRESSORA,999999,449.38,0.087,NORDESTE,BRUNO COSTA,ONLINE,PENDENTE
PED-07183,2024-12-23,HEADSET,234,301.88,0.012,SUDESTE,CARLA MENDES,LOJA FÍSICA,CONCLUÍDO
PED-02372,2023-01-09,HEADSET,355,,1.0,SUDESTE,CARLA MENDES,LOJA FÍSICA,CONCLUÍDO
PED-07587,,IMPRESSORA,,6508.24,0.47,SUL,BRUNO COSTA,ONLINE,EM ANÁLISE
PED-07146,,WEBCAM,,,0.298,NORDESTE,DIEGO LIMA,REVENDEDOR,EM ANÁLISE
PED-06136,,TECLADO,999999,,0.14,NORTE,CARLA MENDES,REVENDEDOR,CANCELADO
PED-07673,2024-03-13,IMPRESSORA,,,0.023,NORTE,ANA SILVA,REVENDEDOR,CANCELADO
PED-01527,2024-03-15,TECLADO,999999,,0.0,NORTE,BRUNO COSTA,LOJA FÍSICA,EM ANÁLISE
PED-04059,2023-12-17,WEBCAM,,,0.266,NORTE,CARLA MENDES,LOJA FÍSICA,CONCLUÍDO
PED-06455,,MONITOR,278,,0.0,SUDESTE,DIEGO LIMA,LOJA FÍSICA,CANCELADO
PED-03253,2024-01-12,MOUSE,17,11686.18,0.0,SUDESTE,CARLA MENDES,ONLINE,PENDENTE
PED-06851,2023-04-17,TABLET,,13484.78,0.0,SUL,BRUNO COSTA,ONLINE,PENDENTE
PED-00298,2024-09-05,NOTEBOOK,999999,11170.35,0.0,SUL,DIEGO LIMA,LOJA FÍSICA,PENDENTE
PED-07534,,HD EXTERNO,,,0.063,SUL,DIEGO LIMA,REVENDEDOR,EM ANÁLISE
PED-07651,2022-02-20,MOUSE,,,0.224,SUL,BRUNO COSTA,REVENDEDOR,EM ANÁLISE
PED-01441,,IMPRESSORA,32,,1.0,SUL,BRUNO COSTA,ONLINE,CANCELADO
PED-06862,,NOTEBOOK,,7113.78,0.08900000000000001,SUL,DIEGO LIMA,LOJA FÍSICA,EM ANÁLISE
PED-07228,,HD EXTERNO,,,0.21600000000000003,CENTRO-OESTE,BRUNO COSTA,ONLINE,CANCELADO
PED-03424,2022-02-01,HD EXTERNO,,,0.0,NORTE,ELENA SOUZA,LOJA FÍSICA,CONCLUÍDO
PED-01435,,NOTEBOOK,,,0.149,SUDESTE,BRUNO COSTA,ONLINE,EM ANÁLISE
PED-03493,,MOUSE,,10518.84,0.311,NORTE,BRUNO COSTA,LOJA FÍSICA,CONCLUÍDO
PED-07482,2024-03-17,TABLET,,,0.359,SUL,DIEGO LIMA,TELEVENDAS,EM ANÁLISE
PED-00306,,IMPRESSORA,500,4463.0,0.13,SUL,CARLA MENDES,ONLINE,CANCELADO
PED-08914,,HD EXTERNO,999999,,0.015,NORDESTE,ELENA SOUZA,REVENDEDOR,EM ANÁLISE
PED-09181,2024-11-17,TECLADO,41,,0.0,CENTRO-OESTE,ELENA SOUZA,ONLINE,CONCLUÍDO
PED-05924,2022-08-19,MOUSE,83,13034.96,0.0,NORTE,ANA SILVA,TELEVENDAS,CANCELADO
PED-06052,2023-12-28,SMARTPHONE,,3815.53,0.218,NORTE,ELENA SOUZA,LOJA FÍSICA,PENDENTE
PED-04384,2023-03-18,SMARTPHONE,999999,11389.01,0.08900000000000001,NORTE,BRUNO COSTA,LOJA FÍSICA,EM ANÁLISE
PED-08881,2023-06-17,TECLADO,,,0.33,SUDESTE,BRUNO COSTA,TELEVENDAS,CONCLUÍDO
PED-08586,2023-09-25,TABLET,328,9224.84,0.0,CENTRO-OESTE,ANA SILVA,ONLINE,EM ANÁLISE
PED-01721,2024-08-20,HD EXTERNO,,,0.41,SUL,CARLA MENDES,REVENDEDOR,CONCLUÍDO
PED-00733,2022-10-11,TABLET,,,0.0,NORTE,CARLA MENDES,REVENDEDOR,CANCELADO
PED-06298,,SMARTPHONE,999999,,0.0,NORTE,ELENA SOUZA,REVENDEDOR,PENDENTE
PED-07438,2024-08-01,WEBCAM,456,,0.0,SUDESTE,DIEGO LIMA,LOJA FÍSICA,EM ANÁLISE
PED-00485,2022-01-18,SMARTPHONE,,2837.2,1.0,SUDESTE,CARLA MENDES,TELEVENDAS,PENDENTE
PED-05292,,HEADSET,70,1492.12,0.0,NORTE,BRUNO COSTA,LOJA FÍSICA,PENDENTE
PED-94345,,WEBCAM,348,,0.0,SUL,BRUNO COSTA,LOJA FÍSICA,PENDENTE
PED-02632,2023-12-09,TABLET,491,,0.0,SUL,BRUNO COSTA,TELEVENDAS,PENDENTE
PED-08199,2024-08-18,WEBCAM,,,0.183,NORTE,ELENA SOUZA,LOJA FÍSICA,CANCELADO
PED-06193,2022-05-18,SMARTPHONE,43,,0.0,SUDESTE,ELENA SOUZA,ONLINE,CANCELADO
PED-09030,2022-05-14,HD EXTERNO,,,0.48,SUL,BRUNO COSTA,LOJA FÍSICA,CONCLUÍDO
PED-05330,,TECLADO,270,9911.72,0.22899999999999998,SUDESTE,ELENA SOUZA,LOJA FÍSICA,CANCELADO
PED-03912,,MONITOR,,8449.71,0.45799999999999996,CENTRO-OESTE,ELENA SOUZA,LOJA FÍSICA,EM ANÁLISE
PED-03897,2022-03-04,MOUSE,447,7709.82,0.48,SUL,ANA SILVA,TELEVENDAS,CANCELADO
PED-09169,2022-11-17,MOUSE,454,,0.0,SUL,NAN,LOJA FÍSICA,PENDENTE
PED-07215,,HEADSET,87,,0.0,SUL,BRUNO COSTA,TELEVENDAS,EM ANÁLISE
PED-07660,2023-01-11,IMPRESSORA,,9719.17,0.374,SUL,CARLA MENDES,TELEVENDAS,CANCELADO
PED-05349,2024-08-21,NOTEBOOK,,4370.23,1.0,SUDESTE,CARLA MENDES,REVENDEDOR,CONCLUÍDO
PED-03334,,NOTEBOOK,,,0.027999999999999997,SUL,CARLA MENDES,REVENDEDOR,PENDENTE
PED-08351,2023-12-18,TABLET,249,477.12,0.393,NORTE,CARLA MENDES,REVENDEDOR,EM ANÁLISE
PED-09485,,SMARTPHONE,91,13618.6,0.0,SUDESTE,BRUNO COSTA,LOJA FÍSICA,CANCELADO
PED-04509,2022-11-25,NOTEBOOK,397,1545.94,0.287,SUDESTE,ANA SILVA,LOJA FÍSICA,EM ANÁLISE
PED-09063,2024-04-15,WEBCAM,254,,0.142,NORTE,BRUNO COSTA,ONLINE,PENDENTE
PED-01127,,WEBCAM,489,2067.0,1.0,SUDESTE,BRUNO COSTA,TELEVENDAS,CANCELADO
PED-06315,2024-08-01,MONITOR,,9500.0,0.145,NORTE,ANA SILVA,LOJA FÍSICA,CANCELADO
PED-05581,2022-06-26,MONITOR,40,6081.36,0.435,SUDESTE,DIEGO LIMA,ONLINE,CONCLUÍDO
PED-09400,2023-09-21,WEBCAM,,3028.32,0.392,NORTE,CARLA MENDES,ONLINE,EM ANÁLISE
PED-57029,,MONITOR,999999,8602.64,0.21100000000000002,SUDESTE,BRUNO COSTA,LOJA FÍSICA,CONCLUÍDO
PED-08856,2022-12-03,IMPRESSORA,329,12463.09,0.115,SUDESTE,DIEGO LIMA,ONLINE,CONCLUÍDO
PED-09829,,WEBCAM,117,,0.0,NORTE,ELENA SOUZA,LOJA FÍSICA,CONCLUÍDO
PED-03386,2024-06-13,WEBCAM,,,0.35200000000000004,NORDESTE,BRUNO COSTA,LOJA FÍSICA,CONCLUÍDO
PED-00821,2023-08-20,TECLADO,266,,0.0,SUDESTE,ANA SILVA,ONLINE,CONCLUÍDO
PED-08269,2023-12-09,SMARTPHONE,,11247.29,0.0,SUL,ANA SILVA,LOJA FÍSICA,CANCELADO
PED-01908,,TABLET,999999,13668.11,0.0,NORTE,DIEGO LIMA,LOJA FÍSICA,PENDENTE
PED-05227,2022-08-08,MONITOR,312,12005.44,0.34,SUDESTE,CARLA MENDES,LOJA FÍSICA,CONCLUÍDO
PED-15794,2023-11-28,TABLET,310,11666.32,1.0,NORDESTE,BRUNO COSTA,TELEVENDAS,PENDENTE
PED-04351,2023-07-14,NOTEBOOK,,2315.28,0.0,SUDESTE,ANA SILVA,REVENDEDOR,EM ANÁLISE
PED-07416,2022-09-10,HD EXTERNO,,12545.19,0.113,NORTE,ELENA SOUZA,TELEVENDAS,CONCLUÍDO
PED-05488,,TECLADO,,13349.51,0.302,SUDESTE,ANA SILVA,TELEVENDAS,CANCELADO
PED-00416,2023-01-25,MONITOR,143,,0.0,NORTE,BRUNO COSTA,LOJA FÍSICA,CANCELADO
PED-09839,2023-08-15,MONITOR,252,,0.0,CENTRO-OESTE,CARLA MENDES,REVENDEDOR,CANCELADO
PED-01961,2023-05-07,HEADSET,87,3956.01,0.0,NORDESTE,BRUNO COSTA,ONLINE,CANCELADO
PED-08382,,HEADSET,,14677.64,0.312,SUL,BRUNO COSTA,TELEVENDAS,PENDENTE
PED-06070,,HD EXTERNO,,,0.078,SUL,DIEGO LIMA,LOJA FÍSICA,PENDENTE
PED-05044,2023-11-05,NOTEBOOK,,,0.0,NORDESTE,ELENA SOUZA,TELEVENDAS,PENDENTE
PED-00895,2023-11-28,HD EXTERNO,999999,3329.89,0.135,SUL,CARLA MENDES,TELEVENDAS,PENDENTE
PED-08841,,IMPRESSORA,188,12270.0,0.0,NORTE,CARLA MENDES,REVENDEDOR,CANCELADO
PED-02226,2023-07-15,HD EXTERNO,290,,0.0,CENTRO-OESTE,ELENA SOUZA,REVENDEDOR,PENDENTE
PED-05704,2024-03-19,MONITOR,,,0.078,SUL,CARLA MENDES,ONLINE,CANCELADO
PED-04605,2022-08-06,HD EXTERNO,277,2124.18,0.0,NORTE,ANA SILVA,REVENDEDOR,EM ANÁLISE
PED-07644,2024-07-16,TECLADO,244,10521.18,0.213,SUDESTE,ELENA SOUZA,REVENDEDOR,CONCLUÍDO
PED-05905,2023-01-14,TABLET,,2882.38,1.0,SUDESTE,BRUNO COSTA,TELEVENDAS,CONCLUÍDO
PED-04413,2022-06-25,NOTEBOOK,206,2864.07,0.0,NORTE,CARLA MENDES,LOJA FÍSICA,CONCLUÍDO
PED-06783,2022-04-17,IMPRESSORA,134,3109.0,0.0,NORDESTE,ANA SILVA,ONLINE,CONCLUÍDO
PED-01656,,NOTEBOOK,471,,0.0,NORTE,BRUNO COSTA,LOJA FÍSICA,CONCLUÍDO
PED-07548,,MONITOR,,,0.319,NORTE,CARLA MENDES,REVENDEDOR,EM ANÁLISE
PED-03925,2022-04-20,MOUSE,,10535.12,0.01,SUDESTE,ANA SILVA,TELEVENDAS,CANCELADO
PED-06123,2022-09-22,HEADSET,256,,0.0,NORDESTE,BRUNO COSTA,ONLINE,EM ANÁLISE
PED-02101,2024-07-05,WEBCAM,249,2492.0,0.1,NORTE,ANA SILVA,LOJA FÍSICA,PENDENTE
PED-05374,,TABLET,,,0.12,NORTE,DIEGO LIMA,ONLINE,CONCLUÍDO
PED-03624,,TABLET,999999,,0.0,NORTE,BRUNO COSTA,ONLINE,PENDENTE
PED-09115,,MONITOR,427,,0.485,NORDESTE,ANA SILVA,REVENDEDOR,CONCLUÍDO
PED-02838,2022-01-08,HD EXTERNO,140,,0.0,SUDESTE,ANA SILVA,REVENDEDOR,CONCLUÍDO
PED-00648,2023-06-16,WEBCAM,,,0.496,NORTE,CARLA MENDES,REVENDEDOR,CANCELADO
PED-08400,,MONITOR,,10514.0,0.0,NORTE,DIEGO LIMA,LOJA FÍSICA,CONCLUÍDO
PED-07826,2023-04-16,IMPRESSORA,,11922.83,0.0,NORTE,ELENA SOUZA,LOJA FÍSICA,CONCLUÍDO
PED-02357,2024-05-27,WEBCAM,194,,0.0,SUDESTE,CARLA MENDES,TELEVENDAS,EM ANÁLISE
PED-09811,,TABLET,999999,,0.071,NORTE,BRUNO COSTA,LOJA FÍSICA,CANCELADO
PED-02380,2022-11-12,HEADSET,89,8888.06,0.39,NORTE,BRUNO COSTA,REVENDEDOR,CONCLUÍDO
PED-85866,2024-07-02,TECLADO,253,3250.28,0.33799999999999997,NORTE,CARLA MENDES,LOJA FÍSICA,EM ANÁLISE
PED-06592,,IMPRESSORA,463,,1.0,NORTE,DIEGO LIMA,LOJA FÍSICA,EM ANÁLISE
PED-06333,,NOTEBOOK,159,4232.72,0.0,SUL,CARLA MENDES,ONLINE,CONCLUÍDO
PED-07821,,NOTEBOOK,,,0.0,CENTRO-OESTE,ELENA SOUZA,LOJA FÍSICA,EM ANÁLISE
PED-08567,2022-05-20,TABLET,,7196.38,0.171,NORTE,ANA SILVA,REVENDEDOR,PENDENTE
PED-06705,2024-02-01,IMPRESSORA,,,0.118,SUL,CARLA MENDES,LOJA FÍSICA,PENDENTE
PED-08613,,WEBCAM,482,,0.27899999999999997,NORTE,ANA SILVA,ONLINE,CANCELADO
PED-07339,2023-11-19,SMARTPHONE,364,4448.29,0.201,NORDESTE,ANA SILVA,REVENDEDOR,CONCLUÍDO
PED-03111,2023-06-10,MONITOR,241,2363.68,0.44,NORTE,DIEGO LIMA,ONLINE,CONCLUÍDO
PED-04450,,MONITOR,85,,0.0,NORTE,ELENA SOUZA,TELEVENDAS,CONCLUÍDO
PED-05543,,NOTEBOOK,,,0.0,NORTE,ELENA SOUZA,ONLINE,CONCLUÍDO
PED-04698,,MONITOR,119,868.81,0.13,SUDESTE,BRUNO COSTA,TELEVENDAS,CONCLUÍDO
PED-09726,2024-05-28,WEBCAM,,2631.12,0.26,NORTE,DIEGO LIMA,REVENDEDOR,CONCLUÍDO
PED-07562,2022-11-11,WEBCAM,,6382.59,0.281,SUL,ELENA SOUZA,LOJA FÍSICA,PENDENTE
PED-08940,,MOUSE,,1402.69,0.0,NORDESTE,BRUNO COSTA,REVENDEDOR,PENDENTE
PED-05912,2024-09-15,MOUSE,,,0.02,NORTE,BRUNO COSTA,TELEVENDAS,PENDENTE
PED-06516,2022-08-25,IMPRESSORA,93,10799.0,0.0,SUDESTE,ANA SILVA,ONLINE,CONCLUÍDO
PED-07656,,IMPRESSORA,73,,0.0,SUDESTE,ELENA SOUZA,LOJA FÍSICA,PENDENTE
PED-77287,2023-07-19,WEBCAM,,8631.27,0.0,CENTRO-OESTE,BRUNO COSTA,LOJA FÍSICA,CONCLUÍDO
PED-04592,2022-12-15,MOUSE,,,0.49,CENTRO-OESTE,ANA SILVA,ONLINE,CANCELADO
PED-02858,,TABLET,,4265.33,0.451,SUL,ELENA SOUZA,ONLINE,EM ANÁLISE
PED-03931,,SMARTPHONE,201,11589.14,0.17800000000000002,NORTE,ELENA SOUZA,LOJA FÍSICA,EM ANÁLISE
PED-02598,2022-04-22,IMPRESSORA,,3794.44,0.0,SUL,ELENA SOUZA,LOJA FÍSICA,CONCLUÍDO
PED-04006,2022-11-05,IMPRESSORA,102,,0.0,NORTE,CARLA MENDES,LOJA FÍSICA,PENDENTE
PED-05776,2022-01-14,NOTEBOOK,,4648.0,0.39,NORDESTE,ELENA SOUZA,ONLINE,CONCLUÍDO
PED-09055,,TABLET,,,0.0,SUDESTE,BRUNO COSTA,LOJA FÍSICA,CANCELADO
PED-07971,2023-04-10,HEADSET,275,,0.07400000000000001,SUL,BRUNO COSTA,LOJA FÍSICA,EM ANÁLISE
PED-05775,,HD EXTERNO,296,,0.0,NORTE,CARLA MENDES,LOJA FÍSICA,EM ANÁLISE
PED-02368,2023-03-14,HEADSET,,,0.29,NORTE,CARLA MENDES,LOJA FÍSICA,CONCLUÍDO
PED-06318,2022-06-07,MONITOR,,10322.98,0.258,SUDESTE,ANA SILVA,REVENDEDOR,CONCLUÍDO
PED-02439,2023-08-22,IMPRESSORA,,9869.0,0.0,SUDESTE,DIEGO LIMA,REVENDEDOR,CONCLUÍDO
PED-07713,2022-02-14,MOUSE,,2218.16,0.0,NORDESTE,CARLA MENDES,LOJA FÍSICA,CANCELADO
PED-01843,2022-09-12,HEADSET,,10859.18,0.31,NORTE,DIEGO LIMA,ONLINE,PENDENTE
PED-02446,,NOTEBOOK,154,7311.42,0.0,SUDESTE,ANA SILVA,REVENDEDOR,CANCELADO
PED-04572,2024-12-16,NOTEBOOK,299,,0.0,SUDESTE,DIEGO LIMA,REVENDEDOR,CONCLUÍDO
PED-02286,,TABLET,332,10240.89,0.0,SUL,ANA SILVA,REVENDEDOR,EM ANÁLISE
PED-02020,2023-06-19,TECLADO,367,6931.64,0.293,SUL,DIEGO LIMA,TELEVENDAS,PENDENTE
PED-08260,2022-05-24,HD EXTERNO,263,,0.3,NORTE,ANA SILVA,REVENDEDOR,PENDENTE
PED-01576,2024-06-11,MONITOR,,14679.37,0.0,SUL,DIEGO LIMA,LOJA FÍSICA,CANCELADO
PED-03967,2024-12-26,SMARTPHONE,423,5517.36,0.0,SUDESTE,BRUNO COSTA,ONLINE,EM ANÁLISE
PED-62901,2022-01-26,HD EXTERNO,350,10512.07,0.006999999999999999,NORTE,ANA SILVA,TELEVENDAS,PENDENTE
PED-08926,2023-05-24,WEBCAM,60,6519.67,0.259,NORTE,CARLA MENDES,REVENDEDOR,CONCLUÍDO
PED-05680,2022-11-08,TABLET,,,1.0,NORTE,BRUNO COSTA,ONLINE,CONCLUÍDO
PED-06584,2024-08-15,IMPRESSORA,268,8409.31,0.12,NORDESTE,ELENA SOUZA,LOJA FÍSICA,CONCLUÍDO
PED-05270,2023-11-25,WEBCAM,431,,0.008,NORTE,CARLA MENDES,TELEVENDAS,PENDENTE
PED-08001,2022-04-25,SMARTPHONE,372,,0.0,NORDESTE,ANA SILVA,TELEVENDAS,PENDENTE
PED-05906,2024-12-10,NAN,,,0.34,SUL,BRUNO COSTA,ONLINE,CONCLUÍDO
PED-07108,,NAN,24,,0.0,SUL,BRUNO COSTA,ONLINE,CONCLUÍDO
PED-06325,2023-12-21,SMARTPHONE,,5148.33,0.314,CENTRO-OESTE,BRUNO COSTA,TELEVENDAS,PENDENTE
PED-05537,,HD EXTERNO,55,,0.0,SUDESTE,ELENA SOUZA,LOJA FÍSICA,EM ANÁLISE
PED-08609,,IMPRESSORA,,2257.42,0.25,SUDESTE,ELENA SOUZA,LOJA FÍSICA,CANCELADO
PED-08691,,WEBCAM,,,0.061,SUL,CARLA MENDES,REVENDEDOR,CANCELADO
PED-08226,,HD EXTERNO,407,,0.0,NORDESTE,ELENA SOUZA,REVENDEDOR,CONCLUÍDO
PED-04368,2022-11-25,HEADSET,252,,0.42,SUL,ANA SILVA,ONLINE,PENDENTE
PED-07473,2022-10-26,NOTEBOOK,262,,0.40399999999999997,NORTE,ANA SILVA,REVENDEDOR,PENDENTE
PED-03766,2023-08-21,HD EXTERNO,16,5576.19,0.0,CENTRO-OESTE,BRUNO COSTA,TELEVENDAS,EM ANÁLISE
PED-01419,2022-01-20,HD EXTERNO,,5089.0,0.41,CENTRO-OESTE,CARLA MENDES,ONLINE,PENDENTE
PED-07838,2023-09-10,IMPRESSORA,,941.81,0.0,SUL,DIEGO LIMA,REVENDEDOR,CANCELADO
PED-02571,2022-10-17,SMARTPHONE,435,,0.0,SUL,ELENA SOUZA,REVENDEDOR,PENDENTE
PED-03087,2024-08-10,HEADSET,,,0.27,SUL,ANA SILVA,TELEVENDAS,EM ANÁLISE
PED-09899,2023-11-09,SMARTPHONE,225,,0.12,SUL,DIEGO LIMA,ONLINE,EM ANÁLISE
PED-08498,2022-03-17,HD EXTERNO,,5021.71,0.40700000000000003,NORTE,CARLA MENDES,TELEVENDAS,CANCELADO
PED-05425,2023-06-17,TABLET,191,,0.0,SUDESTE,CARLA MENDES,TELEVENDAS,CANCELADO
PED-09609,2024-08-25,SMARTPHONE,288,,0.4,CENTRO-OESTE,ANA SILVA,LOJA FÍSICA,CANCELADO
PED-04595,2022-05-17,NOTEBOOK,,10182.38,0.326,NORTE,CARLA MENDES,LOJA FÍSICA,PENDENTE
PED-08396,2022-01-11,MONITOR,,,0.0,NORTE,DIEGO LIMA,ONLINE,CANCELADO
PED-04250,2023-10-19,IMPRESSORA,128,4634.29,0.085,NORDESTE,ANA SILVA,REVENDEDOR,CONCLUÍDO
PED-01132,,NOTEBOOK,,10411.29,0.0,SUL,CARLA MENDES,LOJA FÍSICA,CANCELADO
PED-05782,2024-05-08,TABLET,,5529.0,0.457,SUL,DIEGO LIMA,REVENDEDOR,EM ANÁLISE
PED-08326,2024-06-13,HD EXTERNO,,5598.79,0.0,SUL,ELENA SOUZA,TELEVENDAS,CANCELADO
PED-05959,2022-11-05,WEBCAM,,12946.49,0.0,SUL,ELENA SOUZA,LOJA FÍSICA,CANCELADO
PED-06028,2023-04-09,TABLET,315,11019.86,0.0,SUDESTE,DIEGO LIMA,TELEVENDAS,PENDENTE
PED-06950,,HD EXTERNO,387,5181.72,0.0,CENTRO-OESTE,BRUNO COSTA,REVENDEDOR,CONCLUÍDO
PED-07151,2024-01-17,WEBCAM,,,0.121,SUL,CARLA MENDES,TELEVENDAS,CONCLUÍDO
PED-03864,2023-07-11,HEADSET,499,,0.001,NORTE,ANA SILVA,LOJA FÍSICA,CONCLUÍDO
PED-07541,2024-04-19,HEADSET,421,,0.39899999999999997,SUL,DIEGO LIMA,LOJA FÍSICA,PENDENTE
PED-05010,2024-11-10,HEADSET,32,,0.0,NORDESTE,BRUNO COSTA,REVENDEDOR,EM ANÁLISE
PED-06349,2023-08-18,TABLET,5,,0.494,NORTE,CARLA MENDES,REVENDEDOR,CANCELADO
PED-04111,,TABLET,,13580.36,0.0,CENTRO-OESTE,ANA SILVA,TELEVENDAS,EM ANÁLISE
PED-03362,2022-12-24,MOUSE,186,,0.0,NORTE,ELENA SOUZA,ONLINE,PENDENTE
PED-01671,2022-06-09,IMPRESSORA,,,0.13,SUL,ELENA SOUZA,LOJA FÍSICA,PENDENTE
PED-05657,2024-02-26,MOUSE,341,,0.0,NORTE,CARLA MENDES,ONLINE,CANCELADO
PED-03383,2022-07-10,TABLET,,6617.54,0.126,SUDESTE,ANA SILVA,LOJA FÍSICA,CONCLUÍDO
PED-01241,2022-11-17,TABLET,281,,0.021,CENTRO-OESTE,BRUNO COSTA,ONLINE,CONCLUÍDO
PED-03431,,HD EXTERNO,148,4948.0,0.188,SUDESTE,DIEGO LIMA,REVENDEDOR,PENDENTE
PED-02570,2024-09-19,NOTEBOOK,,9714.0,0.0,SUDESTE,CARLA MENDES,LOJA FÍSICA,CONCLUÍDO
PED-08679,2023-11-15,WEBCAM,,,0.074,SUDESTE,ELENA SOUZA,ONLINE,EM ANÁLISE
PED-00156,2023-01-12,SMARTPHONE,13,11616.0,0.0,SUDESTE,BRUNO COSTA,LOJA FÍSICA,CONCLUÍDO
PED-01563,2023-01-20,TECLADO,430,,0.29,NORTE,CARLA MENDES,LOJA FÍSICA,CANCELADO
PED-00901,,SMARTPHONE,,3429.0,0.0,NORDESTE,ELENA SOUZA,LOJA FÍSICA,EM ANÁLISE
PED-05739,2022-07-22,NOTEBOOK,123,14775.66,1.0,SUDESTE,ELENA SOUZA,LOJA FÍSICA,PENDENTE
PED-70452,2022-08-13,NOTEBOOK,,,0.0,SUDESTE,DIEGO LIMA,LOJA FÍSICA,CANCELADO
PED-04691,2023-12-22,IMPRESSORA,,,0.0,NORDESTE,ELENA SOUZA,TELEVENDAS,EM ANÁLISE
PED-09554,,IMPRESSORA,475,,1.0,NORTE,DIEGO LIMA,ONLINE,CONCLUÍDO
PED-01985,,IMPRESSORA,,,0.21,SUDESTE,BRUNO COSTA,REVENDEDOR,CONCLUÍDO
PED-09307,2024-09-02,NOTEBOOK,999999,,0.0,CENTRO-OESTE,BRUNO COSTA,TELEVENDAS,EM ANÁLISE
PED-09255,,MONITOR,301,,0.09,SUL,DIEGO LIMA,TELEVENDAS,CANCELADO
PED-08969,2024-10-26,IMPRESSORA,305,11377.17,0.0,SUDESTE,BRUNO COSTA,LOJA FÍSICA,CANCELADO
PED-09560,,NOTEBOOK,466,14123.0,0.0,NORTE,ELENA SOUZA,ONLINE,PENDENTE
PED-06891,2023-11-11,HEADSET,422,12608.62,0.36,SUL,CARLA MENDES,LOJA FÍSICA,CONCLUÍDO
PED-06346,2024-11-07,MONITOR,,,0.11199999999999999,SUDESTE,BRUNO COSTA,LOJA FÍSICA,EM ANÁLISE
PED-05077,2024-10-14,SMARTPHONE,64,,0.0,NORDESTE,CARLA MENDES,ONLINE,EM ANÁLISE
PED-09539,2023-10-26,TABLET,462,,0.0,SUDESTE,ELENA SOUZA,LOJA FÍSICA,PENDENTE
PED-05153,2024-05-12,TECLADO,,11188.82,0.337,NORTE,CARLA MENDES,LOJA FÍSICA,CONCLUÍDO
PED-04295,2023-02-28,MONITOR,,,0.0,NORDESTE,CARLA MENDES,TELEVENDAS,CONCLUÍDO
PED-01397,,SMARTPHONE,,4570.09,1.0,SUL,ANA SILVA,TELEVENDAS,EM ANÁLISE
PED-09968,2023-08-23,IMPRESSORA,408,6000.88,0.23,NORTE,CARLA MENDES,ONLINE,EM ANÁLISE
PED-04781,,MONITOR,29,,0.045,NORDESTE,BRUNO COSTA,REVENDEDOR,EM ANÁLISE
PED-09360,2022-12-20,TECLADO,254,10918.16,0.0,CENTRO-OESTE,ANA SILVA,TELEVENDAS,PENDENTE
PED-05910,2022-07-26,HD EXTERNO,115,1373.61,0.0,NORDESTE,CARLA MENDES,LOJA FÍSICA,EM ANÁLISE
PED-08688,2022-06-20,TABLET,,7902.51,0.258,NORDESTE,ELENA SOUZA,REVENDEDOR,PENDENTE
PED-04732,2023-03-16,SMARTPHONE,,10729.55,0.0,SUL,BRUNO COSTA,TELEVENDAS,EM ANÁLISE
PED-22620,,MONITOR,462,3917.79,0.385,SUDESTE,CARLA MENDES,ONLINE,PENDENTE
PED-06359,2022-06-21,NOTEBOOK,323,,0.0,SUL,ANA SILVA,TELEVENDAS,CANCELADO
PED-70792,2024-04-07,NOTEBOOK,109,14100.73,0.0,CENTRO-OESTE,ANA SILVA,ONLINE,PENDENTE
PED-62169,2022-11-15,HD EXTERNO,492,8637.2,0.0,NORTE,BRUNO COSTA,ONLINE,CANCELADO
PED-05371,2022-02-26,MOUSE,,,0.0,NORTE,BRUNO COSTA,LOJA FÍSICA,PENDENTE
PED-07923,,NOTEBOOK,197,,1.0,NORTE,CARLA MENDES,LOJA FÍSICA,CANCELADO
PED-02176,2023-07-03,WEBCAM,491,,0.0,NORTE,ANA SILVA,TELEVENDAS,CONCLUÍDO
PED-03888,,TABLET,999999,6879.76,0.325,SUL,ELENA SOUZA,REVENDEDOR,EM ANÁLISE
PED-09858,2023-06-21,NOTEBOOK,,9456.42,0.0,SUL,ELENA SOUZA,LOJA FÍSICA,CONCLUÍDO
PED-00219,2022-02-26,HEADSET,,,0.0,NORTE,CARLA MENDES,ONLINE,CANCELADO
PED-05155,,MOUSE,495,12847.75,1.0,CENTRO-OESTE,BRUNO COSTA,TELEVENDAS,CONCLUÍDO
PED-05637,2024-07-10,HD EXTERNO,304,,0.0,CENTRO-OESTE,CARLA MENDES,TELEVENDAS,EM ANÁLISE
PED-09557,,IMPRESSORA,141,726.77,0.345,NORTE,BRUNO COSTA,TELEVENDAS,CONCLUÍDO
PED-05942,2024-08-02,IMPRESSORA,999999,377.69,0.027999999999999997,SUL,ELENA SOUZA,ONLINE,CONCLUÍDO
PED-07363,2023-02-21,SMARTPHONE,247,11954.0,0.0,NORTE,CARLA MENDES,LOJA FÍSICA,PENDENTE
PED-06528,,SMARTPHONE,440,4778.75,0.307,SUL,NAN,TELEVENDAS,CONCLUÍDO
PED-02521,2024-07-07,WEBCAM,,,0.09,NORTE,DIEGO LIMA,LOJA FÍSICA,CANCELADO
PED-09083,2024-12-01,HEADSET,,2074.0,0.0,SUL,ANA SILVA,ONLINE,CONCLUÍDO
PED-03413,,HD EXTERNO,,12725.0,0.374,SUDESTE,DIEGO LIMA,LOJA FÍSICA,CONCLUÍDO
PED-08028,,HEADSET,443,51.58,0.0,NORTE,DIEGO LIMA,REVENDEDOR,CANCELADO
PED-08677,2023-11-19,TABLET,329,451.24,0.35200000000000004,NORTE,CARLA MENDES,ONLINE,CANCELADO
PED-05520,,HEADSET,113,3458.35,0.428,NORTE,CARLA MENDES,REVENDEDOR,CONCLUÍDO
PED-02714,,SMARTPHONE,383,13165.0,0.107,CENTRO-OESTE,ELENA SOUZA,ONLINE,PENDENTE
PED-03018,2024-10-16,MONITOR,,6902.0,0.0,NORDESTE,ELENA SOUZA,REVENDEDOR,PENDENTE
PED-00137,2022-02-03,TABLET,194,2297.0,0.0,NORTE,ELENA SOUZA,TELEVENDAS,CONCLUÍDO
PED-06683,2022-11-09,NOTEBOOK,,,0.11,SUL,ELENA SOUZA,LOJA FÍSICA,CONCLUÍDO
PED-03891,2024-08-05,IMPRESSORA,345,,0.0,SUL,ANA SILVA,LOJA FÍSICA,PENDENTE
PED-02456,2023-06-15,IMPRESSORA,93,6287.36,0.086,SUL,ELENA SOUZA,ONLINE,EM ANÁLISE
PED-04612,2022-12-04,WEBCAM,,9891.55,0.284,SUL,ANA SILVA,TELEVENDAS,CONCLUÍDO
PED-05806,2024-05-09,IMPRESSORA,,,0.0,NORTE,CARLA MENDES,TELEVENDAS,CONCLUÍDO
PED-08212,2023-02-19,TECLADO,193,973.86,0.0,SUDESTE,ELENA SOUZA,REVENDEDOR,EM ANÁLISE
PED-04361,2023-11-09,HEADSET,,12158.48,0.0,CENTRO-OESTE,DIEGO LIMA,TELEVENDAS,CONCLUÍDO
PED-04176,,MONITOR,,,0.405,SUL,CARLA MENDES,TELEVENDAS,EM ANÁLISE
PED-08713,2022-11-09,TECLADO,271,8546.38,0.0,NORDESTE,CARLA MENDES,TELEVENDAS,PENDENTE
PED-08402,2024-05-01,MONITOR,,10241.0,0.0,SUDESTE,ANA SILVA,LOJA FÍSICA,PENDENTE
PED-02756,,HEADSET,,,1.0,SUL,DIEGO LIMA,REVENDEDOR,PENDENTE
PED-04864,2023-11-03,WEBCAM,465,,0.096,SUDESTE,CARLA MENDES,LOJA FÍSICA,CONCLUÍDO
PED-02452,,HEADSET,,5155.0,0.275,SUL,ELENA SOUZA,TELEVENDAS,EM ANÁLISE
PED-06903,,MONITOR,113,12393.23,0.11,NORDESTE,DIEGO LIMA,ONLINE,CONCLUÍDO
PED-06057,2022-06-22,NOTEBOOK,999999,5897.28,0.161,SUL,CARLA MENDES,REVENDEDOR,CONCLUÍDO
PED-09621,2024-12-03,MOUSE,,,0.0,NORTE,CARLA MENDES,ONLINE,EM ANÁLISE
PED-03220,2024-02-26,WEBCAM,999999,,0.0,NORTE,DIEGO LIMA,ONLINE,CANCELADO
PED-01332,,TABLET,357,6955.46,0.314,NORTE,CARLA MENDES,LOJA FÍSICA,CONCLUÍDO
PED-02610,2023-08-05,WEBCAM,375,14469.07,0.0,NORDESTE,BRUNO COSTA,REVENDEDOR,CANCELADO
PED-05023,2023-06-19,MOUSE,264,,0.0,SUDESTE,DIEGO LIMA,LOJA FÍSICA,CONCLUÍDO
PED-07630,2023-05-27,SMARTPHONE,43,111.5,1.0,CENTRO-OESTE,CARLA MENDES,REVENDEDOR,CONCLUÍDO
PED-02687,2023-07-03,TABLET,,12592.0,1.0,NORDESTE,BRUNO COSTA,REVENDEDOR,CONCLUÍDO
PED-01146,,HD EXTERNO,364,,0.0,SUDESTE,ANA SILVA,ONLINE,PENDENTE
PED-04224,2024-07-26,TECLADO,148,10997.0,0.275,NORTE,DIEGO LIMA,ONLINE,PENDENTE
PED-09058,2022-12-11,SMARTPHONE,999999,8730.42,0.426,NORTE,ANA SILVA,TELEVENDAS,CONCLUÍDO
PED-04967,2024-05-08,HEADSET,338,702.98,1.0,SUL,BRUNO COSTA,LOJA FÍSICA,PENDENTE
PED-01221,2022-02-01,NOTEBOOK,144,,0.21,NORTE,ELENA SOUZA,ONLINE,PENDENTE
PED-08774,2023-11-12,MOUSE,999999,,0.11800000000000001,NORTE,ELENA SOUZA,LOJA FÍSICA,CONCLUÍDO
PED-04255,2023-07-23,HEADSET,,,0.0,NORTE,ELENA SOUZA,LOJA FÍSICA,PENDENTE
PED-03881,,MONITOR,224,,0.15,NORTE,CARLA MENDES,REVENDEDOR,PENDENTE
PED-06587,2023-12-15,TECLADO,183,,0.0,SUL,DIEGO LIMA,REVENDEDOR,CANCELADO
PED-79266,,MONITOR,,11525.0,1.0,NORTE,NAN,LOJA FÍSICA,EM ANÁLISE
PED-05846,2023-05-03,TECLADO,190,11335.84,0.20800000000000002,SUL,CARLA MENDES,ONLINE,PENDENTE
PED-09713,,WEBCAM,,,0.0,SUL,CARLA MENDES,REVENDEDOR,CONCLUÍDO
PED-00319,2023-10-01,MOUSE,,2497.94,0.0,SUDESTE,DIEGO LIMA,ONLINE,PENDENTE
PED-00372,2022-04-02,NOTEBOOK,117,11265.65,1.0,NORTE,DIEGO LIMA,ONLINE,PENDENTE
PED-00330,2023-07-25,NOTEBOOK,16,9677.0,0.0,NORDESTE,CARLA MENDES,ONLINE,PENDENTE
PED-08484,,HEADSET,318,,1.0,NORTE,BRUNO COSTA,LOJA FÍSICA,CONCLUÍDO
PED-03289,,WEBCAM,,8515.92,0.431,NORTE,DIEGO LIMA,LOJA FÍSICA,CONCLUÍDO
PED-04171,2022-07-27,MONITOR,394,,0.03,SUL,DIEGO LIMA,ONLINE,CONCLUÍDO
PED-59384,2022-08-08,TABLET,,,0.29,SUL,BRUNO COSTA,TELEVENDAS,EM ANÁLISE
PED-01631,2023-04-25,HD EXTERNO,999999,14779.82,0.0,SUDESTE,BRUNO COSTA,LOJA FÍSICA,EM ANÁLISE
PED-01182,2022-09-20,MONITOR,999999,,0.418,SUDESTE,ANA SILVA,ONLINE,PENDENTE
PED-06185,2023-12-17,MOUSE,,,0.0,CENTRO-OESTE,DIEGO LIMA,LOJA FÍSICA,CONCLUÍDO
PED-02996,2024-07-05,TECLADO,,,0.342,CENTRO-OESTE,CARLA MENDES,ONLINE,CONCLUÍDO
PED-07692,,TECLADO,,7008.02,0.05,SUL,CARLA MENDES,REVENDEDOR,PENDENTE
PED-09321,2022-06-28,MONITOR,,,0.359,SUDESTE,CARLA MENDES,ONLINE,CONCLUÍDO
PED-02778,2023-02-28,MONITOR,,,0.0,SUL,BRUNO COSTA,REVENDEDOR,CANCELADO
PED-08084,,SMARTPHONE,426,,1.0,NORDESTE,DIEGO LIMA,ONLINE,CONCLUÍDO
PED-08910,,MONITOR,,13077.38,0.0,SUL,CARLA MENDES,REVENDEDOR,CONCLUÍDO
PED-03058,2023-01-11,WEBCAM,176,2948.06,0.282,SUDESTE,DIEGO LIMA,LOJA FÍSICA,PENDENTE
PED-03227,2022-04-05,NOTEBOOK,395,,0.0,NORDESTE,CARLA MENDES,LOJA FÍSICA,EM ANÁLISE
PED-00793,2023-11-27,TECLADO,305,5712.34,0.0,SUDESTE,DIEGO LIMA,TELEVENDAS,EM ANÁLISE
PED-07988,,HEADSET,146,,0.0,CENTRO-OESTE,ANA SILVA,LOJA FÍSICA,EM ANÁLISE
PED-75219,2024-07-22,IMPRESSORA,376,,0.218,SUDESTE,ELENA SOUZA,LOJA FÍSICA,PENDENTE
PED-00974,2022-10-19,HD EXTERNO,73,,0.0,SUL,ANA SILVA,ONLINE,EM ANÁLISE
PED-05006,2023-08-02,TECLADO,,10614.07,0.327,NORTE,ELENA SOUZA,TELEVENDAS,CANCELADO
PED-09163,2024-07-22,IMPRESSORA,238,,0.5,CENTRO-OESTE,CARLA MENDES,ONLINE,EM ANÁLISE
PED-08705,2024-08-09,TABLET,251,422.47,1.0,SUDESTE,CARLA MENDES,TELEVENDAS,EM ANÁLISE
PED-06761,2023-02-28,TECLADO,,,0.0,NORDESTE,BRUNO COSTA,TELEVENDAS,CANCELADO
PED-02292,,MONITOR,97,2400.75,0.047,NORTE,DIEGO LIMA,LOJA FÍSICA,EM ANÁLISE
PED-57136,,NOTEBOOK,406,5178.15,0.165,NORTE,DIEGO LIMA,ONLINE,CANCELADO
PED-06262,,SMARTPHONE,105,,0.394,CENTRO-OESTE,ANA SILVA,ONLINE,CANCELADO
PED-03690,,IMPRESSORA,,,0.22,NORTE,BRUNO COSTA,REVENDEDOR,PENDENTE
PED-09971,2024-03-09,TECLADO,110,,1.0,SUL,DIEGO LIMA,ONLINE,EM ANÁLISE
PED-09587,,SMARTPHONE,,,0.075,NORTE,BRUNO COSTA,REVENDEDOR,PENDENTE
PED-00603,,HD EXTERNO,,,0.0,SUL,CARLA MENDES,TELEVENDAS,PENDENTE
PED-02365,,TECLADO,,,0.17300000000000001,SUL,DIEGO LIMA,TELEVENDAS,CONCLUÍDO
PED-04533,2023-09-06,MONITOR,,11882.55,0.248,NORTE,DIEGO LIMA,REVENDEDOR,PENDENTE
PED-02970,,NOTEBOOK,999999,8458.37,0.40700000000000003,NORTE,ELENA SOUZA,REVENDEDOR,CONCLUÍDO
PED-01595,,MOUSE,444,10846.24,0.325,NORDESTE,BRUNO COSTA,TELEVENDAS,CONCLUÍDO
PED-04603,2023-10-12,TABLET,,1675.0,0.0,NORTE,CARLA MENDES,ONLINE,CANCELADO
PED-04672,2022-04-28,MOUSE,175,,0.0,SUDESTE,BRUNO COSTA,TELEVENDAS,CONCLUÍDO
PED-00420,2023-08-28,NOTEBOOK,,,0.32799999999999996,SUL,ANA SILVA,REVENDEDOR,PENDENTE
PED-03282,2024-03-11,IMPRESSORA,101,,0.057,SUL,ANA SILVA,REVENDEDOR,CONCLUÍDO
PED-00371,,HD EXTERNO,999999,12159.26,0.0,SUL,ANA SILVA,TELEVENDAS,EM ANÁLISE
PED-02998,,SMARTPHONE,,137.0,0.095,SUDESTE,BRUNO COSTA,ONLINE,EM ANÁLISE
PED-03304,2022-09-06,WEBCAM,169,,1.0,SUDESTE,DIEGO LIMA,ONLINE,EM ANÁLISE
PED-06258,2023-05-20,HD EXTERNO,59,,0.35,NORTE,CARLA MENDES,LOJA FÍSICA,CONCLUÍDO
PED-02997,2024-04-15,TECLADO,,4895.92,0.0,NORTE,BRUNO COSTA,ONLINE,CONCLUÍDO
PED-05960,2023-06-02,IMPRESSORA,,4296.23,0.124,SUL,BRUNO COSTA,LOJA FÍSICA,PENDENTE
PED-02167,2023-11-21,SMARTPHONE,,7770.26,0.243,CENTRO-OESTE,ELENA SOUZA,REVENDEDOR,CANCELADO
PED-07230,2024-04-22,TABLET,356,4930.0,0.0,NORTE,BRUNO COSTA,LOJA FÍSICA,PENDENTE
PED-06805,2023-10-14,HD EXTERNO,,1928.27,1.0,SUDESTE,ANA SILVA,ONLINE,PENDENTE
PED-03531,2023-09-03,TABLET,,,0.0,NORDESTE,BRUNO COSTA,TELEVENDAS,CANCELADO
PED-00881,2022-11-27,TABLET,,13111.0,0.0,SUDESTE,ELENA SOUZA,REVENDEDOR,PENDENTE
PED-06941,,IMPRESSORA,,2693.02,0.0,NORTE,CARLA MENDES,LOJA FÍSICA,EM ANÁLISE
PED-00067,2024-02-23,IMPRESSORA,245,,0.371,SUDESTE,CARLA MENDES,ONLINE,PENDENTE
PED-04397,2023-10-26,HD EXTERNO,999999,3677.0,0.207,SUL,CARLA MENDES,TELEVENDAS,CONCLUÍDO
PED-09905,2022-05-15,NOTEBOOK,246,,0.0,NORTE,BRUNO COSTA,ONLINE,CONCLUÍDO
PED-03856,2022-05-14,TABLET,,1230.73,0.389,SUL,ELENA SOUZA,ONLINE,EM ANÁLISE
PED-33360,2023-10-09,IMPRESSORA,331,,0.0,CENTRO-OESTE,ELENA SOUZA,REVENDEDOR,CANCELADO
PED-05360,,NOTEBOOK,,,0.0,SUL,BRUNO COSTA,LOJA FÍSICA,CONCLUÍDO
PED-06905,2022-06-04,IMPRESSORA,115,,0.0,NORDESTE,ELENA SOUZA,LOJA FÍSICA,CONCLUÍDO
PED-07229,2022-10-09,NOTEBOOK,405,,0.0,SUL,ELENA SOUZA,TELEVENDAS,PENDENTE
PED-04895,2023-09-19,NOTEBOOK,,,0.342,CENTRO-OESTE,BRUNO COSTA,LOJA FÍSICA,PENDENTE
PED-04055,2024-11-03,HD EXTERNO,203,,0.0,NORDESTE,ELENA SOUZA,ONLINE,PENDENTE
PED-02305,,HD EXTERNO,,12095.97,0.0,NORTE,BRUNO COSTA,ONLINE,PENDENTE
PED-08182,2024-01-01,HD EXTERNO,335,,0.0,SUL,BRUNO COSTA,REVENDEDOR,EM ANÁLISE
PED-00399,2024-07-22,IMPRESSORA,,7225.32,0.355,NORDESTE,ELENA SOUZA,LOJA FÍSICA,EM ANÁLISE
PED-02891,,MONITOR,9,,0.14,SUL,DIEGO LIMA,LOJA FÍSICA,EM ANÁLISE
PED-04779,2022-10-05,MOUSE,,,0.0,NORDESTE,ELENA SOUZA,LOJA FÍSICA,CANCELADO
PED-01763,,SMARTPHONE,,,0.0,NORTE,ANA SILVA,LOJA FÍSICA,EM ANÁLISE
PED-01973,,TECLADO,157,13715.87,0.469,NORTE,DIEGO LIMA,REVENDEDOR,CANCELADO
PED-07920,2024-03-27,MONITOR,390,14535.0,1.0,SUL,CARLA MENDES,LOJA FÍSICA,PENDENTE
PED-03746,,MONITOR,29,,0.0,SUL,DIEGO LIMA,LOJA FÍSICA,EM ANÁLISE
PED-04141,2023-01-18,SMARTPHONE,374,11843.23,0.39,CENTRO-OESTE,BRUNO COSTA,TELEVENDAS,EM ANÁLISE
PED-03222,2023-12-17,WEBCAM,374,,0.0,SUL,ANA SILVA,TELEVENDAS,CANCELADO
PED-07744,2024-03-09,WEBCAM,43,10611.26,0.14300000000000002,CENTRO-OESTE,DIEGO LIMA,REVENDEDOR,CONCLUÍDO
PED-00949,,HD EXTERNO,459,9403.61,0.0,NORDESTE,CARLA MENDES,ONLINE,EM ANÁLISE
PED-00190,2023-12-22,TECLADO,226,13055.15,0.0,NORDESTE,ELENA SOUZA,LOJA FÍSICA,PENDENTE
PED-04075,,HEADSET,,,0.0,SUL,ANA SILVA,ONLINE,PENDENTE
PED-08511,2022-05-01,IMPRESSORA,72,1274.33,0.09,SUDESTE,BRUNO COSTA,LOJA FÍSICA,CONCLUÍDO
PED-07202,2022-07-01,SMARTPHONE,,5290.43,0.0,SUL,BRUNO COSTA,REVENDEDOR,CONCLUÍDO
PED-04086,,TECLADO,,,0.0,SUL,ANA SILVA,LOJA FÍSICA,CONCLUÍDO
PED-09184,2023-02-15,TABLET,66,,0.0,NORTE,ELENA SOUZA,TELEVENDAS,CONCLUÍDO
PED-04217,,TABLET,17,,0.0,NORTE,CARLA MENDES,LOJA FÍSICA,EM ANÁLISE
PED-08159,2022-03-22,TABLET,,,0.0,NORTE,BRUNO COSTA,REVENDEDOR,PENDENTE
PED-04082,,MOUSE,999999,,0.097,SUL,DIEGO LIMA,LOJA FÍSICA,EM ANÁLISE
PED-01306,2023-05-21,SMARTPHONE,277,2921.7,0.0,SUL,BRUNO COSTA,REVENDEDOR,PENDENTE
PED-06252,2024-05-19,TECLADO,436,1326.0,0.254,CENTRO-OESTE,ANA SILVA,ONLINE,EM ANÁLISE
PED-01556,2024-04-06,IMPRESSORA,,,0.0,SUL,ANA SILVA,ONLINE,PENDENTE
PED-70916,2022-10-19,HD EXTERNO,397,4680.44,0.2,NORDESTE,BRUNO COSTA,ONLINE,CANCELADO
PED-05908,,MOUSE,493,,0.475,NORTE,BRUNO COSTA,REVENDEDOR,EM ANÁLISE
PED-04733,2022-04-09,NOTEBOOK,,,0.0,SUL,ELENA SOUZA,REVENDEDOR,PENDENTE
PED-07650,,WEBCAM,,,0.0,CENTRO-OESTE,ELENA SOUZA,TELEVENDAS,CONCLUÍDO
PED-09884,,MONITOR,,6143.85,0.325,NORTE,BRUNO COSTA,LOJA FÍSICA,CONCLUÍDO
PED-06665,2023-10-10,NOTEBOOK,357,14172.96,0.33,SUL,ELENA SOUZA,TELEVENDAS,EM ANÁLISE
PED-01309,2023-09-06,MOUSE,,,0.0,NORTE,ANA SILVA,ONLINE,CANCELADO
PED-08467,2024-11-24,IMPRESSORA,216,,0.0,NORTE,DIEGO LIMA,LOJA FÍSICA,EM ANÁLISE
PED-08247,2024-06-09,IMPRESSORA,1,,0.474,SUDESTE,CARLA MENDES,LOJA FÍSICA,CONCLUÍDO
PED-09747,,MOUSE,247,14346.25,1.0,SUL,DIEGO LIMA,TELEVENDAS,CANCELADO
PED-02034,,NOTEBOOK,,,0.063,SUL,DIEGO LIMA,TELEVENDAS,CONCLUÍDO
PED-03426,2024-04-01,TABLET,,13459.0,0.2,SUL,BRUNO COSTA,LOJA FÍSICA,CANCELADO
PED-05042,2023-11-28,SMARTPHONE,414,7837.61,0.0,NORDESTE,ANA SILVA,LOJA FÍSICA,PENDENTE
PED-07080,2023-07-20,WEBCAM,,,0.462,SUDESTE,BRUNO COSTA,TELEVENDAS,CONCLUÍDO
PED-03147,2022-12-11,TABLET,209,,0.0,SUL,DIEGO LIMA,REVENDEDOR,PENDENTE
PED-09788,2022-10-18,MONITOR,,13618.81,0.14,SUDESTE,DIEGO LIMA,TELEVENDAS,CONCLUÍDO
PED-02378,2023-04-06,TECLADO,,13973.6,0.0,NORTE,ANA SILVA,ONLINE,CONCLUÍDO
PED-00415,,IMPRESSORA,999999,8181.71,0.0,SUDESTE,ELENA SOUZA,ONLINE,PENDENTE
PED-00794,2022-10-16,SMARTPHONE,,,0.36,NORTE,ANA SILVA,TELEVENDAS,PENDENTE
PED-01155,2022-08-11,SMARTPHONE,,4430.5,1.0,NORTE,ELENA SOUZA,REVENDEDOR,PENDENTE
PED-02031,2023-03-22,MOUSE,288,13357.71,0.36,SUDESTE,ELENA SOUZA,LOJA FÍSICA,CANCELADO
PED-09178,2022-05-08,TECLADO,295,3400.59,0.0,NORTE,CARLA MENDES,REVENDEDOR,CONCLUÍDO
PED-02192,2024-03-04,NAN,,,0.0,NORDESTE,BRUNO COSTA,ONLINE,CONCLUÍDO
PED-01004,,WEBCAM,,7631.43,0.0,CENTRO-OESTE,CARLA MENDES,ONLINE,CONCLUÍDO
PED-03822,,MONITOR,294,,0.0,SUDESTE,DIEGO LIMA,LOJA FÍSICA,CONCLUÍDO
PED-01981,,WEBCAM,493,,0.0,CENTRO-OESTE,CARLA MENDES,REVENDEDOR,CONCLUÍDO
PED-02615,2022-04-12,NOTEBOOK,45,1306.01,0.491,SUL,CARLA MENDES,REVENDEDOR,CANCELADO
PED-01740,2022-07-23,SMARTPHONE,,4175.84,0.015,NORDESTE,BRUNO COSTA,LOJA FÍSICA,CANCELADO
PED-08864,2024-06-25,HD EXTERNO,,,0.419,NORTE,ELENA SOUZA,TELEVENDAS,CANCELADO
PED-02143,2024-09-02,MONITOR,,14154.0,0.2,CENTRO-OESTE,DIEGO LIMA,REVENDEDOR,PENDENTE
PED-08770,2024-03-20,HEADSET,333,11294.92,0.0,SUDESTE,BRUNO COSTA,LOJA FÍSICA,PENDENTE
PED-05659,,SMARTPHONE,999999,256.41,0.24,SUL,CARLA MENDES,ONLINE,CANCELADO
PED-05232,2022-09-13,MONITOR,,,0.4,SUL,CARLA MENDES,REVENDEDOR,EM ANÁLISE
PED-05122,,IMPRESSORA,999999,,0.187,NORDESTE,ELENA SOUZA,ONLINE,CONCLUÍDO
PED-02354,2023-12-06,TECLADO,292,,0.0,NORDESTE,ELENA SOUZA,REVENDEDOR,CONCLUÍDO
PED-09870,,TECLADO,,8616.08,0.0,SUDESTE,CARLA MENDES,ONLINE,EM ANÁLISE
PED-03343,2022-07-25,TECLADO,189,14292.17,0.0,NORTE,ANA SILVA,REVENDEDOR,PENDENTE
PED-07610,,MONITOR,,575.39,0.09300000000000001,SUL,BRUNO COSTA,ONLINE,PENDENTE
PED-09262,,MONITOR,,14748.53,0.0,CENTRO-OESTE,CARLA MENDES,ONLINE,PENDENTE
PED-06810,2022-09-02,MONITOR,311,,0.2,CENTRO-OESTE,CARLA MENDES,ONLINE,CANCELADO
PED-07203,2023-09-05,MOUSE,,,0.47,CENTRO-OESTE,BRUNO COSTA,TELEVENDAS,CONCLUÍDO
PED-02590,2023-03-25,HEADSET,,,0.24,NORTE,ELENA SOUZA,LOJA FÍSICA,CONCLUÍDO
PED-00982,,HD EXTERNO,999999,,0.0,NORTE,DIEGO LIMA,TELEVENDAS,PENDENTE
PED-01196,2023-06-28,WEBCAM,,,0.022000000000000002,SUL,CARLA MENDES,TELEVENDAS,PENDENTE
PED-08771,2022-02-12,SMARTPHONE,65,,0.08900000000000001,NORTE,ELENA SOUZA,ONLINE,CANCELADO
PED-04874,2022-11-15,MOUSE,357,,0.43200000000000005,NORDESTE,DIEGO LIMA,LOJA FÍSICA,EM ANÁLISE
PED-09531,2022-05-25,MONITOR,433,10630.16,0.0,SUDESTE,ELENA SOUZA,ONLINE,CONCLUÍDO
PED-09997,2023-08-16,NOTEBOOK,372,,0.431,NORTE,ANA SILVA,TELEVENDAS,EM ANÁLISE
PED-07913,,TABLET,999999,,0.317,SUDESTE,ANA SILVA,ONLINE,PENDENTE
PED-08962,2024-11-14,TECLADO,999999,14987.26,0.261,SUDESTE,DIEGO LIMA,ONLINE,CONCLUÍDO
PED-04746,2024-08-03,TECLADO,166,10171.43,0.0,SUL,BRUNO COSTA,LOJA FÍSICA,CONCLUÍDO
PED-08160,,MOUSE,101,,0.0,SUL,ELENA SOUZA,LOJA FÍSICA,CONCLUÍDO
PED-00497,2023-01-17,MONITOR,88,7203.99,0.13699999999999998,NORTE,ANA SILVA,REVENDEDOR,CONCLUÍDO
PED-08415,,NOTEBOOK,308,11503.0,0.04,SUL,DIEGO LIMA,LOJA FÍSICA,EM ANÁLISE
PED-03454,,NOTEBOOK,,9193.72,0.0,NORTE,BRUNO COSTA,TELEVENDAS,CONCLUÍDO
PED-04337,2024-02-26,HEADSET,999999,1459.73,0.07,SUL,ELENA SOUZA,TELEVENDAS,PENDENTE
PED-02426,2024-03-21,TABLET,,4963.68,0.387,NORTE,DIEGO LIMA,REVENDEDOR,CONCLUÍDO
PED-09202,2024-10-13,HEADSET,999999,9861.18,0.286,SUL,ELENA SOUZA,ONLINE,PENDENTE
PED-00465,2023-12-24,TECLADO,,8970.27,0.121,NORDESTE,ELENA SOUZA,LOJA FÍSICA,CONCLUÍDO
PED-00675,,MONITOR,,,0.0,NORTE,ANA SILVA,REVENDEDOR,PENDENTE
PED-05532,2023-11-05,MONITOR,195,10426.53,0.0,CENTRO-OESTE,CARLA MENDES,REVENDEDOR,PENDENTE
PED-02805,,HEADSET,,5479.0,0.34,NORTE,BRUNO COSTA,TELEVENDAS,PENDENTE
PED-02527,2022-03-05,NOTEBOOK,392,7291.84,0.177,NORTE,BRUNO COSTA,TELEVENDAS,CONCLUÍDO
PED-02763,2024-11-07,IMPRESSORA,,,0.0,SUDESTE,BRUNO COSTA,TELEVENDAS,CONCLUÍDO
PED-09511,2023-05-22,TECLADO,48,,0.0,NORTE,ELENA SOUZA,LOJA FÍSICA,CONCLUÍDO
PED-77873,,TECLADO,198,,0.359,SUL,CARLA MENDES,LOJA FÍSICA,EM ANÁLISE
PED-02051,2022-04-17,NOTEBOOK,425,12009.0,0.02,NORDESTE,ELENA SOUZA,TELEVENDAS,CANCELADO
PED-04497,,TABLET,,4118.99,1.0,SUL,CARLA MENDES,ONLINE,PENDENTE
PED-03217,2022-12-14,WEBCAM,421,10003.99,0.371,NORTE,ELENA SOUZA,REVENDEDOR,CONCLUÍDO
PED-04106,2024-11-07,TECLADO,,,0.336,SUL,DIEGO LIMA,TELEVENDAS,CANCELADO
PED-01293,2024-11-05,HEADSET,,14345.79,0.34299999999999997,NORTE,ELENA SOUZA,ONLINE,EM ANÁLISE
PED-04654,,HEADSET,999999,,1.0,SUDESTE,ELENA SOUZA,REVENDEDOR,CONCLUÍDO
PED-49328,2022-09-24,TECLADO,76,,0.28800000000000003,CENTRO-OESTE,ANA SILVA,LOJA FÍSICA,EM ANÁLISE
PED-03695,,SMARTPHONE,,,0.34700000000000003,SUL,BRUNO COSTA,TELEVENDAS,CONCLUÍDO
PED-05287,,SMARTPHONE,,,1.0,NORDESTE,ELENA SOUZA,LOJA FÍSICA,CONCLUÍDO
PED-02654,2022-05-23,MOUSE,,255.25,0.022,NORTE,DIEGO LIMA,TELEVENDAS,EM ANÁLISE
PED-09743,,NOTEBOOK,,1609.0,0.449,CENTRO-OESTE,BRUNO COSTA,ONLINE,PENDENTE
PED-09166,,WEBCAM,,,0.0,SUDESTE,ELENA SOUZA,ONLINE,CANCELADO
PED-02508,2024-04-21,SMARTPHONE,300,,0.461,NORTE,CARLA MENDES,ONLINE,EM ANÁLISE
PED-02035,2023-07-20,IMPRESSORA,,4580.97,0.3670000000000001,SUL,CARLA MENDES,REVENDEDOR,CANCELADO
PED-00908,,TABLET,8,6036.0,0.25,NORTE,ANA SILVA,REVENDEDOR,CANCELADO
PED-09720,2022-06-21,MOUSE,,,0.44,SUDESTE,DIEGO LIMA,LOJA FÍSICA,PENDENTE
PED-07089,2024-10-13,HD EXTERNO,2,1649.41,0.435,SUDESTE,BRUNO COSTA,ONLINE,EM ANÁLISE
PED-02115,2023-02-05,NOTEBOOK,96,14270.08,0.0,NORTE,CARLA MENDES,LOJA FÍSICA,PENDENTE
PED-02982,,TECLADO,214,,0.0,SUL,CARLA MENDES,REVENDEDOR,CONCLUÍDO
PED-02103,2024-10-19,MONITOR,381,2361.0,0.0,SUL,CARLA MENDES,TELEVENDAS,CANCELADO
PED-05645,,WEBCAM,,12312.53,0.152,NORDESTE,CARLA MENDES,LOJA FÍSICA,CANCELADO
PED-07633,2023-01-17,SMARTPHONE,259,6408.9,0.0,SUL,BRUNO COSTA,REVENDEDOR,CONCLUÍDO
PED-07373,2022-01-15,WEBCAM,,1895.17,0.0,NORTE,ANA SILVA,TELEVENDAS,EM ANÁLISE
PED-08593,2023-10-24,WEBCAM,999999,,0.0,NORTE,DIEGO LIMA,REVENDEDOR,PENDENTE
PED-05195,2022-12-13,MONITOR,,2760.22,0.132,NORTE,BRUNO COSTA,LOJA FÍSICA,PENDENTE
PED-59064,2022-07-17,TABLET,,8990.27,0.303,SUDESTE,CARLA MENDES,ONLINE,EM ANÁLISE
PED-01209,,NOTEBOOK,42,7388.92,0.48,NORTE,ELENA SOUZA,TELEVENDAS,PENDENTE
PED-06709,2024-09-10,TABLET,356,2509.04,0.15,NORDESTE,CARLA MENDES,LOJA FÍSICA,CANCELADO
PED-08749,,HD EXTERNO,,12443.9,0.5,SUDESTE,ANA SILVA,REVENDEDOR,CANCELADO
PED-07843,2022-02-27,HEADSET,126,,0.0,SUDESTE,BRUNO COSTA,LOJA FÍSICA,PENDENTE
PED-08854,,WEBCAM,999999,,0.0,SUDESTE,CARLA MENDES,LOJA FÍSICA,EM ANÁLISE
PED-09627,,NOTEBOOK,,,0.0,SUDESTE,CARLA MENDES,REVENDEDOR,CONCLUÍDO
PED-17152,2022-02-23,MONITOR,,,0.362,NORTE,DIEGO LIMA,TELEVENDAS,EM ANÁLISE
PED-01413,2022-11-17,MOUSE,,6920.29,1.0,SUL,CARLA MENDES,REVENDEDOR,CONCLUÍDO
PED-02127,2023-04-17,WEBCAM,,5642.37,0.0,SUDESTE,BRUNO COSTA,REVENDEDOR,EM ANÁLISE
PED-09412,2024-04-02,TECLADO,308,8634.49,0.0,SUL,DIEGO LIMA,LOJA FÍSICA,CANCELADO
PED-06045,2023-10-16,NOTEBOOK,52,,0.40399999999999997,CENTRO-OESTE,CARLA MENDES,REVENDEDOR,EM ANÁLISE
PED-09254,2023-09-23,HEADSET,,,0.3,SUL,ELENA SOUZA,ONLINE,CONCLUÍDO
PED-09347,2022-02-18,MONITOR,361,,0.0,NORDESTE,ANA SILVA,ONLINE,EM ANÁLISE
PED-08095,,HEADSET,999999,,0.0,CENTRO-OESTE,DIEGO LIMA,REVENDEDOR,PENDENTE
PED-09610,,IMPRESSORA,450,7236.44,0.32,CENTRO-OESTE,ELENA SOUZA,REVENDEDOR,CONCLUÍDO
PED-02276,2022-10-03,WEBCAM,140,7998.55,0.157,NORTE,ANA SILVA,ONLINE,PENDENTE
PED-03293,,WEBCAM,999999,,0.162,NORTE,BRUNO COSTA,REVENDEDOR,PENDENTE
PED-09481,,WEBCAM,420,6893.24,1.0,SUL,ANA SILVA,REVENDEDOR,CANCELADO
PED-09382,2023-07-01,TABLET,122,12646.99,0.0,SUL,ANA SILVA,LOJA FÍSICA,EM ANÁLISE
PED-05923,2022-03-22,HD EXTERNO,216,8237.6,0.0,SUL,CARLA MENDES,REVENDEDOR,CANCELADO
PED-02853,,IMPRESSORA,221,4476.67,1.0,SUL,ELENA SOUZA,LOJA FÍSICA,EM ANÁLISE
PED-02581,2024-02-15,TECLADO,392,11992.85,0.0,SUL,BRUNO COSTA,ONLINE,CONCLUÍDO
PED-88509,2023-03-23,MONITOR,,12736.17,0.203,SUDESTE,DIEGO LIMA,ONLINE,PENDENTE
PED-04758,2022-08-28,SMARTPHONE,,,0.0,SUL,ELENA SOUZA,TELEVENDAS,CONCLUÍDO
PED-01064,2024-09-18,TECLADO,,4339.93,1.0,SUL,ANA SILVA,TELEVENDAS,EM ANÁLISE
PED-05693,2022-09-11,IMPRESSORA,76,3774.14,0.0,SUDESTE,BRUNO COSTA,LOJA FÍSICA,CANCELADO
PED-05237,2022-01-14,MONITOR,,,0.0,NORTE,BRUNO COSTA,LOJA FÍSICA,CANCELADO
PED-01439,,IMPRESSORA,,776.26,0.0,NORTE,CARLA MENDES,LOJA FÍSICA,CONCLUÍDO
PED-07293,,SMARTPHONE,486,,0.0,NORTE,DIEGO LIMA,LOJA FÍSICA,PENDENTE
PED-02829,,HEADSET,,1418.32,0.0,SUDESTE,BRUNO COSTA,ONLINE,CANCELADO
PED-07407,2024-02-01,TECLADO,88,3839.9,0.358,NORTE,DIEGO LIMA,TELEVENDAS,PENDENTE
PED-09226,2023-04-04,TABLET,999999,,0.482,CENTRO-OESTE,ELENA SOUZA,LOJA FÍSICA,CANCELADO
PED-09403,2022-02-15,TABLET,999999,,0.0,NORTE,CARLA MENDES,LOJA FÍSICA,PENDENTE
PED-02010,2024-03-25,TABLET,328,,0.0,SUDESTE,CARLA MENDES,LOJA FÍSICA,CONCLUÍDO
PED-03280,2022-04-13,HEADSET,21,,0.099,SUL,ANA SILVA,ONLINE,PENDENTE
PED-08048,2022-04-18,HD EXTERNO,,,0.0,NORDESTE,CARLA MENDES,LOJA FÍSICA,CANCELADO
PED-04679,,HEADSET,388,14028.89,0.016,SUDESTE,ELENA SOUZA,TELEVENDAS,CANCELADO
PED-10364,2022-03-01,SMARTPHONE,,7244.42,0.0,NORTE,DIEGO LIMA,ONLINE,CANCELADO
PED-07312,2024-09-28,HEADSET,498,14348.0,0.04,SUDESTE,DIEGO LIMA,TELEVENDAS,CANCELADO
PED-04265,2024-01-05,TECLADO,436,,0.182,NORTE,BRUNO COSTA,LOJA FÍSICA,CANCELADO
PED-04289,,MOUSE,,2132.0,0.018000000000000002,CENTRO-OESTE,BRUNO COSTA,LOJA FÍSICA,PENDENTE
PED-01930,,MONITOR,,,0.316,SUL,ANA SILVA,TELEVENDAS,CANCELADO
PED-06341,2022-08-16,MONITOR,,,0.432,NORTE,ELENA SOUZA,REVENDEDOR,PENDENTE
PED-08177,2023-03-02,WEBCAM,,,0.0,SUDESTE,ANA SILVA,ONLINE,CONCLUÍDO
PED-03049,2023-01-23,HEADSET,14,,0.0,CENTRO-OESTE,ANA SILVA,LOJA FÍSICA,PENDENTE
PED-00425,2024-01-14,SMARTPHONE,,11818.66,0.0,SUDESTE,CARLA MENDES,REVENDEDOR,CANCELADO
PED-09088,2024-11-12,TECLADO,328,,0.038,SUL,CARLA MENDES,REVENDEDOR,CONCLUÍDO
PED-04090,2022-04-12,NOTEBOOK,359,,0.0,NORTE,BRUNO COSTA,ONLINE,PENDENTE
PED-04567,2022-07-23,MONITOR,,,0.49,CENTRO-OESTE,ELENA SOUZA,ONLINE,CANCELADO
PED-05151,2023-11-03,HEADSET,999999,2143.31,1.0,NORTE,CARLA MENDES,ONLINE,EM ANÁLISE
PED-06522,2022-05-27,TECLADO,,3500.73,0.0,NORDESTE,CARLA MENDES,LOJA FÍSICA,CONCLUÍDO
PED-62205,,TABLET,,,0.0,NORTE,BRUNO COSTA,ONLINE,CONCLUÍDO
PED-07685,2022-12-01,NOTEBOOK,999999,14340.86,0.405,NORDESTE,ANA SILVA,REVENDEDOR,EM ANÁLISE
PED-01260,2024-06-04,NOTEBOOK,,,0.19,SUDESTE,BRUNO COSTA,REVENDEDOR,PENDENTE
PED-07274,2022-11-05,MOUSE,999999,,0.3820000000000001,NORTE,BRUNO COSTA,TELEVENDAS,EM ANÁLISE
PED-06096,2024-07-15,IMPRESSORA,124,12294.85,0.494,SUDESTE,ELENA SOUZA,REVENDEDOR,EM ANÁLISE
PED-06078,2022-10-27,TABLET,498,,0.0,SUL,BRUNO COSTA,TELEVENDAS,EM ANÁLISE
PED-07372,2023-01-16,TECLADO,,2118.97,0.16399999999999998,NORTE,CARLA MENDES,TELEVENDAS,CANCELADO
PED-02514,2022-11-27,SMARTPHONE,489,,0.442,NORTE,ANA SILVA,LOJA FÍSICA,CANCELADO
PED-00531,,MONITOR,172,10623.65,1.0,SUDESTE,ANA SILVA,TELEVENDAS,EM ANÁLISE
PED-06273,2023-06-08,MOUSE,,10716.1,0.0,NORTE,BRUNO COSTA,REVENDEDOR,PENDENTE
PED-05934,,MONITOR,999999,,0.0,CENTRO-OESTE,ANA SILVA,REVENDEDOR,PENDENTE
PED-06002,2022-11-17,WEBCAM,405,,0.0,SUL,ANA SILVA,ONLINE,CANCELADO
PED-03867,2023-05-07,WEBCAM,324,11530.56,0.32,SUDESTE,DIEGO LIMA,ONLINE,CONCLUÍDO
PED-01102,2024-02-19,HEADSET,72,,0.301,SUL,ELENA SOUZA,LOJA FÍSICA,CANCELADO
PED-09035,2024-01-23,HEADSET,469,,0.0,SUDESTE,DIEGO LIMA,ONLINE,CONCLUÍDO
PED-00571,2022-10-09,HD EXTERNO,,2835.51,0.384,NORDESTE,DIEGO LIMA,ONLINE,PENDENTE
PED-09671,,NOTEBOOK,381,1610.68,0.42,SUL,CARLA MENDES,TELEVENDAS,CANCELADO
PED-02340,2023-02-06,TABLET,123,1234.59,0.41200000000000003,SUL,DIEGO LIMA,REVENDEDOR,EM ANÁLISE
PED-08801,,MOUSE,243,,0.495,SUL,CARLA MENDES,LOJA FÍSICA,EM ANÁLISE
PED-09885,2022-11-04,IMPRESSORA,999999,,0.0,SUL,BRUNO COSTA,REVENDEDOR,CONCLUÍDO
PED-02718,2023-06-01,TABLET,247,10473.22,0.063,NORTE,CARLA MENDES,LOJA FÍSICA,EM ANÁLISE
PED-06656,2022-10-09,IMPRESSORA,356,2107.22,0.237,NORTE,CARLA MENDES,LOJA FÍSICA,CONCLUÍDO
PED-09197,2023-09-23,HD EXTERNO,,,0.273,SUDESTE,ANA SILVA,ONLINE,CANCELADO
PED-00940,2023-12-10,IMPRESSORA,178,10744.76,0.22899999999999998,SUDESTE,DIEGO LIMA,TELEVENDAS,EM ANÁLISE
PED-04499,2022-02-17,NOTEBOOK,,3003.32,0.0,SUL,DIEGO LIMA,LOJA FÍSICA,CONCLUÍDO
PED-07127,2024-10-01,SMARTPHONE,416,6755.0,0.4,NORDESTE,DIEGO LIMA,ONLINE,EM ANÁLISE
PED-09592,2022-01-03,MOUSE,101,,0.0,SUDESTE,BRUNO COSTA,ONLINE,PENDENTE
PED-08656,2023-06-04,MONITOR,420,,0.493,CENTRO-OESTE,BRUNO COSTA,REVENDEDOR,CONCLUÍDO
PED-07326,2024-09-20,TABLET,500,8152.44,0.0,NORTE,ELENA SOUZA,ONLINE,PENDENTE
PED-05760,2023-12-01,IMPRESSORA,,6475.21,0.45,SUDESTE,ELENA SOUZA,LOJA FÍSICA,PENDENTE
PED-00468,2022-08-25,TABLET,,11140.0,0.0,SUDESTE,BRUNO COSTA,LOJA FÍSICA,CONCLUÍDO
PED-02731,2022-11-08,TECLADO,340,6856.75,0.0,SUL,ELENA SOUZA,LOJA FÍSICA,PENDENTE
PED-06982,,SMARTPHONE,465,4592.6,0.0,NORTE,ANA SILVA,TELEVENDAS,EM ANÁLISE
PED-09470,2023-08-21,HEADSET,419,,1.0,NORDESTE,ANA SILVA,ONLINE,CANCELADO
PED-05022,2022-05-13,MONITOR,264,5614.81,0.45,SUL,ELENA SOUZA,TELEVENDAS,CONCLUÍDO
PED-01475,2023-11-06,TECLADO,,,0.0,NORDESTE,DIEGO LIMA,LOJA FÍSICA,CONCLUÍDO
PED-05373,2024-11-17,MONITOR,479,,0.198,CENTRO-OESTE,BRUNO COSTA,ONLINE,EM ANÁLISE
PED-01312,,MONITOR,,2570.15,0.0,SUDESTE,ANA SILVA,LOJA FÍSICA,PENDENTE
PED-09818,,MOUSE,147,116.35,1.0,CENTRO-OESTE,DIEGO LIMA,LOJA FÍSICA,CANCELADO
PED-05263,2024-08-26,MONITOR,999999,,0.0,NORTE,ANA SILVA,LOJA FÍSICA,EM ANÁLISE
PED-04814,2022-03-01,TECLADO,,6781.53,0.287,NORDESTE,BRUNO COSTA,LOJA FÍSICA,PENDENTE
PED-02957,2024-08-03,SMARTPHONE,5,2942.45,0.07,SUL,DIEGO LIMA,LOJA FÍSICA,PENDENTE
PED-08665,2022-07-26,WEBCAM,,,0.0,SUDESTE,ELENA SOUZA,TELEVENDAS,PENDENTE
PED-08984,,HD EXTERNO,,,0.0,NORTE,ELENA SOUZA,LOJA FÍSICA,PENDENTE
PED-06956,2023-02-09,SMARTPHONE,,1527.7,0.0,NORTE,BRUNO COSTA,REVENDEDOR,CONCLUÍDO
PED-01354,,MOUSE,243,,0.0,SUL,BRUNO COSTA,TELEVENDAS,CANCELADO
PED-04370,,IMPRESSORA,999999,6473.0,0.4070000000000001,NORDESTE,ELENA SOUZA,REVENDEDOR,CONCLUÍDO
PED-09754,2023-07-06,MONITOR,,,0.272,NORTE,NAN,LOJA FÍSICA,CANCELADO
PED-08152,2023-06-19,TECLADO,115,7444.36,0.182,NORTE,CARLA MENDES,LOJA FÍSICA,CANCELADO
PED-08130,2023-01-18,NOTEBOOK,,,0.051,NORTE,ELENA SOUZA,TELEVENDAS,EM ANÁLISE
PED-56261,2022-03-21,TABLET,,,0.18600000000000003,SUL,BRUNO COSTA,TELEVENDAS,CONCLUÍDO
PED-05555,2022-07-24,SMARTPHONE,84,10758.48,0.0,SUDESTE,CARLA MENDES,ONLINE,PENDENTE
PED-06335,2023-05-16,HD EXTERNO,,10532.19,0.056,SUDESTE,CARLA MENDES,REVENDEDOR,PENDENTE
PED-07205,2023-07-09,MOUSE,,3170.85,0.0,SUDESTE,DIEGO LIMA,TELEVENDAS,EM ANÁLISE
PED-06554,2023-12-05,HEADSET,,5743.0,0.385,NORTE,BRUNO COSTA,TELEVENDAS,CONCLUÍDO
PED-07160,2023-04-14,NOTEBOOK,,,0.0,NORTE,ANA SILVA,LOJA FÍSICA,CANCELADO
PED-06030,2022-10-01,SMARTPHONE,,2548.07,0.3970000000000001,CENTRO-OESTE,ELENA SOUZA,LOJA FÍSICA,PENDENTE
PED-02040,2024-03-09,TECLADO,,9477.19,0.217,NORTE,BRUNO COSTA,LOJA FÍSICA,EM ANÁLISE
PED-04477,2022-11-17,MOUSE,,9080.34,0.0,SUL,DIEGO LIMA,ONLINE,CONCLUÍDO
PED-05439,2023-12-14,HD EXTERNO,423,1192.0,0.268,SUDESTE,ANA SILVA,TELEVENDAS,PENDENTE
PED-00784,2023-01-05,MOUSE,999999,,0.26,NORDESTE,BRUNO COSTA,TELEVENDAS,EM ANÁLISE
PED-05849,2023-01-15,TECLADO,109,,0.0,SUL,CARLA MENDES,ONLINE,PENDENTE
PED-04688,,WEBCAM,,,0.22,SUDESTE,ELENA SOUZA,REVENDEDOR,CONCLUÍDO
PED-03132,2022-03-06,TECLADO,,3554.0,0.344,CENTRO-OESTE,CARLA MENDES,ONLINE,CONCLUÍDO
PED-00600,2022-06-11,TABLET,53,,0.0,NORTE,ELENA SOUZA,REVENDEDOR,PENDENTE
PED-04151,2024-11-03,TABLET,,7494.62,0.055999999999999994,NORDESTE,ANA SILVA,LOJA FÍSICA,EM ANÁLISE
PED-07757,,TABLET,999999,,0.091,NORDESTE,ELENA SOUZA,LOJA FÍSICA,CONCLUÍDO
PED-06525,,HD EXTERNO,,12871.73,1.0,NORDESTE,DIEGO LIMA,ONLINE,CANCELADO
PED-05081,2022-10-12,WEBCAM,267,3762.05,0.0,SUDESTE,CARLA MENDES,ONLINE,PENDENTE
PED-05171,2022-08-12,HEADSET,,2597.0,0.15,SUL,DIEGO LIMA,LOJA FÍSICA,CONCLUÍDO
PED-00687,,HEADSET,107,,1.0,NORTE,ELENA SOUZA,LOJA FÍSICA,CONCLUÍDO
PED-03269,2022-08-20,SMARTPHONE,999999,,1.0,NORTE,CARLA MENDES,REVENDEDOR,CONCLUÍDO
PED-00718,,TABLET,999999,,0.5,SUDESTE,BRUNO COSTA,ONLINE,PENDENTE
PED-03303,,HD EXTERNO,,,0.434,SUDESTE,CARLA MENDES,TELEVENDAS,EM ANÁLISE
PED-04808,2022-10-07,HD EXTERNO,,8763.28,0.0,SUL,ANA SILVA,TELEVENDAS,PENDENTE
PED-00606,2024-12-13,HD EXTERNO,70,,0.005,NORTE,BRUNO COSTA,REVENDEDOR,CONCLUÍDO
PED-07499,,TECLADO,999999,9044.0,0.0,NORTE,BRUNO COSTA,LOJA FÍSICA,CONCLUÍDO
PED-01034,2022-10-14,MOUSE,,8822.28,0.313,SUDESTE,BRUNO COSTA,LOJA FÍSICA,PENDENTE
PED-02210,2023-02-05,TABLET,68,5156.0,0.024,SUL,BRUNO COSTA,TELEVENDAS,CONCLUÍDO
PED-02987,2023-05-13,TABLET,423,,0.0,SUDESTE,ELENA SOUZA,TELEVENDAS,EM ANÁLISE
PED-07841,,TABLET,466,1635.05,0.334,NORTE,ANA SILVA,TELEVENDAS,CANCELADO
PED-09478,,NOTEBOOK,68,,0.466,SUL,ANA SILVA,LOJA FÍSICA,CONCLUÍDO
PED-08985,2023-07-06,TECLADO,214,13115.0,0.384,SUDESTE,DIEGO LIMA,TELEVENDAS,CONCLUÍDO
PED-09020,2022-09-09,HD EXTERNO,39,,0.359,CENTRO-OESTE,BRUNO COSTA,REVENDEDOR,CONCLUÍDO
PED-08944,2022-12-22,MOUSE,63,,0.0,NORTE,DIEGO LIMA,TELEVENDAS,EM ANÁLISE
PED-02083,2024-05-08,TECLADO,326,4832.6,0.0,NORTE,ELENA SOUZA,LOJA FÍSICA,PENDENTE
PED-02186,2024-10-05,NOTEBOOK,488,14454.51,0.069,SUDESTE,ANA SILVA,LOJA FÍSICA,PENDENTE
PED-71160,2023-01-19,HD EXTERNO,73,6318.87,0.0,CENTRO-OESTE,DIEGO LIMA,LOJA FÍSICA,EM ANÁLISE
PED-01699,2022-09-14,IMPRESSORA,458,,0.125,CENTRO-OESTE,ANA SILVA,TELEVENDAS,EM ANÁLISE
PED-03951,2022-03-17,HEADSET,,6551.26,0.14800000000000002,SUL,BRUNO COSTA,REVENDEDOR,CONCLUÍDO
PED-05650,2024-06-25,SMARTPHONE,,2960.97,0.086,SUDESTE,CARLA MENDES,TELEVENDAS,CANCELADO
PED-01107,2023-04-17,MONITOR,,1760.34,0.231,NORDESTE,BRUNO COSTA,ONLINE,CONCLUÍDO
PED-00648,2023-11-11,MOUSE,,,0.102,CENTRO-OESTE,CARLA MENDES,ONLINE,CANCELADO
PED-43117,,MONITOR,,,0.244,SUL,ANA SILVA,LOJA FÍSICA,CANCELADO
PED-05529,2023-06-27,IMPRESSORA,7,,0.162,CENTRO-OESTE,ELENA SOUZA,LOJA FÍSICA,EM ANÁLISE
PED-06117,2022-09-25,TECLADO,,,0.0,NORTE,DIEGO LIMA,ONLINE,CONCLUÍDO
PED-06339,2024-09-02,SMARTPHONE,,3593.0,0.10800000000000001,NORTE,BRUNO COSTA,REVENDEDOR,PENDENTE
PED-00714,2022-09-28,MONITOR,327,11144.75,0.433,SUDESTE,BRUNO COSTA,REVENDEDOR,EM ANÁLISE
PED-07703,2024-01-28,TABLET,183,2048.4,0.0,NORTE,ELENA SOUZA,ONLINE,PENDENTE
PED-06398,,MOUSE,249,12739.0,1.0,CENTRO-OESTE,DIEGO LIMA,REVENDEDOR,PENDENTE
PED-02435,,WEBCAM,122,,0.0,SUL,ELENA SOUZA,ONLINE,CANCELADO
PED-08317,,TABLET,89,10711.34,0.36700000000000005,SUL,ANA SILVA,LOJA FÍSICA,CONCLUÍDO
PED-08594,2024-01-05,SMARTPHONE,,,0.0,CENTRO-OESTE,ELENA SOUZA,REVENDEDOR,CANCELADO
PED-01109,,TABLET,160,,0.44,SUL,DIEGO LIMA,ONLINE,EM ANÁLISE
PED-05909,2023-07-19,SMARTPHONE,,11397.36,0.48200000000000004,SUDESTE,ANA SILVA,LOJA FÍSICA,PENDENTE
PED-09300,2024-12-28,HD EXTERNO,,,1.0,SUL,ELENA SOUZA,ONLINE,CONCLUÍDO
PED-03069,2024-11-04,MONITOR,,,0.139,SUDESTE,BRUNO COSTA,LOJA FÍSICA,CONCLUÍDO
PED-91752,,NOTEBOOK,453,14574.15,0.263,SUL,CARLA MENDES,REVENDEDOR,CONCLUÍDO
PED-03942,2022-10-15,IMPRESSORA,,,1.0,SUL,ELENA SOUZA,REVENDEDOR,CANCELADO
PED-05781,2024-06-16,TABLET,14,3479.48,0.309,SUL,CARLA MENDES,TELEVENDAS,PENDENTE
PED-00026,2023-06-23,SMARTPHONE,361,,0.477,NORTE,DIEGO LIMA,ONLINE,PENDENTE
PED-07033,2022-07-19,SMARTPHONE,,,1.0,CENTRO-OESTE,ANA SILVA,REVENDEDOR,CANCELADO
PED-04773,,NOTEBOOK,211,,0.375,SUL,DIEGO LIMA,LOJA FÍSICA,PENDENTE
PED-02353,,MOUSE,,,0.0,NORTE,ANA SILVA,LOJA FÍSICA,PENDENTE
PED-03964,2024-08-05,SMARTPHONE,,,0.191,NORTE,ELENA SOUZA,TELEVENDAS,CONCLUÍDO
PED-00270,2024-11-11,HD EXTERNO,6,4796.93,0.16,NORDESTE,CARLA MENDES,TELEVENDAS,CONCLUÍDO
PED-08190,2023-08-14,IMPRESSORA,488,9966.3,0.0,SUDESTE,ANA SILVA,TELEVENDAS,CANCELADO
PED-08685,2023-10-15,NOTEBOOK,999999,13397.85,0.158,NORDESTE,ELENA SOUZA,TELEVENDAS,CONCLUÍDO
PED-01030,2022-10-13,TABLET,,,0.0,SUDESTE,ANA SILVA,REVENDEDOR,EM ANÁLISE
PED-07490,2024-07-08,MONITOR,443,10291.92,1.0,SUL,CARLA MENDES,ONLINE,EM ANÁLISE
PED-08710,2024-08-07,WEBCAM,,,0.285,SUL,BRUNO COSTA,ONLINE,EM ANÁLISE
PED-03907,2023-04-16,TABLET,150,11444.68,0.0,SUL,ELENA SOUZA,TELEVENDAS,CONCLUÍDO
PED-00783,2022-11-28,SMARTPHONE,,,0.0,SUDESTE,ELENA SOUZA,TELEVENDAS,CONCLUÍDO
PED-01997,2022-10-22,TABLET,,8990.8,0.34700000000000003,SUL,ELENA SOUZA,LOJA FÍSICA,CONCLUÍDO
PED-04935,2023-07-13,NOTEBOOK,321,1941.16,0.0,SUL,CARLA MENDES,TELEVENDAS,CONCLUÍDO
PED-03894,2024-09-02,HEADSET,999999,12637.02,0.254,CENTRO-OESTE,BRUNO COSTA,ONLINE,CANCELADO
PED-09188,2024-04-10,WEBCAM,,11165.4,0.405,SUL,ANA SILVA,REVENDEDOR,CONCLUÍDO
PED-01822,,HD EXTERNO,340,8340.53,0.0,SUL,BRUNO COSTA,REVENDEDOR,CONCLUÍDO
PED-06935,2024-04-05,SMARTPHONE,,10294.7,0.394,CENTRO-OESTE,BRUNO COSTA,TELEVENDAS,PENDENTE
PED-02450,,HEADSET,59,,0.0,SUL,ANA SILVA,LOJA FÍSICA,CONCLUÍDO
PED-03534,,MOUSE,,12265.51,0.196,NORDESTE,ELENA SOUZA,LOJA FÍSICA,CONCLUÍDO
PED-08614,2022-06-26,MOUSE,490,,0.0,SUL,CARLA MENDES,REVENDEDOR,EM ANÁLISE
PED-00312,2024-02-16,TECLADO,,,0.0,NORDESTE,ELENA SOUZA,ONLINE,PENDENTE
PED-89947,2022-11-09,TECLADO,,,0.445,SUDESTE,BRUNO COSTA,TELEVENDAS,CONCLUÍDO
PED-00087,2022-07-24,NAN,,,0.23,NORTE,NAN,ONLINE,PENDENTE
PED-07350,2023-05-24,WEBCAM,403,11586.97,0.19399999999999998,CENTRO-OESTE,DIEGO LIMA,LOJA FÍSICA,CONCLUÍDO
PED-07686,2023-04-18,IMPRESSORA,,,1.0,SUL,DIEGO LIMA,REVENDEDOR,CONCLUÍDO
PED-02274,,MOUSE,,8333.37,0.24,NORTE,ELENA SOUZA,ONLINE,PENDENTE
PED-07741,2023-10-04,HD EXTERNO,155,2485.23,0.0,CENTRO-OESTE,DIEGO LIMA,REVENDEDOR,PENDENTE
PED-09527,,NOTEBOOK,,13326.29,0.447,CENTRO-OESTE,CARLA MENDES,REVENDEDOR,CONCLUÍDO
PED-00628,,MOUSE,,13504.0,0.0,NORTE,CARLA MENDES,TELEVENDAS,PENDENTE
PED-02255,,NOTEBOOK,,,0.0,SUDESTE,CARLA MENDES,TELEVENDAS,EM ANÁLISE
PED-02393,2022-02-04,HEADSET,,,0.404,SUL,BRUNO COSTA,LOJA FÍSICA,CANCELADO
PED-05494,2023-07-06,MOUSE,497,6776.38,0.0,SUDESTE,ANA SILVA,ONLINE,PENDENTE
PED-01624,,HD EXTERNO,,10481.32,0.155,NORTE,CARLA MENDES,LOJA FÍSICA,EM ANÁLISE
PED-05222,2024-08-26,IMPRESSORA,489,,0.0,NORDESTE,ANA SILVA,REVENDEDOR,EM ANÁLISE
PED-00462,2024-10-06,HEADSET,999999,,0.32,SUL,CARLA MENDES,LOJA FÍSICA,EM ANÁLISE
PED-03679,,WEBCAM,,,0.056,NORDESTE,ELENA SOUZA,ONLINE,CONCLUÍDO
PED-06143,2023-07-08,WEBCAM,358,,0.043,SUL,ANA SILVA,LOJA FÍSICA,CONCLUÍDO
PED-01338,,NOTEBOOK,,,0.0,NORTE,BRUNO COSTA,LOJA FÍSICA,CANCELADO
PED-06327,2024-09-11,MOUSE,500,4599.79,0.073,NORTE,DIEGO LIMA,REVENDEDOR,CANCELADO
PED-03863,2022-07-13,MONITOR,143,1127.17,0.026000000000000002,SUDESTE,ANA SILVA,TELEVENDAS,CANCELADO
PED-09854,2023-11-24,HD EXTERNO,279,5395.0,0.0,NORTE,ELENA SOUZA,LOJA FÍSICA,EM ANÁLISE
PED-08225,,MONITOR,171,8892.0,0.223,SUDESTE,ELENA SOUZA,REVENDEDOR,CONCLUÍDO
PED-06496,,SMARTPHONE,149,,0.0,NORDESTE,BRUNO COSTA,TELEVENDAS,CANCELADO
PED-00873,2022-01-04,TECLADO,,,0.3,SUL,ELENA SOUZA,TELEVENDAS,PENDENTE
PED-08870,,MOUSE,195,321.62,0.26899999999999996,SUDESTE,CARLA MENDES,LOJA FÍSICA,PENDENTE
PED-00437,,TABLET,151,,0.305,CENTRO-OESTE,ELENA SOUZA,ONLINE,CANCELADO
PED-05728,,NOTEBOOK,,3343.16,0.0,NORTE,DIEGO LIMA,LOJA FÍSICA,CONCLUÍDO
PED-07392,2024-01-22,HD EXTERNO,,,0.0,NORTE,CARLA MENDES,LOJA FÍSICA,PENDENTE
PED-03638,2022-09-22,HEADSET,88,11083.54,0.368,CENTRO-OESTE,DIEGO LIMA,REVENDEDOR,CONCLUÍDO
PED-01503,2022-11-05,IMPRESSORA,25,5107.27,0.05,NORTE,CARLA MENDES,TELEVENDAS,EM ANÁLISE
PED-07168,2023-07-26,SMARTPHONE,,661.25,0.12,NORTE,ELENA SOUZA,TELEVENDAS,PENDENTE
PED-09506,2024-09-26,HD EXTERNO,,7583.98,0.124,SUDESTE,CARLA MENDES,LOJA FÍSICA,PENDENTE
PED-08411,2023-02-15,MOUSE,262,,0.0,NORDESTE,DIEGO LIMA,LOJA FÍSICA,PENDENTE
PED-07362,2023-12-13,WEBCAM,999999,8732.04,0.24,NORDESTE,DIEGO LIMA,ONLINE,CANCELADO
PED-04470,,IMPRESSORA,82,174.7,1.0,SUL,CARLA MENDES,REVENDEDOR,PENDENTE
PED-03442,2022-02-09,MONITOR,,,0.095,SUDESTE,DIEGO LIMA,ONLINE,CONCLUÍDO
PED-01375,,IMPRESSORA,268,3879.25,0.0,SUL,ELENA SOUZA,ONLINE,CANCELADO
PED-04671,2022-04-15,MONITOR,,,0.146,CENTRO-OESTE,CARLA MENDES,LOJA FÍSICA,CONCLUÍDO
PED-02043,2022-10-24,WEBCAM,,12073.89,0.397,SUL,DIEGO LIMA,LOJA FÍSICA,CONCLUÍDO
PED-08453,2024-12-01,TABLET,136,10407.55,0.004,SUDESTE,BRUNO COSTA,ONLINE,EM ANÁLISE
PED-09370,2023-01-21,MOUSE,450,3201.76,1.0,SUDESTE,BRUNO COSTA,LOJA FÍSICA,PENDENTE
PED-06082,2022-11-17,HD EXTERNO,24,,0.0,SUDESTE,DIEGO LIMA,ONLINE,EM ANÁLISE
PED-09509,2023-04-10,NOTEBOOK,215,,0.43799999999999994,SUDESTE,ELENA SOUZA,ONLINE,EM ANÁLISE
PED-00855,,WEBCAM,188,11915.79,0.083,SUL,CARLA MENDES,LOJA FÍSICA,CONCLUÍDO
PED-04097,,IMPRESSORA,,4042.57,0.09699999999999999,SUDESTE,BRUNO COSTA,REVENDEDOR,CANCELADO
PED-09450,,NAN,82,12852.99,0.112,SUL,ANA SILVA,TELEVENDAS,PENDENTE
PED-03272,2024-02-07,IMPRESSORA,,1892.22,0.0,NORDESTE,CARLA MENDES,ONLINE,CONCLUÍDO
PED-02656,2024-08-21,IMPRESSORA,326,14353.48,0.387,SUDESTE,ANA SILVA,LOJA FÍSICA,EM ANÁLISE
PED-06860,,TABLET,173,4385.12,0.08,SUDESTE,ANA SILVA,ONLINE,EM ANÁLISE
PED-08240,,TABLET,999999,12524.52,0.034,CENTRO-OESTE,BRUNO COSTA,ONLINE,CONCLUÍDO
PED-06257,2022-06-12,TABLET,244,,0.0,NORTE,ELENA SOUZA,REVENDEDOR,PENDENTE
PED-20594,2024-10-06,SMARTPHONE,194,13589.95,0.457,SUDESTE,ANA SILVA,TELEVENDAS,CANCELADO
PED-09402,2024-09-18,HEADSET,,,0.021,SUL,ELENA SOUZA,LOJA FÍSICA,CONCLUÍDO
PED-07219,2022-03-03,IMPRESSORA,,8743.13,0.6,SUL,DIEGO LIMA,REVENDEDOR,CANCELADO
PED-06027,,TECLADO,99,2487.93,0.0,SUL,DIEGO LIMA,LOJA FÍSICA,CANCELADO
PED-03179,2022-11-08,WEBCAM,999999,,0.08,NORTE,BRUNO COSTA,LOJA FÍSICA,PENDENTE
PED-07685,,MONITOR,25,6167.0,0.291,SUL,ELENA SOUZA,REVENDEDOR,CANCELADO
PED-75770,2024-08-13,WEBCAM,370,6271.0,0.0,NORTE,ELENA SOUZA,ONLINE,EM ANÁLISE
PED-03919,2022-09-16,MOUSE,26,9100.33,0.27,CENTRO-OESTE,CARLA MENDES,REVENDEDOR,PENDENTE
PED-03834,2024-01-16,TECLADO,20,2058.89,0.0,NORTE,ANA SILVA,TELEVENDAS,CONCLUÍDO
PED-07356,2023-12-22,MOUSE,98,5679.12,0.499,SUL,CARLA MENDES,REVENDEDOR,CONCLUÍDO
PED-15332,2024-09-03,HEADSET,25,,0.45299999999999996,SUL,ELENA SOUZA,LOJA FÍSICA,CONCLUÍDO
PED-30150,2023-12-01,IMPRESSORA,,7274.73,0.326,SUL,ELENA SOUZA,TELEVENDAS,CONCLUÍDO
PED-03892,,IMPRESSORA,999999,7432.39,0.0,SUL,ANA SILVA,REVENDEDOR,PENDENTE
PED-08262,,IMPRESSORA,10,,0.0,SUDESTE,DIEGO LIMA,ONLINE,EM ANÁLISE
PED-06732,,HD EXTERNO,,,0.0,SUDESTE,BRUNO COSTA,TELEVENDAS,EM ANÁLISE
PED-09626,2024-11-08,IMPRESSORA,48,11102.59,0.0,SUL,BRUNO COSTA,REVENDEDOR,CANCELADO
PED-07171,2024-09-11,TECLADO,467,,0.33,SUL,BRUNO COSTA,REVENDEDOR,EM ANÁLISE
PED-02713,,HD EXTERNO,,,0.054000000000000006,SUL,CARLA MENDES,ONLINE,EM ANÁLISE
PED-02963,,WEBCAM,452,13842.07,0.0,SUDESTE,ANA SILVA,LOJA FÍSICA,CONCLUÍDO
PED-02659,2024-09-04,HD EXTERNO,93,,0.315,NORTE,ELENA SOUZA,REVENDEDOR,PENDENTE
PED-02528,2023-10-12,HEADSET,,,0.377,NORDESTE,CARLA MENDES,REVENDEDOR,CONCLUÍDO
PED-06173,,SMARTPHONE,159,,0.0,NORTE,BRUNO COSTA,ONLINE,PENDENTE
PED-02148,2024-09-24,TABLET,,,1.0,NORTE,ELENA SOUZA,TELEVENDAS,CANCELADO
PED-05518,,HD EXTERNO,,4823.0,0.0,SUL,DIEGO LIMA,TELEVENDAS,CONCLUÍDO
PED-00619,,HD EXTERNO,,,0.09,NORTE,CARLA MENDES,TELEVENDAS,EM ANÁLISE
PED-09857,2023-02-28,HD EXTERNO,6,14673.58,0.47,SUL,CARLA MENDES,LOJA FÍSICA,CONCLUÍDO
PED-10960,2023-07-26,NOTEBOOK,999999,,0.48,NORDESTE,DIEGO LIMA,ONLINE,EM ANÁLISE
PED-04847,,TABLET,,,0.315,SUL,ANA SILVA,TELEVENDAS,PENDENTE
PED-01265,2023-01-09,IMPRESSORA,,,0.0,SUDESTE,ANA SILVA,TELEVENDAS,EM ANÁLISE
PED-02539,,MOUSE,64,3139.0,0.17300000000000001,NORDESTE,BRUNO COSTA,LOJA FÍSICA,PENDENTE
PED-02254,2023-01-03,MONITOR,197,12589.1,0.0,SUL,DIEGO LIMA,TELEVENDAS,CONCLUÍDO
PED-03712,2024-02-28,SMARTPHONE,,13790.64,0.0,SUDESTE,ANA SILVA,LOJA FÍSICA,EM ANÁLISE
PED-03146,2024-01-09,TECLADO,,,0.348,SUL,BRUNO COSTA,REVENDEDOR,CONCLUÍDO
PED-07968,2023-02-28,TECLADO,146,,0.344,SUDESTE,BRUNO COSTA,ONLINE,CONCLUÍDO
PED-05599,,HD EXTERNO,,,0.0,SUDESTE,ELENA SOUZA,TELEVENDAS,CANCELADO
PED-03510,,IMPRESSORA,,,0.0,NORTE,ANA SILVA,LOJA FÍSICA,CANCELADO
PED-02954,,TABLET,,2850.61,0.09699999999999999,SUL,ANA SILVA,LOJA FÍSICA,EM ANÁLISE
PED-05061,,IMPRESSORA,457,,0.053,NORTE,ANA SILVA,LOJA FÍSICA,CONCLUÍDO
PED-05941,,TECLADO,196,,0.113,NORTE,CARLA MENDES,ONLINE,PENDENTE
PED-00299,2024-02-16,TABLET,,,0.0,SUL,DIEGO LIMA,REVENDEDOR,EM ANÁLISE
PED-08640,,SMARTPHONE,,14271.21,0.485,SUL,CARLA MENDES,LOJA FÍSICA,PENDENTE
PED-08332,2022-12-14,MOUSE,314,7749.01,0.22,SUDESTE,ANA SILVA,LOJA FÍSICA,CANCELADO
PED-06938,2024-11-22,TABLET,351,8146.0,0.28300000000000003,SUDESTE,BRUNO COSTA,LOJA FÍSICA,CANCELADO
PED-01532,2024-02-23,WEBCAM,999999,1686.1,0.0,CENTRO-OESTE,ELENA SOUZA,ONLINE,EM ANÁLISE
PED-02094,2023-09-19,HEADSET,500,5549.9,0.449,SUL,BRUNO COSTA,TELEVENDAS,PENDENTE
PED-05382,,IMPRESSORA,,3507.17,0.355,SUDESTE,ELENA SOUZA,LOJA FÍSICA,CONCLUÍDO
PED-06172,,TABLET,166,,0.371,SUDESTE,CARLA MENDES,ONLINE,PENDENTE
PED-05073,2024-09-09,IMPRESSORA,,,0.035,CENTRO-OESTE,DIEGO LIMA,REVENDEDOR,EM ANÁLISE
PED-01389,2023-07-23,WEBCAM,44,,0.34,NORTE,DIEGO LIMA,LOJA FÍSICA,PENDENTE
PED-02113,2024-04-16,WEBCAM,,,0.0,NORDESTE,ANA SILVA,LOJA FÍSICA,CONCLUÍDO
PED-06422,,TECLADO,999999,,1.0,NORTE,CARLA MENDES,ONLINE,PENDENTE
PED-05083,2023-06-08,TECLADO,,,0.0,SUL,ELENA SOUZA,ONLINE,EM ANÁLISE
PED-96120,,TABLET,431,,0.0,NORDESTE,CARLA MENDES,ONLINE,CANCELADO
PED-02318,2024-06-19,HD EXTERNO,248,8925.0,0.0,NORTE,DIEGO LIMA,ONLINE,CONCLUÍDO
PED-98514,2024-10-09,TABLET,140,,0.14,SUL,BRUNO COSTA,LOJA FÍSICA,EM ANÁLISE
PED-05462,2024-04-14,MONITOR,,6196.22,0.0,SUL,CARLA MENDES,ONLINE,CONCLUÍDO
PED-02464,,TECLADO,34,14611.62,0.0,NORDESTE,ELENA SOUZA,ONLINE,CONCLUÍDO
PED-04129,2024-04-15,HEADSET,156,,0.0,NORDESTE,CARLA MENDES,REVENDEDOR,CONCLUÍDO
PED-04656,2023-09-19,HD EXTERNO,187,,0.023,SUL,DIEGO LIMA,TELEVENDAS,CONCLUÍDO
PED-06334,2022-10-13,SMARTPHONE,,7096.02,1.0,SUDESTE,BRUNO COSTA,LOJA FÍSICA,CANCELADO
PED-01549,2023-03-09,NOTEBOOK,,11506.14,0.051,SUDESTE,ELENA SOUZA,TELEVENDAS,CONCLUÍDO
PED-05402,2023-01-06,IMPRESSORA,483,,0.0,NORTE,BRUNO COSTA,ONLINE,PENDENTE
PED-01080,2023-08-21,SMARTPHONE,,,0.0,NORTE,ANA SILVA,LOJA FÍSICA,CONCLUÍDO
PED-05483,,TECLADO,253,2352.84,0.363,SUL,ANA SILVA,LOJA FÍSICA,CONCLUÍDO
PED-90313,2022-10-11,NOTEBOOK,31,,0.0,NORTE,BRUNO COSTA,ONLINE,CONCLUÍDO
PED-56735,,IMPRESSORA,14,,0.47700000000000004,NORTE,CARLA MENDES,TELEVENDAS,CONCLUÍDO
PED-06698,2022-12-01,MONITOR,,,0.337,NORTE,ELENA SOUZA,TELEVENDAS,EM ANÁLISE
PED-06348,2023-12-14,HEADSET,175,8497.87,0.494,NORTE,ANA SILVA,REVENDEDOR,PENDENTE
PED-09062,2022-10-10,TECLADO,,,0.183,NORDESTE,DIEGO LIMA,REVENDEDOR,CANCELADO
PED-06109,2022-09-27,MOUSE,,,0.195,SUL,CARLA MENDES,TELEVENDAS,EM ANÁLISE
PED-84844,2023-04-16,NOTEBOOK,,6042.11,0.472,CENTRO-OESTE,ELENA SOUZA,TELEVENDAS,PENDENTE
PED-02601,,MONITOR,106,,0.36,NORTE,CARLA MENDES,ONLINE,PENDENTE
PED-07200,,TECLADO,,12917.48,0.0,SUDESTE,CARLA MENDES,LOJA FÍSICA,EM ANÁLISE
PED-09160,2024-07-11,TECLADO,,7518.62,1.0,NORTE,BRUNO COSTA,LOJA FÍSICA,EM ANÁLISE
PED-04060,,HEADSET,,4845.43,0.494,SUDESTE,ANA SILVA,ONLINE,PENDENTE
PED-00642,2022-10-27,SMARTPHONE,,9471.93,0.0,SUL,ELENA SOUZA,REVENDEDOR,CONCLUÍDO
PED-02828,,HD EXTERNO,,,0.0,SUL,BRUNO COSTA,TELEVENDAS,PENDENTE
PED-08267,2024-12-17,TECLADO,60,,0.0,NORDESTE,CARLA MENDES,LOJA FÍSICA,CONCLUÍDO
PED-01382,2024-04-22,WEBCAM,,,0.0,NORTE,ANA SILVA,TELEVENDAS,CANCELADO
PED-58592,2022-03-20,NOTEBOOK,426,,0.0,SUDESTE,BRUNO COSTA,LOJA FÍSICA,EM ANÁLISE
PED-01696,,WEBCAM,,6908.96,1.0,SUL,DIEGO LIMA,REVENDEDOR,CANCELADO
PED-09193,2023-10-10,HD EXTERNO,485,,0.01,NORTE,ANA SILVA,REVENDEDOR,CONCLUÍDO
PED-01014,,HD EXTERNO,,12695.19,1.0,NORDESTE,ELENA SOUZA,TELEVENDAS,CANCELADO
PED-09449,,HEADSET,,11613.35,0.0,SUL,ELENA SOUZA,ONLINE,PENDENTE
PED-08215,,IMPRESSORA,,12049.11,0.0,SUL,BRUNO COSTA,ONLINE,CANCELADO
PED-07793,2023-04-21,TABLET,80,,0.19,SUDESTE,ELENA SOUZA,LOJA FÍSICA,PENDENTE
PED-05268,,WEBCAM,,3156.53,0.0,NORTE,BRUNO COSTA,ONLINE,CANCELADO
PED-03085,2024-12-25,TABLET,212,13228.62,0.38,SUL,DIEGO LIMA,REVENDEDOR,PENDENTE
PED-73623,2023-07-02,MOUSE,,7003.65,0.28,NORDESTE,ELENA SOUZA,LOJA FÍSICA,EM ANÁLISE
PED-09349,,SMARTPHONE,412,,0.0,NORTE,CARLA MENDES,LOJA FÍSICA,PENDENTE
PED-07582,2024-11-25,MOUSE,,14807.89,0.46,CENTRO-OESTE,ELENA SOUZA,ONLINE,EM ANÁLISE
PED-06300,,NOTEBOOK,,,0.423,SUL,ANA SILVA,LOJA FÍSICA,EM ANÁLISE
PED-08308,,HEADSET,,,0.0,NORTE,CARLA MENDES,ONLINE,PENDENTE
PED-08908,2023-02-14,IMPRESSORA,,9297.83,0.0,SUDESTE,DIEGO LIMA,TELEVENDAS,CANCELADO
PED-01258,2024-07-06,MONITOR,999999,13180.2,0.0,NORTE,ELENA SOUZA,ONLINE,PENDENTE
PED-04704,2023-07-13,HD EXTERNO,275,3732.25,1.0,NORTE,ELENA SOUZA,LOJA FÍSICA,PENDENTE
PED-06042,2024-03-10,TABLET,124,,0.44,SUL,ELENA SOUZA,LOJA FÍSICA,CANCELADO
PED-00933,2024-06-13,IMPRESSORA,999999,,0.345,NORTE,ELENA SOUZA,ONLINE,CONCLUÍDO
PED-00617,2023-12-19,HEADSET,,9198.32,0.278,SUDESTE,ANA SILVA,LOJA FÍSICA,CONCLUÍDO
PED-07405,2024-02-10,WEBCAM,,6036.18,0.0,NORDESTE,DIEGO LIMA,REVENDEDOR,PENDENTE
PED-07566,,MOUSE,,,0.079,SUDESTE,CARLA MENDES,REVENDEDOR,EM ANÁLISE
PED-09509,,HEADSET,,,1.0,NORTE,ANA SILVA,LOJA FÍSICA,CONCLUÍDO
PED-01216,,IMPRESSORA,8,,0.078,NORTE,ANA SILVA,LOJA FÍSICA,CANCELADO
PED-08313,2022-07-18,TABLET,,,0.083,NORDESTE,CARLA MENDES,LOJA FÍSICA,CONCLUÍDO
PED-05767,2023-03-14,HEADSET,,,0.0,CENTRO-OESTE,ANA SILVA,TELEVENDAS,EM ANÁLISE
PED-00921,,HEADSET,12,,0.122,SUDESTE,ANA SILVA,LOJA FÍSICA,CONCLUÍDO
PED-04501,2024-03-27,NOTEBOOK,,2478.22,0.391,CENTRO-OESTE,BRUNO COSTA,TELEVENDAS,CONCLUÍDO
PED-04962,,NOTEBOOK,303,13874.59,0.0,NORTE,ANA SILVA,LOJA FÍSICA,PENDENTE
PED-09145,2024-07-13,TECLADO,122,13088.59,0.307,SUL,BRUNO COSTA,TELEVENDAS,PENDENTE
PED-07683,2024-12-26,WEBCAM,,,0.431,SUDESTE,ANA SILVA,LOJA FÍSICA,CANCELADO
PED-01119,2024-08-25,HD EXTERNO,297,,0.389,NORTE,BRUNO COSTA,REVENDEDOR,EM ANÁLISE
PED-77511,2024-09-02,HEADSET,294,,0.0,CENTRO-OESTE,ANA SILVA,TELEVENDAS,PENDENTE
PED-02474,2022-05-21,HD EXTERNO,141,8702.84,0.0,NORTE,CARLA MENDES,TELEVENDAS,PENDENTE
PED-05180,2022-07-08,WEBCAM,314,10047.5,1.0,NORTE,DIEGO LIMA,LOJA FÍSICA,CANCELADO
PED-05296,2024-08-09,NOTEBOOK,312,,0.0,NORTE,BRUNO COSTA,LOJA FÍSICA,PENDENTE
PED-07355,,NOTEBOOK,,,0.47600000000000003,SUL,ELENA SOUZA,ONLINE,CANCELADO
PED-07602,,NOTEBOOK,200,,0.0,NORTE,BRUNO COSTA,LOJA FÍSICA,PENDENTE
PED-77949,2024-01-28,SMARTPHONE,,,0.0,SUDESTE,BRUNO COSTA,REVENDEDOR,PENDENTE
PED-02903,2022-11-24,SMARTPHONE,23,1289.48,0.0,NORTE,BRUNO COSTA,REVENDEDOR,PENDENTE
PED-11401,2022-01-20,TABLET,,,0.0,SUL,CARLA MENDES,LOJA FÍSICA,PENDENTE
PED-09855,2023-04-03,HEADSET,,12646.48,0.042,NORTE,ANA SILVA,REVENDEDOR,CONCLUÍDO
PED-02843,2022-04-09,MONITOR,,,0.187,NORTE,CARLA MENDES,LOJA FÍSICA,EM ANÁLISE
PED-03233,2023-08-20,SMARTPHONE,452,,0.0,NORDESTE,DIEGO LIMA,REVENDEDOR,PENDENTE
PED-04194,,MONITOR,,10665.42,0.0,NORDESTE,CARLA MENDES,ONLINE,CONCLUÍDO
PED-02400,,TABLET,89,1958.48,0.11199999999999999,NORDESTE,DIEGO LIMA,REVENDEDOR,PENDENTE
PED-09615,2024-08-05,IMPRESSORA,,,0.061,SUL,CARLA MENDES,LOJA FÍSICA,CANCELADO
PED-03872,2022-07-21,MONITOR,,,0.0,SUL,BRUNO COSTA,ONLINE,EM ANÁLISE
PED-02420,,TECLADO,229,,1.0,CENTRO-OESTE,ELENA SOUZA,REVENDEDOR,PENDENTE
PED-05753,2022-08-23,TECLADO,452,7888.42,1.0,SUL,CARLA MENDES,REVENDEDOR,PENDENTE
PED-10311,2024-12-11,HEADSET,,5362.61,0.355,CENTRO-OESTE,ANA SILVA,TELEVENDAS,CONCLUÍDO
PED-03177,2022-05-04,NOTEBOOK,467,,0.085,NORDESTE,ANA SILVA,REVENDEDOR,EM ANÁLISE
PED-74926,,TABLET,,,0.027999999999999997,NORTE,ANA SILVA,REVENDEDOR,PENDENTE
PED-01869,2023-08-20,MONITOR,999999,52.99,0.495,SUL,DIEGO LIMA,ONLINE,EM ANÁLISE
PED-08364,2024-11-23,MOUSE,,505.74,0.424,SUDESTE,DIEGO LIMA,LOJA FÍSICA,PENDENTE
PED-01252,2024-03-24,TABLET,,4696.88,0.369,NORDESTE,DIEGO LIMA,TELEVENDAS,CANCELADO
PED-02755,,MOUSE,,,0.0,SUL,BRUNO COSTA,LOJA FÍSICA,EM ANÁLISE
PED-05457,2022-08-03,TABLET,197,12101.16,0.333,NORTE,DIEGO LIMA,TELEVENDAS,PENDENTE
PED-09288,2023-08-11,MOUSE,,,0.051,NORDESTE,ANA SILVA,TELEVENDAS,CANCELADO
PED-05563,2023-10-04,TECLADO,120,,1.0,NORDESTE,ANA SILVA,TELEVENDAS,PENDENTE
PED-05084,2022-10-10,MOUSE,,1439.59,0.48,NORTE,DIEGO LIMA,LOJA FÍSICA,EM ANÁLISE
PED-08951,2023-11-01,HD EXTERNO,331,3733.9,0.146,SUDESTE,ANA SILVA,ONLINE,CANCELADO
PED-01289,2024-12-20,WEBCAM,364,1580.83,0.239,NORDESTE,BRUNO COSTA,ONLINE,CONCLUÍDO
PED-08585,,HEADSET,195,14486.24,0.0,SUDESTE,CARLA MENDES,ONLINE,CONCLUÍDO
PED-01193,2022-07-27,MONITOR,,,0.162,SUDESTE,ELENA SOUZA,LOJA FÍSICA,PENDENTE
PED-07139,2023-07-19,HD EXTERNO,290,,0.0,SUL,DIEGO LIMA,LOJA FÍSICA,PENDENTE
PED-09286,,IMPRESSORA,64,5249.06,0.098,NORTE,ANA SILVA,TELEVENDAS,PENDENTE
PED-01735,,SMARTPHONE,999999,,0.284,NORDESTE,ANA SILVA,LOJA FÍSICA,CONCLUÍDO
PED-07156,,MONITOR,102,,0.0,NORTE,DIEGO LIMA,REVENDEDOR,CONCLUÍDO
PED-01444,2024-10-13,SMARTPHONE,194,,1.0,SUDESTE,ELENA SOUZA,LOJA FÍSICA,CANCELADO
PED-05929,,TABLET,,10989.24,0.113,NORTE,CARLA MENDES,ONLINE,CONCLUÍDO
PED-07539,2024-07-08,IMPRESSORA,407,89.67,0.213,NORDESTE,DIEGO LIMA,REVENDEDOR,CONCLUÍDO
PED-02816,,IMPRESSORA,,10559.82,0.013999999999999999,NORTE,ANA SILVA,LOJA FÍSICA,CANCELADO
PED-05322,2024-04-11,HD EXTERNO,16,,0.261,SUDESTE,CARLA MENDES,ONLINE,PENDENTE
PED-00342,2022-12-24,TECLADO,341,3092.75,0.4,SUDESTE,CARLA MENDES,LOJA FÍSICA,PENDENTE
PED-06637,2023-10-02,NOTEBOOK,97,,1.0,SUL,BRUNO COSTA,LOJA FÍSICA,CONCLUÍDO
PED-01888,2023-05-15,HEADSET,380,6718.5,0.019,SUDESTE,CARLA MENDES,TELEVENDAS,CONCLUÍDO
PED-04744,,SMARTPHONE,198,6992.41,0.0,CENTRO-OESTE,ELENA SOUZA,ONLINE,PENDENTE
PED-06844,2022-06-10,TABLET,143,,0.15,NORTE,CARLA MENDES,TELEVENDAS,PENDENTE
PED-06627,,HD EXTERNO,,,0.455,SUDESTE,ANA SILVA,REVENDEDOR,PENDENTE
PED-07034,2024-07-03,IMPRESSORA,,,0.08199999999999999,NORTE,BRUNO COSTA,LOJA FÍSICA,EM ANÁLISE
PED-05130,,TABLET,,,0.0,SUL,BRUNO COSTA,TELEVENDAS,PENDENTE
PED-01276,,HEADSET,,10244.41,0.283,NORDESTE,ANA SILVA,REVENDEDOR,PENDENTE
PED-09335,2023-01-15,WEBCAM,499,,0.13,NORTE,CARLA MENDES,ONLINE,CONCLUÍDO
PED-00308,2022-10-08,WEBCAM,213,6539.0,0.016,NORTE,CARLA MENDES,TELEVENDAS,PENDENTE
PED-07148,2022-05-13,IMPRESSORA,,7010.66,0.45,SUL,ELENA SOUZA,LOJA FÍSICA,PENDENTE
PED-00694,2022-08-18,NOTEBOOK,449,,0.11800000000000001,NORTE,ANA SILVA,LOJA FÍSICA,PENDENTE
PED-06506,2024-01-08,NOTEBOOK,,,0.184,NORDESTE,DIEGO LIMA,REVENDEDOR,CONCLUÍDO
PED-01181,2023-09-20,HD EXTERNO,,6778.19,0.149,SUL,BRUNO COSTA,REVENDEDOR,CONCLUÍDO
PED-05803,2024-02-22,NOTEBOOK,,11665.13,0.0,SUL,ANA SILVA,LOJA FÍSICA,PENDENTE
PED-08197,2024-11-21,NOTEBOOK,,,0.3970000000000001,SUDESTE,BRUNO COSTA,TELEVENDAS,CANCELADO
PED-08945,,TABLET,,12918.7,0.0,CENTRO-OESTE,ELENA SOUZA,REVENDEDOR,CONCLUÍDO
PED-06230,,TECLADO,,,0.1,CENTRO-OESTE,CARLA MENDES,REVENDEDOR,CANCELADO
PED-02117,2022-02-07,TECLADO,,,0.0,SUL,ELENA SOUZA,REVENDEDOR,CONCLUÍDO
PED-02879,2024-11-20,TECLADO,385,7175.9,0.0,SUDESTE,DIEGO LIMA,REVENDEDOR,PENDENTE
PED-07056,2024-11-06,TABLET,,12871.29,0.183,SUL,BRUNO COSTA,LOJA FÍSICA,PENDENTE
PED-08150,2023-08-27,HD EXTERNO,999999,2397.19,0.3,SUDESTE,ELENA SOUZA,LOJA FÍSICA,PENDENTE
PED-00127,2023-12-25,HEADSET,301,,0.138,NORTE,ELENA SOUZA,ONLINE,EM ANÁLISE
PED-01966,2024-07-27,HEADSET,293,3912.89,0.0,SUDESTE,ELENA SOUZA,TELEVENDAS,CONCLUÍDO
PED-05376,,HD EXTERNO,,8162.04,0.15,NORDESTE,BRUNO COSTA,REVENDEDOR,CANCELADO
PED-04743,2022-09-13,WEBCAM,,4462.0,0.038,SUL,CARLA MENDES,TELEVENDAS,CONCLUÍDO
PED-04187,,MONITOR,354,,0.047,SUL,CARLA MENDES,LOJA FÍSICA,EM ANÁLISE
PED-02249,2024-09-14,HEADSET,217,8474.73,0.0,SUL,DIEGO LIMA,ONLINE,EM ANÁLISE
PED-03461,2023-04-26,TABLET,343,,0.32,CENTRO-OESTE,ELENA SOUZA,REVENDEDOR,CONCLUÍDO
PED-96249,,TECLADO,278,,0.303,CENTRO-OESTE,DIEGO LIMA,ONLINE,CONCLUÍDO
PED-82854,2022-04-01,SMARTPHONE,,,0.0,SUDESTE,BRUNO COSTA,REVENDEDOR,CANCELADO
PED-00126,,SMARTPHONE,999999,6222.3,0.389,NORTE,ANA SILVA,ONLINE,EM ANÁLISE
PED-00898,2022-05-22,HD EXTERNO,,8372.0,0.221,SUDESTE,ELENA SOUZA,TELEVENDAS,CONCLUÍDO
PED-06476,2024-07-10,WEBCAM,16,,0.0,SUDESTE,BRUNO COSTA,REVENDEDOR,PENDENTE
PED-03613,,SMARTPHONE,,6703.05,0.158,SUL,DIEGO LIMA,LOJA FÍSICA,CONCLUÍDO
PED-00745,,WEBCAM,272,,0.21,SUDESTE,DIEGO LIMA,LOJA FÍSICA,EM ANÁLISE
PED-05054,2023-01-25,IMPRESSORA,85,11493.53,0.013000000000000001,SUL,CARLA MENDES,TELEVENDAS,EM ANÁLISE
PED-08634,2022-07-10,HEADSET,,13031.61,0.0,NORTE,ELENA SOUZA,ONLINE,CANCELADO
PED-07973,2022-05-19,HD EXTERNO,300,,0.34,SUDESTE,ANA SILVA,LOJA FÍSICA,EM ANÁLISE
PED-04641,2023-05-02,WEBCAM,225,,0.41,SUL,DIEGO LIMA,LOJA FÍSICA,CONCLUÍDO
PED-01817,2024-08-13,NOTEBOOK,,,0.24,SUDESTE,DIEGO LIMA,TELEVENDAS,EM ANÁLISE
PED-09525,2022-09-21,IMPRESSORA,,12522.92,0.315,NORTE,CARLA MENDES,TELEVENDAS,CONCLUÍDO
PED-05656,,TECLADO,,,0.0,NORDESTE,BRUNO COSTA,LOJA FÍSICA,CONCLUÍDO
PED-01865,,MOUSE,,,0.0,SUL,DIEGO LIMA,ONLINE,EM ANÁLISE
PED-08395,2022-09-01,TECLADO,,13873.0,0.452,CENTRO-OESTE,BRUNO COSTA,ONLINE,CONCLUÍDO
PED-03532,2024-10-06,SMARTPHONE,17,,0.0,SUL,DIEGO LIMA,ONLINE,EM ANÁLISE
PED-04476,,MOUSE,413,,0.0,SUDESTE,BRUNO COSTA,REVENDEDOR,PENDENTE
PED-11661,2023-01-10,HD EXTERNO,,,0.0,NORTE,ANA SILVA,ONLINE,PENDENTE
PED-09108,2023-09-14,TABLET,338,12447.14,0.0,SUL,BRUNO COSTA,TELEVENDAS,PENDENTE
PED-07958,2023-10-02,MOUSE,999999,,0.239,SUDESTE,ANA SILVA,LOJA FÍSICA,PENDENTE
PED-06948,2022-10-06,MONITOR,,,0.397,SUL,BRUNO COSTA,REVENDEDOR,CANCELADO
PED-07260,2022-02-26,MONITOR,292,,0.0,SUDESTE,CARLA MENDES,TELEVENDAS,CONCLUÍDO
PED-04459,2022-05-01,IMPRESSORA,,4336.9,0.0,NORTE,ELENA SOUZA,ONLINE,CONCLUÍDO
PED-01337,,TECLADO,229,10202.43,0.0,SUL,ELENA SOUZA,ONLINE,CANCELADO
PED-00816,2023-09-23,SMARTPHONE,387,,0.0,NORTE,ELENA SOUZA,ONLINE,PENDENTE
PED-09718,,TABLET,216,7789.97,0.262,SUDESTE,CARLA MENDES,LOJA FÍSICA,EM ANÁLISE
PED-02550,2024-07-28,HEADSET,,2945.88,0.0,NORTE,ELENA SOUZA,ONLINE,PENDENTE
PED-00862,,HEADSET,228,,0.0,NORTE,BRUNO COSTA,ONLINE,PENDENTE
PED-01392,2024-10-24,WEBCAM,334,7775.05,0.0,SUL,DIEGO LIMA,LOJA FÍSICA,PENDENTE
PED-08997,2022-04-08,MOUSE,,,0.335,CENTRO-OESTE,ELENA SOUZA,REVENDEDOR,CANCELADO
PED-05106,2023-10-10,WEBCAM,,14755.63,0.0,SUL,CARLA MENDES,LOJA FÍSICA,PENDENTE
PED-06063,2022-02-18,MOUSE,15,1555.72,0.303,SUL,CARLA MENDES,ONLINE,CANCELADO
PED-08640,,TABLET,,,0.34,SUL,DIEGO LIMA,TELEVENDAS,CONCLUÍDO
PED-05586,2023-02-14,MONITOR,204,4928.98,0.428,NORTE,DIEGO LIMA,ONLINE,CONCLUÍDO
PED-08875,2024-12-25,TECLADO,73,7685.25,0.0,SUDESTE,CARLA MENDES,LOJA FÍSICA,CONCLUÍDO
PED-06879,2022-12-14,HD EXTERNO,,,0.272,NORDESTE,ELENA SOUZA,ONLINE,PENDENTE
PED-06164,2022-07-01,SMARTPHONE,,11135.0,0.046,SUL,BRUNO COSTA,REVENDEDOR,CONCLUÍDO
PED-03525,,NOTEBOOK,,3561.12,0.21,CENTRO-OESTE,ANA SILVA,REVENDEDOR,CONCLUÍDO
PED-08692,,NOTEBOOK,178,12668.71,0.102,NORTE,BRUNO COSTA,ONLINE,CANCELADO
PED-01504,2023-03-07,HD EXTERNO,999999,6171.0,0.21899999999999997,CENTRO-OESTE,ANA SILVA,REVENDEDOR,CONCLUÍDO
PED-00503,2024-07-12,MOUSE,191,,0.295,CENTRO-OESTE,ELENA SOUZA,TELEVENDAS,PENDENTE
PED-02325,2023-07-24,MOUSE,217,1773.9,0.247,SUDESTE,DIEGO LIMA,LOJA FÍSICA,CONCLUÍDO
PED-01141,2022-11-26,WEBCAM,999999,,0.0,SUDESTE,BRUNO COSTA,REVENDEDOR,PENDENTE
PED-06567,,NOTEBOOK,,9192.47,0.203,CENTRO-OESTE,DIEGO LIMA,ONLINE,PENDENTE
PED-02348,,HD EXTERNO,,,1.0,SUL,ELENA SOUZA,ONLINE,PENDENTE
PED-02973,2023-05-22,IMPRESSORA,16,,0.0,NORTE,DIEGO LIMA,LOJA FÍSICA,PENDENTE
PED-00101,,MONITOR,196,,1.0,CENTRO-OESTE,ELENA SOUZA,ONLINE,CONCLUÍDO
PED-05752,,MOUSE,403,,0.163,NORDESTE,ELENA SOUZA,ONLINE,PENDENTE
PED-05568,2024-02-10,SMARTPHONE,999999,,0.0,CENTRO-OESTE,BRUNO COSTA,REVENDEDOR,CANCELADO
PED-05063,2023-04-11,HD EXTERNO,141,7453.88,0.361,SUL,ELENA SOUZA,ONLINE,PENDENTE
PED-04478,,SMARTPHONE,471,11821.85,0.071,SUL,ELENA SOUZA,ONLINE,CANCELADO
PED-09075,,IMPRESSORA,,12403.8,0.16,NORTE,DIEGO LIMA,ONLINE,EM ANÁLISE
PED-09104,,NOTEBOOK,,4681.44,0.26899999999999996,SUDESTE,CARLA MENDES,LOJA FÍSICA,PENDENTE
PED-04382,2024-09-03,MONITOR,,14426.95,0.0,SUDESTE,ANA SILVA,ONLINE,CONCLUÍDO
PED-00431,,TECLADO,,,1.0,NORTE,BRUNO COSTA,TELEVENDAS,CONCLUÍDO
PED-07031,2023-02-08,TABLET,,,0.126,SUDESTE,CARLA MENDES,ONLINE,CONCLUÍDO
PED-03706,2022-08-22,HEADSET,,,0.385,NORDESTE,ANA SILVA,LOJA FÍSICA,CANCELADO
PED-09291,2024-02-17,SMARTPHONE,454,10899.7,1.0,SUDESTE,CARLA MENDES,ONLINE,CONCLUÍDO
PED-01883,,NOTEBOOK,,12015.01,0.0,SUL,CARLA MENDES,LOJA FÍSICA,CONCLUÍDO
PED-06023,2022-11-09,HEADSET,,14955.85,0.0,NORTE,DIEGO LIMA,REVENDEDOR,CANCELADO
PED-05737,2023-11-11,SMARTPHONE,,287.13,0.308,NORDESTE,BRUNO COSTA,LOJA FÍSICA,CONCLUÍDO
PED-63422,2023-12-12,MONITOR,141,,0.06,SUL,CARLA MENDES,LOJA FÍSICA,CANCELADO
PED-03675,2022-01-13,MOUSE,277,,0.0,CENTRO-OESTE,ANA SILVA,REVENDEDOR,EM ANÁLISE
PED-07901,,NOTEBOOK,329,,0.16,NORTE,CARLA MENDES,ONLINE,CANCELADO
PED-02536,2022-02-20,WEBCAM,137,11091.14,0.438,NORDESTE,DIEGO LIMA,ONLINE,CONCLUÍDO
PED-03486,,IMPRESSORA,193,11736.78,0.0,NORTE,ELENA SOUZA,TELEVENDAS,PENDENTE
PED-08314,2022-06-08,HEADSET,,13708.39,0.059000000000000004,NORTE,ELENA SOUZA,REVENDEDOR,PENDENTE
PED-09664,,MONITOR,,8007.08,0.42,CENTRO-OESTE,CARLA MENDES,ONLINE,CONCLUÍDO
PED-05762,2023-07-10,IMPRESSORA,493,4407.47,0.44299999999999995,NORDESTE,DIEGO LIMA,ONLINE,EM ANÁLISE
PED-05120,2024-05-09,TABLET,420,8659.73,0.044000000000000004,NORTE,ANA SILVA,TELEVENDAS,PENDENTE
PED-08972,2024-01-23,MONITOR,,5289.75,0.35,SUDESTE,BRUNO COSTA,LOJA FÍSICA,CONCLUÍDO
PED-00843,2023-11-01,IMPRESSORA,333,,0.0,NORDESTE,ANA SILVA,REVENDEDOR,PENDENTE
PED-06930,2024-03-25,WEBCAM,478,14461.69,1.0,SUDESTE,CARLA MENDES,REVENDEDOR,CONCLUÍDO
PED-05794,2022-10-12,TECLADO,999999,6853.98,0.0,SUDESTE,ANA SILVA,LOJA FÍSICA,EM ANÁLISE
PED-09901,2023-09-16,SMARTPHONE,,1991.77,0.0,CENTRO-OESTE,CARLA MENDES,ONLINE,EM ANÁLISE
PED-02003,2022-06-22,MONITOR,,7730.72,0.24,NORDESTE,ELENA SOUZA,LOJA FÍSICA,PENDENTE
PED-05401,2024-01-28,MOUSE,53,5699.64,0.14400000000000002,SUL,ELENA SOUZA,REVENDEDOR,CONCLUÍDO
PED-00983,2022-05-21,NOTEBOOK,64,4416.74,0.022,NORTE,ANA SILVA,LOJA FÍSICA,CONCLUÍDO
PED-02132,2022-12-20,MONITOR,69,,0.0,NORTE,BRUNO COSTA,TELEVENDAS,CONCLUÍDO
PED-06106,2023-03-01,HD EXTERNO,497,4019.47,0.0,SUDESTE,BRUNO COSTA,ONLINE,CONCLUÍDO
PED-01583,2024-06-25,HD EXTERNO,313,8542.76,0.0,SUDESTE,BRUNO COSTA,LOJA FÍSICA,EM ANÁLISE
PED-07076,,NOTEBOOK,,,0.0,CENTRO-OESTE,ELENA SOUZA,TELEVENDAS,CONCLUÍDO
PED-09090,2022-09-10,HEADSET,,4385.57,0.115,SUL,DIEGO LIMA,LOJA FÍSICA,EM ANÁLISE
PED-01399,2023-06-13,TABLET,480,5487.44,0.474,NORTE,ELENA SOUZA,LOJA FÍSICA,PENDENTE
PED-09140,2024-08-18,IMPRESSORA,258,12160.25,0.249,CENTRO-OESTE,DIEGO LIMA,ONLINE,PENDENTE
PED-01100,2022-10-08,HEADSET,,2875.0,0.441,NORTE,DIEGO LIMA,ONLINE,CONCLUÍDO
PED-07771,2024-07-05,MOUSE,,,0.0,SUL,BRUNO COSTA,ONLINE,CONCLUÍDO
PED-02501,2022-10-22,MOUSE,,,0.0,NORDESTE,DIEGO LIMA,ONLINE,CANCELADO
PED-06133,,MONITOR,370,,0.0,SUDESTE,ANA SILVA,LOJA FÍSICA,CANCELADO
PED-04177,,TABLET,,12515.02,1.0,SUL,BRUNO COSTA,TELEVENDAS,PENDENTE
PED-08767,,HD EXTERNO,438,6670.89,0.43700000000000006,SUL,BRUNO COSTA,TELEVENDAS,PENDENTE
PED-06993,2022-11-28,IMPRESSORA,357,13470.23,0.0,SUL,BRUNO COSTA,ONLINE,CONCLUÍDO
PED-05121,,NOTEBOOK,47,,0.055,NORDESTE,ANA SILVA,REVENDEDOR,CANCELADO
PED-01558,,MOUSE,114,14985.32,0.0,NORTE,CARLA MENDES,LOJA FÍSICA,EM ANÁLISE
PED-06816,2022-01-22,MOUSE,,12580.8,0.0,SUDESTE,CARLA MENDES,ONLINE,CANCELADO
PED-06533,,NOTEBOOK,,761.31,0.223,NORDESTE,BRUNO COSTA,LOJA FÍSICA,PENDENTE
PED-07431,2023-11-21,SMARTPHONE,,7670.5,0.0,SUL,ANA SILVA,ONLINE,CONCLUÍDO
PED-46111,,SMARTPHONE,263,12423.0,1.0,NORTE,BRUNO COSTA,TELEVENDAS,CONCLUÍDO
PED-06780,2024-12-24,NOTEBOOK,,1299.42,0.008,SUL,DIEGO LIMA,REVENDEDOR,CONCLUÍDO
PED-00949,,WEBCAM,,,0.367,CENTRO-OESTE,BRUNO COSTA,LOJA FÍSICA,PENDENTE
PED-07399,,MOUSE,173,,0.0,CENTRO-OESTE,DIEGO LIMA,REVENDEDOR,CONCLUÍDO
PED-07047,2024-08-01,MONITOR,,9703.0,0.0,NORTE,BRUNO COSTA,TELEVENDAS,EM ANÁLISE
PED-03523,,TABLET,340,,0.0,SUL,ELENA SOUZA,TELEVENDAS,CANCELADO
PED-09371,2024-09-15,WEBCAM,,12318.09,0.0,NORTE,ELENA SOUZA,ONLINE,CONCLUÍDO
PED-01625,2024-08-27,NOTEBOOK,84,14431.76,0.0,NORTE,DIEGO LIMA,LOJA FÍSICA,EM ANÁLISE
PED-07049,2022-10-18,SMARTPHONE,,,0.0,NORTE,CARLA MENDES,TELEVENDAS,PENDENTE
PED-08283,,NOTEBOOK,112,10292.66,0.374,NORTE,BRUNO COSTA,REVENDEDOR,EM ANÁLISE
PED-09865,2023-11-05,NOTEBOOK,488,13986.23,0.0,SUDESTE,DIEGO LIMA,TELEVENDAS,PENDENTE
PED-04832,2023-07-26,TECLADO,160,7650.13,0.32899999999999996,CENTRO-OESTE,ELENA SOUZA,ONLINE,CONCLUÍDO
PED-08693,2022-08-10,TABLET,435,,1.0,CENTRO-OESTE,CARLA MENDES,ONLINE,CANCELADO
PED-06241,,HD EXTERNO,41,,0.33299999999999996,NORTE,ANA SILVA,ONLINE,CANCELADO
PED-05328,,HD EXTERNO,999999,8158.83,0.27,SUDESTE,DIEGO LIMA,TELEVENDAS,CONCLUÍDO
PED-04506,2023-04-20,SMARTPHONE,,1375.46,0.0,NORDESTE,BRUNO COSTA,TELEVENDAS,PENDENTE
PED-02068,2022-03-10,NOTEBOOK,,,0.0,NORTE,BRUNO COSTA,LOJA FÍSICA,CONCLUÍDO
PED-01077,,SMARTPHONE,,6345.33,0.139,NORTE,DIEGO LIMA,TELEVENDAS,CONCLUÍDO
PED-02431,2022-11-04,HEADSET,323,2170.82,0.22,NORTE,CARLA MENDES,ONLINE,PENDENTE
PED-05278,2023-02-18,HEADSET,999999,,1.0,NORDESTE,DIEGO LIMA,ONLINE,PENDENTE
PED-01324,2024-01-11,TABLET,5,,0.09699999999999999,CENTRO-OESTE,DIEGO LIMA,LOJA FÍSICA,CONCLUÍDO
PED-01205,2022-03-02,SMARTPHONE,,3795.09,0.38299999999999995,SUL,CARLA MENDES,ONLINE,CONCLUÍDO
PED-07268,2023-08-06,TECLADO,,3051.06,0.259,NORTE,BRUNO COSTA,ONLINE,PENDENTE
PED-08033,,MOUSE,,,0.0,CENTRO-OESTE,CARLA MENDES,TELEVENDAS,EM ANÁLISE
PED-01769,2024-11-09,TECLADO,,11146.68,0.294,CENTRO-OESTE,ANA SILVA,REVENDEDOR,EM ANÁLISE
PED-06985,,WEBCAM,,12488.86,0.0,SUDESTE,BRUNO COSTA,REVENDEDOR,CONCLUÍDO
PED-06581,2023-11-14,HEADSET,,5375.0,0.23600000000000002,SUDESTE,DIEGO LIMA,LOJA FÍSICA,CONCLUÍDO
PED-07848,,HD EXTERNO,117,,0.33299999999999996,NORDESTE,ANA SILVA,ONLINE,CANCELADO
PED-00997,2024-10-08,IMPRESSORA,999999,2311.15,0.48700000000000004,NORTE,BRUNO COSTA,ONLINE,CONCLUÍDO
PED-00511,,IMPRESSORA,364,,0.316,SUL,ELENA SOUZA,ONLINE,CANCELADO
PED-07505,2023-03-23,HEADSET,,3914.47,0.387,NORTE,ELENA SOUZA,TELEVENDAS,PENDENTE
PED-09352,2024-04-04,IMPRESSORA,339,,0.0,CENTRO-OESTE,CARLA MENDES,TELEVENDAS,PENDENTE
PED-08544,2022-01-11,TECLADO,999999,5994.0,0.17,NORTE,DIEGO LIMA,REVENDEDOR,EM ANÁLISE
PED-00711,,WEBCAM,,,0.0,SUL,ANA SILVA,LOJA FÍSICA,CONCLUÍDO
PED-03630,2022-03-03,WEBCAM,999999,12521.23,0.478,SUDESTE,BRUNO COSTA,ONLINE,CONCLUÍDO
PED-08255,2022-10-02,MONITOR,407,,1.0,CENTRO-OESTE,BRUNO COSTA,LOJA FÍSICA,PENDENTE
PED-07406,,TABLET,126,11399.76,0.0,NORTE,CARLA MENDES,LOJA FÍSICA,PENDENTE
PED-01787,2023-12-23,HEADSET,363,,0.0,SUL,ANA SILVA,ONLINE,CANCELADO
PED-08409,,IMPRESSORA,,7601.07,0.42200000000000004,CENTRO-OESTE,ELENA SOUZA,REVENDEDOR,CONCLUÍDO
PED-05932,,HEADSET,,2266.01,0.432,CENTRO-OESTE,ANA SILVA,LOJA FÍSICA,CANCELADO
PED-07345,,NOTEBOOK,,,0.272,SUL,DIEGO LIMA,REVENDEDOR,PENDENTE
PED-07803,2023-03-07,MONITOR,40,,0.0,CENTRO-OESTE,ELENA SOUZA,LOJA FÍSICA,CANCELADO
PED-01042,2023-07-27,NOTEBOOK,,4056.23,0.0,NORTE,BRUNO COSTA,ONLINE,CONCLUÍDO
PED-01863,2023-08-04,TABLET,341,,0.11199999999999999,SUDESTE,ANA SILVA,REVENDEDOR,EM ANÁLISE
PED-08620,,NOTEBOOK,289,,0.44799999999999995,CENTRO-OESTE,BRUNO COSTA,REVENDEDOR,CONCLUÍDO
PED-06898,2022-07-15,MOUSE,,5191.52,0.23,CENTRO-OESTE,ANA SILVA,LOJA FÍSICA,CONCLUÍDO
PED-02077,,HEADSET,,2154.4,0.0,SUDESTE,DIEGO LIMA,LOJA FÍSICA,PENDENTE
PED-00859,2024-03-03,SMARTPHONE,,,0.0,SUL,ANA SILVA,LOJA FÍSICA,CONCLUÍDO
PED-04348,2022-09-04,HD EXTERNO,139,,0.122,NORTE,DIEGO LIMA,REVENDEDOR,CONCLUÍDO
PED-02855,,HD EXTERNO,40,,0.0,SUL,ANA SILVA,LOJA FÍSICA,PENDENTE
PED-00259,2022-09-22,HEADSET,225,7734.89,0.422,NORDESTE,BRUNO COSTA,ONLINE,CONCLUÍDO
PED-05305,,SMARTPHONE,293,14313.26,0.0,NORTE,CARLA MENDES,TELEVENDAS,PENDENTE
PED-03899,2024-01-24,NOTEBOOK,,13389.95,0.0,NORTE,BRUNO COSTA,ONLINE,CANCELADO
PED-04459,2024-02-15,MOUSE,,9876.26,0.0,CENTRO-OESTE,CARLA MENDES,REVENDEDOR,CONCLUÍDO
PED-00244,,HEADSET,427,2191.98,0.0,CENTRO-OESTE,CARLA MENDES,TELEVENDAS,CONCLUÍDO
PED-02160,,MONITOR,,7541.0,0.0,SUL,ANA SILVA,TELEVENDAS,CONCLUÍDO
PED-00423,2024-06-18,MONITOR,112,380.93,0.0,SUDESTE,CARLA MENDES,LOJA FÍSICA,CONCLUÍDO
PED-01802,2023-06-15,IMPRESSORA,450,12027.0,0.354,SUL,ANA SILVA,LOJA FÍSICA,EM ANÁLISE
PED-02859,2022-04-26,MONITOR,300,,0.017,NORDESTE,ANA SILVA,REVENDEDOR,CONCLUÍDO
PED-08941,2023-11-15,MONITOR,999999,,0.39,NORDESTE,DIEGO LIMA,LOJA FÍSICA,EM ANÁLISE
PED-02130,2024-10-25,WEBCAM,386,7008.44,0.231,SUDESTE,CARLA MENDES,ONLINE,PENDENTE
PED-02371,2023-10-03,TECLADO,,3448.85,0.02,SUL,DIEGO LIMA,REVENDEDOR,CONCLUÍDO
PED-04543,2024-10-23,NOTEBOOK,,9966.37,0.145,CENTRO-OESTE,CARLA MENDES,TELEVENDAS,CONCLUÍDO
PED-00047,,TECLADO,32,,0.0,NORTE,CARLA MENDES,LOJA FÍSICA,EM ANÁLISE
PED-09492,,MOUSE,,,1.0,SUDESTE,CARLA MENDES,ONLINE,CANCELADO
PED-09757,2023-03-07,MOUSE,,,0.19699999999999998,CENTRO-OESTE,DIEGO LIMA,ONLINE,EM ANÁLISE
PED-03818,2024-01-10,IMPRESSORA,,,0.19,NORTE,NAN,TELEVENDAS,CANCELADO
PED-03539,2022-04-09,TECLADO,279,5799.37,0.0,NORDESTE,ELENA SOUZA,TELEVENDAS,CONCLUÍDO
PED-03395,,NOTEBOOK,76,,1.0,NORDESTE,CARLA MENDES,ONLINE,PENDENTE
PED-09381,,SMARTPHONE,293,,0.0,SUDESTE,BRUNO COSTA,TELEVENDAS,PENDENTE
PED-03363,2022-01-01,SMARTPHONE,417,,0.474,NORDESTE,BRUNO COSTA,LOJA FÍSICA,CANCELADO
PED-43062,2023-08-12,SMARTPHONE,29,,0.303,NORDESTE,ANA SILVA,ONLINE,CONCLUÍDO
PED-03991,2023-08-12,MOUSE,,9426.53,0.0,CENTRO-OESTE,DIEGO LIMA,ONLINE,PENDENTE
PED-09807,2024-10-14,HD EXTERNO,999999,,0.05,NORTE,ANA SILVA,REVENDEDOR,CONCLUÍDO
PED-09755,2024-02-14,HD EXTERNO,262,,0.0,CENTRO-OESTE,ELENA SOUZA,LOJA FÍSICA,CANCELADO
PED-00350,2024-11-03,NOTEBOOK,45,,0.0,NORDESTE,ANA SILVA,TELEVENDAS,CANCELADO
PED-09310,2022-08-28,TECLADO,,,0.205,SUL,ANA SILVA,LOJA FÍSICA,CONCLUÍDO
PED-01502,2024-04-02,IMPRESSORA,408,12475.98,0.179,NORTE,BRUNO COSTA,ONLINE,CONCLUÍDO
PED-07451,2023-06-09,HD EXTERNO,,,0.0,CENTRO-OESTE,CARLA MENDES,ONLINE,EM ANÁLISE
PED-02002,2023-03-13,WEBCAM,124,,0.14,CENTRO-OESTE,ELENA SOUZA,ONLINE,CANCELADO
PED-03110,2024-04-28,HD EXTERNO,,,0.043,NORTE,CARLA MENDES,REVENDEDOR,CONCLUÍDO
PED-04521,2024-01-26,TECLADO,999999,3965.64,0.0,SUL,CARLA MENDES,TELEVENDAS,PENDENTE
PED-06524,2024-11-21,MOUSE,,5098.98,0.0,NORDESTE,ELENA SOUZA,TELEVENDAS,CANCELADO
PED-00993,,WEBCAM,,,0.257,SUDESTE,BRUNO COSTA,ONLINE,CONCLUÍDO
PED-05877,2024-02-04,HEADSET,,4037.0,0.0,SUDESTE,ANA SILVA,REVENDEDOR,CONCLUÍDO
PED-06019,2023-09-01,TABLET,329,,0.0,SUDESTE,CARLA MENDES,ONLINE,CONCLUÍDO
PED-01628,2023-12-08,SMARTPHONE,,6082.06,0.044000000000000004,NORDESTE,CARLA MENDES,LOJA FÍSICA,CANCELADO
PED-05943,,IMPRESSORA,252,,0.135,SUL,ANA SILVA,TELEVENDAS,CANCELADO
PED-03869,2023-03-03,HEADSET,,13348.13,1.0,SUDESTE,BRUNO COSTA,ONLINE,PENDENTE
PED-07286,,SMARTPHONE,999999,300.37,0.0,NORTE,ELENA SOUZA,ONLINE,PENDENTE
PED-07265,2024-02-01,IMPRESSORA,,2519.99,0.08,NORTE,DIEGO LIMA,LOJA FÍSICA,EM ANÁLISE
PED-03560,,MONITOR,,13213.11,1.0,SUDESTE,BRUNO COSTA,LOJA FÍSICA,CANCELADO
PED-06071,2023-07-08,SMARTPHONE,,,1.0,SUDESTE,ANA SILVA,REVENDEDOR,PENDENTE
PED-00537,2022-02-11,HD EXTERNO,330,14484.81,0.0,NORTE,ANA SILVA,REVENDEDOR,CONCLUÍDO
PED-04584,,NOTEBOOK,,,0.0,NORTE,ELENA SOUZA,TELEVENDAS,PENDENTE
PED-06346,,SMARTPHONE,,9811.68,0.41600000000000004,CENTRO-OESTE,CARLA MENDES,ONLINE,CONCLUÍDO
PED-54747,,IMPRESSORA,,,0.0,NORTE,DIEGO LIMA,ONLINE,CONCLUÍDO
PED-01623,2024-11-14,MOUSE,120,9130.87,0.0,SUDESTE,ELENA SOUZA,TELEVENDAS,PENDENTE
PED-09443,2023-12-27,HD EXTERNO,500,111.55,0.427,NORTE,ELENA SOUZA,LOJA FÍSICA,EM ANÁLISE
PED-02532,2022-05-16,WEBCAM,26,,0.0,NORDESTE,BRUNO COSTA,ONLINE,CONCLUÍDO
PED-06867,2023-10-27,TECLADO,,11751.78,0.49700000000000005,NORTE,ELENA SOUZA,TELEVENDAS,CONCLUÍDO
PED-08851,2023-09-19,HEADSET,,,0.34700000000000003,CENTRO-OESTE,DIEGO LIMA,ONLINE,CANCELADO
PED-06079,2022-11-15,HD EXTERNO,,12003.36,0.168,CENTRO-OESTE,ELENA SOUZA,TELEVENDAS,CONCLUÍDO
PED-07433,2022-06-06,SMARTPHONE,,,0.381,NORTE,ELENA SOUZA,TELEVENDAS,CANCELADO
PED-06368,,HD EXTERNO,70,,1.0,SUL,DIEGO LIMA,LOJA FÍSICA,EM ANÁLISE
PED-02223,,MONITOR,,,0.251,NORTE,ELENA SOUZA,ONLINE,CONCLUÍDO
PED-08808,2024-08-26,HD EXTERNO,163,13287.84,0.0,NORDESTE,ANA SILVA,LOJA FÍSICA,PENDENTE
PED-09009,2024-12-10,MOUSE,,,0.278,SUL,ANA SILVA,LOJA FÍSICA,CANCELADO
PED-01593,2023-11-13,MONITOR,,14105.53,0.27,NORTE,ELENA SOUZA,TELEVENDAS,CANCELADO
PED-01903,2022-12-06,IMPRESSORA,,,0.0,CENTRO-OESTE,DIEGO LIMA,LOJA FÍSICA,CANCELADO
PED-08072,2024-08-24,NOTEBOOK,133,,0.0,NORTE,ELENA SOUZA,TELEVENDAS,EM ANÁLISE
PED-04987,2022-05-22,HEADSET,348,9785.34,1.0,SUL,DIEGO LIMA,ONLINE,PENDENTE
PED-00610,2024-06-23,HEADSET,,7806.95,0.084,NORDESTE,DIEGO LIMA,REVENDEDOR,EM ANÁLISE
PED-64529,2024-08-26,TECLADO,,,0.12,NORDESTE,CARLA MENDES,LOJA FÍSICA,PENDENTE
PED-02291,2023-11-25,MOUSE,220,,0.33,SUDESTE,DIEGO LIMA,LOJA FÍSICA,CONCLUÍDO
PED-01912,2024-10-13,IMPRESSORA,429,11741.5,0.196,SUDESTE,ANA SILVA,LOJA FÍSICA,CONCLUÍDO
PED-06690,2022-04-02,SMARTPHONE,,,0.019,SUL,ANA SILVA,TELEVENDAS,PENDENTE
PED-04952,2023-08-05,TABLET,,,0.326,CENTRO-OESTE,ANA SILVA,ONLINE,CONCLUÍDO
PED-07607,2024-10-14,NOTEBOOK,57,,0.293,NORDESTE,CARLA MENDES,LOJA FÍSICA,EM ANÁLISE
PED-46382,2024-02-12,TABLET,398,3049.11,0.14,SUL,BRUNO COSTA,LOJA FÍSICA,CONCLUÍDO
PED-03627,2024-06-22,HD EXTERNO,462,2433.43,0.0,SUDESTE,ELENA SOUZA,REVENDEDOR,CONCLUÍDO
PED-05375,2022-09-25,IMPRESSORA,999999,,0.316,SUDESTE,DIEGO LIMA,ONLINE,EM ANÁLISE
PED-00411,2022-07-05,MOUSE,,,0.0,SUDESTE,ELENA SOUZA,REVENDEDOR,PENDENTE
PED-30226,2024-01-14,TECLADO,,,0.29,SUL,CARLA MENDES,REVENDEDOR,EM ANÁLISE
PED-03831,,IMPRESSORA,,73.47,0.0,NORTE,ANA SILVA,TELEVENDAS,CONCLUÍDO
PED-01776,,MONITOR,476,128.0,0.0,CENTRO-OESTE,ELENA SOUZA,TELEVENDAS,PENDENTE
PED-51469,2023-01-22,HEADSET,27,,0.442,CENTRO-OESTE,BRUNO COSTA,TELEVENDAS,CONCLUÍDO
PED-07137,2022-10-18,TECLADO,451,3076.32,1.0,NORDESTE,ANA SILVA,LOJA FÍSICA,CONCLUÍDO
PED-04296,,IMPRESSORA,347,10669.27,0.339,CENTRO-OESTE,ELENA SOUZA,ONLINE,PENDENTE
PED-06039,2022-05-07,SMARTPHONE,311,,0.021,NORTE,ELENA SOUZA,LOJA FÍSICA,CANCELADO
PED-09125,2024-04-14,TABLET,,,0.033,NORTE,CARLA MENDES,LOJA FÍSICA,PENDENTE
PED-02025,2023-07-17,TABLET,,,0.12,SUDESTE,ELENA SOUZA,REVENDEDOR,CANCELADO
PED-08792,,WEBCAM,999999,13960.22,0.33299999999999996,SUL,NAN,REVENDEDOR,EM ANÁLISE
PED-04333,2024-11-25,HEADSET,,10934.63,1.0,SUL,ELENA SOUZA,LOJA FÍSICA,CONCLUÍDO
PED-00229,2023-08-05,HD EXTERNO,,,0.015,SUL,DIEGO LIMA,LOJA FÍSICA,EM ANÁLISE
PED-06465,,NOTEBOOK,323,,0.102,CENTRO-OESTE,ANA SILVA,LOJA FÍSICA,PENDENTE
PED-01480,2023-05-07,HD EXTERNO,999999,1721.79,1.0,NORTE,BRUNO COSTA,REVENDEDOR,PENDENTE
PED-28117,2024-08-24,MOUSE,211,6313.31,0.24,NORDESTE,ANA SILVA,LOJA FÍSICA,CANCELADO
PED-06512,,TABLET,64,,0.0,SUL,ANA SILVA,ONLINE,EM ANÁLISE
PED-03697,2023-08-10,WEBCAM,,7832.48,0.0,NORDESTE,ELENA SOUZA,ONLINE,CONCLUÍDO
PED-02307,2024-11-07,WEBCAM,238,,1.0,NORTE,CARLA MENDES,ONLINE,CONCLUÍDO
PED-01234,2023-09-08,NOTEBOOK,382,5254.23,0.313,SUDESTE,CARLA MENDES,LOJA FÍSICA,EM ANÁLISE
PED-07674,2024-08-01,HD EXTERNO,999999,,0.157,NORTE,ANA SILVA,TELEVENDAS,CONCLUÍDO
PED-01887,2024-11-06,IMPRESSORA,999999,14937.11,0.21600000000000003,SUL,CARLA MENDES,REVENDEDOR,CANCELADO
PED-05550,2023-02-14,HD EXTERNO,294,1458.12,0.0,SUL,BRUNO COSTA,REVENDEDOR,CONCLUÍDO
PED-08931,2024-12-19,MOUSE,999999,10462.0,0.35600000000000004,SUL,ANA SILVA,TELEVENDAS,CONCLUÍDO
PED-07895,2024-05-12,HD EXTERNO,,68.25,0.41,SUL,DIEGO LIMA,LOJA FÍSICA,CONCLUÍDO
PED-04211,2024-03-13,MONITOR,,,0.09699999999999999,SUDESTE,ANA SILVA,REVENDEDOR,CONCLUÍDO
PED-02696,2023-08-07,HD EXTERNO,283,,0.386,SUDESTE,CARLA MENDES,ONLINE,CONCLUÍDO
PED-04466,,MONITOR,,,0.448,SUL,DIEGO LIMA,ONLINE,CONCLUÍDO
PED-08222,,NOTEBOOK,,,0.14,NORTE,BRUNO COSTA,ONLINE,PENDENTE
PED-08698,2023-07-13,IMPRESSORA,343,4027.0,0.392,SUL,ANA SILVA,ONLINE,PENDENTE
PED-05995,2023-09-01,MOUSE,243,,0.0,NORTE,DIEGO LIMA,TELEVENDAS,CONCLUÍDO
PED-09385,2024-08-28,HEADSET,,,0.43700000000000006,CENTRO-OESTE,ELENA SOUZA,LOJA FÍSICA,EM ANÁLISE
PED-02166,2023-08-14,HD EXTERNO,,6222.72,1.0,NORDESTE,ELENA SOUZA,TELEVENDAS,EM ANÁLISE
PED-03290,2024-03-28,TECLADO,248,8788.6,0.0,NORDESTE,ELENA SOUZA,LOJA FÍSICA,CANCELADO
PED-02878,2023-07-28,TECLADO,291,12560.0,1.0,SUL,NAN,LOJA FÍSICA,CONCLUÍDO
PED-09080,2023-09-26,TABLET,98,6837.58,0.025,SUDESTE,ANA SILVA,ONLINE,CONCLUÍDO
PED-05353,2022-07-19,MOUSE,,13586.8,0.361,SUL,DIEGO LIMA,REVENDEDOR,CONCLUÍDO
PED-04836,2022-12-08,TECLADO,,1823.1,0.0,CENTRO-OESTE,ELENA SOUZA,LOJA FÍSICA,EM ANÁLISE
PED-01477,2023-02-08,IMPRESSORA,215,3567.78,0.0,NORTE,CARLA MENDES,LOJA FÍSICA,CONCLUÍDO
PED-02154,,MONITOR,161,,0.0,NORDESTE,DIEGO LIMA,REVENDEDOR,CONCLUÍDO
PED-09936,,MONITOR,,,0.415,SUDESTE,ELENA SOUZA,ONLINE,PENDENTE
PED-00547,2022-12-21,NOTEBOOK,,6099.33,0.324,NORTE,ELENA SOUZA,LOJA FÍSICA,EM ANÁLISE
PED-07223,2022-11-01,WEBCAM,999999,,0.0,NORTE,BRUNO COSTA,ONLINE,CONCLUÍDO
PED-05062,2023-05-22,TECLADO,,,0.223,NORTE,ANA SILVA,TELEVENDAS,CONCLUÍDO
PED-00646,,IMPRESSORA,480,61.81,0.0,CENTRO-OESTE,DIEGO LIMA,TELEVENDAS,PENDENTE
PED-01592,,MONITOR,,5651.3,0.057999999999999996,SUDESTE,ELENA SOUZA,REVENDEDOR,EM ANÁLISE
PED-02241,2023-10-09,TABLET,,,0.197,SUDESTE,CARLA MENDES,LOJA FÍSICA,CANCELADO
PED-04107,2022-09-22,TECLADO,245,1624.14,0.433,SUL,BRUNO COSTA,LOJA FÍSICA,CONCLUÍDO
PED-03116,,WEBCAM,,10508.03,0.051,SUL,BRUNO COSTA,LOJA FÍSICA,PENDENTE
PED-03589,2022-08-18,NOTEBOOK,,11867.85,1.0,SUDESTE,ELENA SOUZA,REVENDEDOR,PENDENTE
PED-05773,2022-06-20,MONITOR,,,1.0,SUL,CARLA MENDES,ONLINE,CANCELADO
PED-91155,2024-03-21,HEADSET,409,2331.26,0.0,SUL,CARLA MENDES,REVENDEDOR,EM ANÁLISE
PED-04690,2023-06-05,TECLADO,,,0.022000000000000002,SUL,ANA SILVA,LOJA FÍSICA,CANCELADO
PED-01326,,MONITOR,483,761.32,0.41100000000000003,NORTE,DIEGO LIMA,TELEVENDAS,PENDENTE
PED-00804,2022-11-07,TABLET,,,0.0,SUL,DIEGO LIMA,TELEVENDAS,PENDENTE
PED-00133,,HD EXTERNO,356,,0.483,NORTE,ELENA SOUZA,LOJA FÍSICA,CANCELADO
PED-04498,2023-12-27,WEBCAM,62,,0.136,CENTRO-OESTE,BRUNO COSTA,LOJA FÍSICA,EM ANÁLISE
PED-09693,2023-07-04,TABLET,396,7716.0,0.0,SUDESTE,ANA SILVA,ONLINE,PENDENTE
PED-00360,2022-02-21,TABLET,,6846.23,0.065,SUL,CARLA MENDES,LOJA FÍSICA,PENDENTE
PED-04838,2024-02-02,MONITOR,,4054.56,0.0,SUL,CARLA MENDES,REVENDEDOR,PENDENTE
PED-04848,,MONITOR,476,1951.0,0.0,CENTRO-OESTE,ELENA SOUZA,REVENDEDOR,EM ANÁLISE
PED-09961,2022-10-21,TABLET,,286.31,0.146,SUDESTE,CARLA MENDES,REVENDEDOR,CANCELADO
PED-06249,2024-03-27,HEADSET,,7999.09,0.226,NORDESTE,DIEGO LIMA,LOJA FÍSICA,CONCLUÍDO
PED-07255,2024-11-08,SMARTPHONE,56,,0.0,SUDESTE,ELENA SOUZA,ONLINE,CONCLUÍDO
PED-01748,,IMPRESSORA,999999,,0.5,SUDESTE,CARLA MENDES,LOJA FÍSICA,PENDENTE
PED-51463,2024-01-22,SMARTPHONE,,,0.0,SUL,BRUNO COSTA,REVENDEDOR,EM ANÁLISE
PED-06303,2022-08-16,TECLADO,94,11208.42,0.0,SUDESTE,BRUNO COSTA,TELEVENDAS,CONCLUÍDO
PED-03264,2022-08-16,HD EXTERNO,418,12302.03,0.11599999999999999,SUL,CARLA MENDES,TELEVENDAS,EM ANÁLISE
PED-04950,,TABLET,,5316.98,0.063,SUL,BRUNO COSTA,REVENDEDOR,PENDENTE
PED-07485,2023-04-27,MOUSE,49,,0.106,SUL,ANA SILVA,LOJA FÍSICA,EM ANÁLISE
PED-04098,,MONITOR,351,11172.29,0.0,NORDESTE,BRUNO COSTA,LOJA FÍSICA,CANCELADO
PED-06952,2023-05-16,MONITOR,50,,0.171,SUL,BRUNO COSTA,TELEVENDAS,EM ANÁLISE
PED-04902,2023-01-17,HEADSET,,,0.0,NORTE,BRUNO COSTA,ONLINE,CONCLUÍDO
PED-05662,,MOUSE,,,0.195,NORTE,BRUNO COSTA,TELEVENDAS,CONCLUÍDO
PED-07238,2024-12-06,HD EXTERNO,,8474.46,0.0,SUL,BRUNO COSTA,LOJA FÍSICA,CONCLUÍDO
PED-01211,,MOUSE,999999,3336.0,0.447,NORDESTE,ELENA SOUZA,ONLINE,PENDENTE
PED-02589,2023-02-20,WEBCAM,353,6339.75,0.0,SUDESTE,DIEGO LIMA,TELEVENDAS,CONCLUÍDO
PED-08956,2023-06-18,MOUSE,,10633.3,0.055,NORDESTE,DIEGO LIMA,LOJA FÍSICA,EM ANÁLISE
PED-04713,2022-03-23,NOTEBOOK,48,2614.92,0.0,SUL,BRUNO COSTA,REVENDEDOR,CONCLUÍDO
PED-07623,2022-08-14,MONITOR,,1169.92,0.405,SUL,ELENA SOUZA,TELEVENDAS,CANCELADO
PED-00154,,WEBCAM,130,3840.83,0.365,CENTRO-OESTE,DIEGO LIMA,ONLINE,PENDENTE
PED-04184,,IMPRESSORA,999999,1059.34,0.03,NORTE,ANA SILVA,TELEVENDAS,CONCLUÍDO
PED-07530,2022-09-01,HEADSET,,7448.35,1.0,SUL,BRUNO COSTA,REVENDEDOR,PENDENTE
PED-04162,2022-09-13,MOUSE,,9874.48,1.0,CENTRO-OESTE,DIEGO LIMA,ONLINE,PENDENTE
PED-07556,2023-03-14,NOTEBOOK,,,0.0,SUL,ELENA SOUZA,LOJA FÍSICA,CANCELADO
PED-03805,2022-09-01,TABLET,,3379.18,0.36,SUL,CARLA MENDES,REVENDEDOR,PENDENTE
PED-02345,2024-01-09,NOTEBOOK,,,0.0,NORDESTE,ANA SILVA,LOJA FÍSICA,CONCLUÍDO
PED-08154,2024-09-17,MONITOR,,13398.53,0.0,SUL,DIEGO LIMA,TELEVENDAS,CONCLUÍDO
PED-03946,2022-12-08,TABLET,337,298.95,0.39,CENTRO-OESTE,DIEGO LIMA,ONLINE,EM ANÁLISE
PED-09598,,NOTEBOOK,165,,0.0,SUL,ELENA SOUZA,TELEVENDAS,PENDENTE
PED-01294,,MOUSE,167,12797.89,0.4,NORDESTE,ELENA SOUZA,LOJA FÍSICA,EM ANÁLISE
PED-02869,2024-12-16,WEBCAM,999999,680.04,0.0,SUDESTE,DIEGO LIMA,ONLINE,PENDENTE
PED-02786,2024-11-28,HEADSET,,6546.82,0.0,SUL,ELENA SOUZA,REVENDEDOR,CANCELADO
PED-05222,,HEADSET,476,,0.0,SUL,CARLA MENDES,ONLINE,EM ANÁLISE
PED-06752,,MONITOR,,,0.047,NORDESTE,ANA SILVA,LOJA FÍSICA,CONCLUÍDO
PED-09477,2022-07-19,IMPRESSORA,197,6946.71,0.414,SUDESTE,DIEGO LIMA,TELEVENDAS,PENDENTE
PED-04001,2022-04-28,IMPRESSORA,424,3298.63,0.0,SUDESTE,DIEGO LIMA,ONLINE,CANCELADO
PED-32019,,TABLET,999999,,1.0,NORTE,ANA SILVA,LOJA FÍSICA,CONCLUÍDO
PED-70912,2022-02-12,IMPRESSORA,,7492.0,0.342,NORTE,DIEGO LIMA,LOJA FÍSICA,CANCELADO
PED-06142,2022-06-28,TABLET,25,14023.63,1.0,SUDESTE,DIEGO LIMA,REVENDEDOR,PENDENTE
PED-05874,,SMARTPHONE,999999,14930.84,0.327,NORTE,ANA SILVA,REVENDEDOR,PENDENTE
PED-04807,,TABLET,228,14484.96,0.055999999999999994,SUDESTE,DIEGO LIMA,REVENDEDOR,PENDENTE
PED-15290,2024-03-20,TABLET,201,1959.38,0.063,SUDESTE,CARLA MENDES,TELEVENDAS,CANCELADO
PED-05315,2024-10-10,TECLADO,239,,0.268,NORDESTE,ELENA SOUZA,LOJA FÍSICA,CONCLUÍDO
PED-00754,2024-09-14,SMARTPHONE,,,0.375,NORDESTE,CARLA MENDES,LOJA FÍSICA,CANCELADO
PED-00475,2023-09-25,TABLET,999999,6588.3,0.0,SUDESTE,BRUNO COSTA,LOJA FÍSICA,PENDENTE
PED-04907,,TECLADO,,,0.0,SUDESTE,DIEGO LIMA,LOJA FÍSICA,CONCLUÍDO
PED-02726,,HD EXTERNO,478,,0.32799999999999996,CENTRO-OESTE,ANA SILVA,ONLINE,CANCELADO
PED-07270,2023-11-21,TECLADO,417,3706.68,0.275,SUDESTE,BRUNO COSTA,ONLINE,EM ANÁLISE
PED-01647,2024-06-12,IMPRESSORA,266,,0.0,SUL,ANA SILVA,ONLINE,CANCELADO
PED-09775,2022-01-20,WEBCAM,170,,0.113,NORTE,CARLA MENDES,LOJA FÍSICA,PENDENTE
PED-07111,2024-04-08,TABLET,,4096.99,0.114,CENTRO-OESTE,DIEGO LIMA,LOJA FÍSICA,PENDENTE
PED-01481,2023-09-17,NOTEBOOK,425,5861.47,0.016,SUL,CARLA MENDES,ONLINE,CONCLUÍDO
PED-09255,2023-03-17,MOUSE,7,,0.18,NORTE,ELENA SOUZA,ONLINE,CONCLUÍDO
PED-04709,2023-07-21,IMPRESSORA,,6207.63,0.0,NORTE,ELENA SOUZA,LOJA FÍSICA,CONCLUÍDO
PED-03847,2024-09-27,MONITOR,,3335.38,0.158,SUL,ANA SILVA,REVENDEDOR,CONCLUÍDO
PED-01122,2022-07-03,MONITOR,116,7890.78,0.455,NORDESTE,CARLA MENDES,REVENDEDOR,CONCLUÍDO
PED-00589,,IMPRESSORA,,,0.087,SUDESTE,ELENA SOUZA,REVENDEDOR,EM ANÁLISE
PED-08865,2023-06-07,IMPRESSORA,270,7109.79,0.0,SUDESTE,BRUNO COSTA,LOJA FÍSICA,PENDENTE
PED-07995,2024-11-05,TECLADO,211,6509.0,0.41,NORDESTE,ANA SILVA,REVENDEDOR,EM ANÁLISE
PED-05189,2023-02-09,HEADSET,149,11273.44,0.0,NORTE,ANA SILVA,REVENDEDOR,PENDENTE
PED-06227,2024-11-25,HEADSET,429,14023.6,0.20800000000000002,SUDESTE,ANA SILVA,REVENDEDOR,PENDENTE
PED-08743,2024-10-10,SMARTPHONE,,,0.0,NORTE,ELENA SOUZA,TELEVENDAS,CONCLUÍDO
PED-05384,2023-08-19,MOUSE,136,,0.0,SUL,BRUNO COSTA,TELEVENDAS,CONCLUÍDO
PED-01316,2024-11-06,TABLET,,,0.042,SUL,DIEGO LIMA,TELEVENDAS,CONCLUÍDO
PED-31493,,MOUSE,,,0.0,SUL,BRUNO COSTA,REVENDEDOR,EM ANÁLISE
PED-05547,2024-11-24,IMPRESSORA,,,0.486,SUDESTE,ELENA SOUZA,LOJA FÍSICA,CONCLUÍDO
PED-01762,2023-06-28,NOTEBOOK,457,,0.259,CENTRO-OESTE,ANA SILVA,LOJA FÍSICA,CONCLUÍDO
PED-07693,2024-02-26,WEBCAM,35,,0.0,CENTRO-OESTE,DIEGO LIMA,TELEVENDAS,CONCLUÍDO
PED-90993,,NAN,456,9763.45,0.0,SUL,CARLA MENDES,REVENDEDOR,CANCELADO
PED-02530,2024-03-17,IMPRESSORA,479,,0.46,NORTE,ANA SILVA,LOJA FÍSICA,PENDENTE
PED-06718,,MOUSE,999999,,0.0,SUL,CARLA MENDES,ONLINE,CANCELADO
PED-02362,2024-08-09,NOTEBOOK,,,0.0,SUL,BRUNO COSTA,ONLINE,CONCLUÍDO
PED-00252,2023-01-27,HEADSET,312,12755.76,0.04900000000000001,SUL,DIEGO LIMA,TELEVENDAS,CANCELADO
PED-07487,2024-03-14,NOTEBOOK,228,,0.40299999999999997,NORTE,BRUNO COSTA,REVENDEDOR,EM ANÁLISE
PED-08618,2024-09-13,MOUSE,435,5341.54,0.171,SUL,ELENA SOUZA,ONLINE,PENDENTE
PED-78098,2024-09-27,SMARTPHONE,,,0.027999999999999997,NORTE,CARLA MENDES,REVENDEDOR,PENDENTE
PED-07214,2023-11-06,IMPRESSORA,228,,0.42200000000000004,CENTRO-OESTE,ANA SILVA,ONLINE,PENDENTE
PED-01645,2022-09-21,MOUSE,,,0.167,SUL,CARLA MENDES,ONLINE,PENDENTE
PED-05440,2023-08-26,TECLADO,305,10892.32,0.0,SUL,BRUNO COSTA,ONLINE,CONCLUÍDO
PED-08230,2022-10-16,HEADSET,,,0.0,SUDESTE,DIEGO LIMA,TELEVENDAS,PENDENTE
PED-09243,2022-11-22,SMARTPHONE,180,4074.21,0.011,CENTRO-OESTE,DIEGO LIMA,REVENDEDOR,EM ANÁLISE
PED-00607,2023-06-22,TECLADO,318,12960.17,0.0,CENTRO-OESTE,DIEGO LIMA,LOJA FÍSICA,PENDENTE
PED-08116,2024-10-05,IMPRESSORA,,9962.42,0.0,SUL,ELENA SOUZA,ONLINE,CANCELADO
PED-24779,2023-12-25,HEADSET,177,,0.0,NORTE,BRUNO COSTA,ONLINE,CONCLUÍDO
PED-06326,2024-07-17,MONITOR,,,1.0,SUDESTE,CARLA MENDES,LOJA FÍSICA,CANCELADO
PED-06247,2024-12-18,HD EXTERNO,,,0.239,NORTE,BRUNO COSTA,REVENDEDOR,CANCELADO
PED-09786,2023-10-24,MOUSE,291,,0.0,SUL,DIEGO LIMA,REVENDEDOR,PENDENTE
PED-05214,,NOTEBOOK,,,0.15,SUL,BRUNO COSTA,LOJA FÍSICA,CONCLUÍDO
PED-00716,2022-03-25,IMPRESSORA,129,,0.058,SUL,BRUNO COSTA,ONLINE,CANCELADO
PED-06731,2023-03-09,MOUSE,,6426.23,0.0,SUL,ANA SILVA,TELEVENDAS,CONCLUÍDO
PED-03827,2023-10-21,HD EXTERNO,472,13346.92,0.0,NORDESTE,BRUNO COSTA,TELEVENDAS,EM ANÁLISE
PED-06275,2023-11-02,TECLADO,,8281.97,0.0,NORDESTE,BRUNO COSTA,ONLINE,CONCLUÍDO
PED-03913,2022-06-04,SMARTPHONE,,,0.0,SUDESTE,DIEGO LIMA,LOJA FÍSICA,CANCELADO
PED-03091,,MOUSE,999999,,0.0,NORTE,DIEGO LIMA,TELEVENDAS,PENDENTE
PED-05273,2022-05-23,TABLET,,,0.16,NORDESTE,NAN,LOJA FÍSICA,CONCLUÍDO
PED-07461,2023-01-20,HD EXTERNO,999999,,0.0,NORTE,ELENA SOUZA,LOJA FÍSICA,CANCELADO
PED-06181,2023-12-16,MONITOR,439,2937.16,0.0,SUL,ANA SILVA,LOJA FÍSICA,EM ANÁLISE
PED-08904,,NOTEBOOK,,9178.11,0.0,NORTE,CARLA MENDES,REVENDEDOR,EM ANÁLISE
PED-09043,2023-08-13,HD EXTERNO,418,13896.32,0.0,SUL,ELENA SOUZA,REVENDEDOR,CANCELADO
PED-05447,2022-11-18,TABLET,228,6178.0,0.0,NORTE,DIEGO LIMA,ONLINE,CANCELADO
PED-05655,,TABLET,,6851.06,0.45,SUL,DIEGO LIMA,LOJA FÍSICA,CANCELADO
PED-07936,2024-01-20,MONITOR,,9799.37,0.0,SUL,ELENA SOUZA,TELEVENDAS,CONCLUÍDO
PED-08825,,HD EXTERNO,435,,0.0,NORDESTE,ELENA SOUZA,REVENDEDOR,CONCLUÍDO
PED-07317,,TECLADO,999999,13164.43,0.004,SUDESTE,ANA SILVA,REVENDEDOR,CONCLUÍDO
PED-02435,2023-11-25,NOTEBOOK,272,9319.52,0.15,NORTE,DIEGO LIMA,LOJA FÍSICA,PENDENTE
PED-08023,2024-01-27,MOUSE,430,14941.62,0.0,NORTE,BRUNO COSTA,ONLINE,CONCLUÍDO
PED-04892,2022-01-22,MOUSE,999999,4206.61,0.124,SUL,BRUNO COSTA,ONLINE,CONCLUÍDO
PED-04635,2022-04-01,IMPRESSORA,417,,0.055999999999999994,SUL,BRUNO COSTA,TELEVENDAS,CANCELADO
PED-00043,,TECLADO,141,1938.03,1.0,SUL,DIEGO LIMA,REVENDEDOR,EM ANÁLISE
PED-04378,,TECLADO,999999,4594.8,0.0,SUL,ELENA SOUZA,LOJA FÍSICA,CANCELADO
PED-08319,2024-11-25,TECLADO,71,,0.0,SUDESTE,CARLA MENDES,REVENDEDOR,CONCLUÍDO
PED-05569,2024-08-13,WEBCAM,,9778.0,0.21899999999999997,SUDESTE,ANA SILVA,LOJA FÍSICA,PENDENTE
PED-06799,2023-06-24,MONITOR,,8666.0,1.0,CENTRO-OESTE,BRUNO COSTA,LOJA FÍSICA,CANCELADO
PED-06599,,HEADSET,464,,0.0,CENTRO-OESTE,BRUNO COSTA,LOJA FÍSICA,PENDENTE
PED-01144,,TECLADO,38,,0.0,SUL,ANA SILVA,LOJA FÍSICA,EM ANÁLISE
PED-02237,,NOTEBOOK,83,11778.19,0.447,NORTE,CARLA MENDES,LOJA FÍSICA,CONCLUÍDO
PED-08328,,HEADSET,298,8488.68,1.0,SUDESTE,ANA SILVA,REVENDEDOR,CONCLUÍDO
PED-03123,,MONITOR,,,0.306,SUDESTE,ELENA SOUZA,ONLINE,CANCELADO
PED-06285,2023-09-16,WEBCAM,226,3071.39,0.0,SUL,CARLA MENDES,TELEVENDAS,PENDENTE
PED-02370,2022-01-02,HEADSET,497,11105.53,0.451,NORTE,ANA SILVA,ONLINE,PENDENTE
PED-09032,2022-06-12,HD EXTERNO,161,7722.06,0.293,SUDESTE,BRUNO COSTA,ONLINE,CONCLUÍDO
PED-07484,2023-11-09,IMPRESSORA,55,12336.59,0.07,NORDESTE,ELENA SOUZA,ONLINE,PENDENTE
PED-03994,,SMARTPHONE,999999,8213.28,0.135,NORTE,ELENA SOUZA,ONLINE,PENDENTE
PED-07737,2024-09-12,WEBCAM,,,0.305,CENTRO-OESTE,DIEGO LIMA,LOJA FÍSICA,EM ANÁLISE
PED-07906,,IMPRESSORA,,,0.089,SUDESTE,BRUNO COSTA,REVENDEDOR,PENDENTE
PED-06808,2023-05-15,TECLADO,153,,0.034,NORTE,DIEGO LIMA,ONLINE,PENDENTE
PED-04480,2023-02-23,SMARTPHONE,,,0.0,SUDESTE,CARLA MENDES,TELEVENDAS,PENDENTE
PED-08338,,SMARTPHONE,,6421.0,0.021,CENTRO-OESTE,BRUNO COSTA,TELEVENDAS,CANCELADO
PED-04782,2022-04-16,WEBCAM,,9901.0,0.013999999999999999,NORDESTE,CARLA MENDES,LOJA FÍSICA,PENDENTE
PED-08166,2023-11-10,MOUSE,29,,0.122,SUDESTE,ELENA SOUZA,ONLINE,EM ANÁLISE
PED-02523,2022-09-04,IMPRESSORA,,,0.0,NORTE,CARLA MENDES,ONLINE,PENDENTE
PED-02694,2023-11-04,NOTEBOOK,155,8432.0,0.037000000000000005,SUDESTE,ELENA SOUZA,LOJA FÍSICA,CANCELADO
PED-07561,2024-11-15,HEADSET,,,0.075,SUL,DIEGO LIMA,LOJA FÍSICA,PENDENTE
PED-01859,2024-10-12,HEADSET,,11931.41,1.0,SUL,DIEGO LIMA,LOJA FÍSICA,PENDENTE
PED-06965,2024-05-06,NOTEBOOK,423,9817.13,1.0,CENTRO-OESTE,DIEGO LIMA,ONLINE,CONCLUÍDO
PED-01528,2024-09-04,TABLET,,,0.0,SUDESTE,ANA SILVA,LOJA FÍSICA,PENDENTE
PED-06685,2022-11-05,HD EXTERNO,325,8007.58,0.23199999999999998,SUDESTE,ELENA SOUZA,ONLINE,PENDENTE
PED-23283,2022-10-22,HEADSET,291,11601.17,1.0,SUL,ELENA SOUZA,LOJA FÍSICA,CANCELADO
PED-00225,2023-08-24,SMARTPHONE,,,0.327,SUL,CARLA MENDES,ONLINE,CANCELADO
PED-09025,2022-01-09,TECLADO,104,,0.0,CENTRO-OESTE,DIEGO LIMA,REVENDEDOR,CONCLUÍDO
PED-05092,,WEBCAM,,,0.0,SUDESTE,BRUNO COSTA,LOJA FÍSICA,CONCLUÍDO
PED-02595,2024-08-10,HD EXTERNO,999999,2668.26,0.43,NORDESTE,DIEGO LIMA,ONLINE,PENDENTE
PED-03921,2023-01-27,IMPRESSORA,50,10760.92,0.33399999999999996,SUL,BRUNO COSTA,ONLINE,CONCLUÍDO
PED-00473,2024-10-01,NOTEBOOK,,10922.28,0.0,NORTE,CARLA MENDES,TELEVENDAS,CANCELADO
PED-01990,2024-06-20,TECLADO,,,0.0,SUDESTE,ANA SILVA,LOJA FÍSICA,CANCELADO
PED-07942,2023-02-09,TECLADO,454,,0.13,NORTE,ANA SILVA,LOJA FÍSICA,EM ANÁLISE
PED-07179,2024-07-19,HEADSET,429,11846.21,0.26,SUL,ELENA SOUZA,ONLINE,CANCELADO
PED-04720,2023-05-20,HEADSET,232,,0.18100000000000002,NORTE,ANA SILVA,ONLINE,CONCLUÍDO
PED-02147,,MONITOR,350,5310.95,0.381,SUDESTE,DIEGO LIMA,LOJA FÍSICA,PENDENTE
PED-08999,,TECLADO,91,5235.59,0.0,SUL,ELENA SOUZA,REVENDEDOR,EM ANÁLISE
PED-04376,,TABLET,319,,0.36700000000000005,NORTE,ANA SILVA,LOJA FÍSICA,CANCELADO
PED-09653,2023-02-13,WEBCAM,38,,0.0,SUDESTE,DIEGO LIMA,LOJA FÍSICA,CONCLUÍDO
PED-00846,,IMPRESSORA,,,0.0,SUDESTE,BRUNO COSTA,TELEVENDAS,PENDENTE
PED-07243,2023-07-10,HD EXTERNO,,9940.27,0.221,NORTE,BRUNO COSTA,ONLINE,CANCELADO
PED-08168,,HD EXTERNO,115,13731.33,0.0,SUDESTE,CARLA MENDES,TELEVENDAS,CONCLUÍDO
PED-05928,2023-04-03,MONITOR,153,13795.0,0.0,SUL,ELENA SOUZA,TELEVENDAS,CONCLUÍDO
PED-08495,2023-11-11,HD EXTERNO,,13635.54,0.0,NORDESTE,ANA SILVA,TELEVENDAS,CANCELADO
PED-03074,,TECLADO,286,11632.09,0.0,SUL,CARLA MENDES,LOJA FÍSICA,CANCELADO
PED-00889,2024-12-02,HD EXTERNO,,,0.32,SUDESTE,CARLA MENDES,LOJA FÍSICA,CONCLUÍDO
PED-06771,2023-04-22,SMARTPHONE,213,,0.0,SUDESTE,BRUNO COSTA,ONLINE,PENDENTE
PED-16585,2022-07-01,IMPRESSORA,,,0.0,SUL,BRUNO COSTA,ONLINE,EM ANÁLISE
PED-08890,,HD EXTERNO,140,,0.134,NORDESTE,CARLA MENDES,LOJA FÍSICA,CONCLUÍDO
PED-00019,,TECLADO,,,1.0,CENTRO-OESTE,DIEGO LIMA,LOJA FÍSICA,PENDENTE
PED-08432,2023-06-20,NOTEBOOK,,13061.69,0.136,SUL,ELENA SOUZA,ONLINE,CONCLUÍDO
PED-06623,2024-08-14,TABLET,107,,0.498,CENTRO-OESTE,ANA SILVA,TELEVENDAS,PENDENTE
PED-01900,2023-06-19,SMARTPHONE,,,0.363,SUDESTE,ANA SILVA,LOJA FÍSICA,CONCLUÍDO
PED-05297,,WEBCAM,76,13970.0,0.0,SUDESTE,ELENA SOUZA,TELEVENDAS,CONCLUÍDO
PED-04136,,MOUSE,479,4399.3,0.0,NORTE,ANA SILVA,REVENDEDOR,CONCLUÍDO
PED-05154,2024-04-15,HD EXTERNO,,871.03,0.0,SUL,DIEGO LIMA,ONLINE,EM ANÁLISE
PED-01443,2022-09-23,MOUSE,,,0.0,SUL,ANA SILVA,LOJA FÍSICA,EM ANÁLISE
PED-07452,2023-10-10,TABLET,90,,0.40399999999999997,NORTE,ANA SILVA,LOJA FÍSICA,PENDENTE
PED-00602,2022-12-08,NOTEBOOK,,5445.0,0.33799999999999997,CENTRO-OESTE,DIEGO LIMA,ONLINE,CANCELADO
PED-09013,2023-10-23,MONITOR,,,0.0,SUDESTE,BRUNO COSTA,LOJA FÍSICA,PENDENTE
PED-06562,2022-03-26,NOTEBOOK,483,2083.66,1.0,SUDESTE,ANA SILVA,LOJA FÍSICA,PENDENTE
PED-04723,2024-09-02,WEBCAM,,,0.0,NORTE,ANA SILVA,REVENDEDOR,CANCELADO
PED-08118,,TECLADO,403,8574.0,0.149,CENTRO-OESTE,BRUNO COSTA,ONLINE,EM ANÁLISE
PED-06745,,WEBCAM,366,10393.34,1.0,SUDESTE,ANA SILVA,REVENDEDOR,CONCLUÍDO
PED-05404,2022-12-15,HEADSET,,14888.21,0.297,CENTRO-OESTE,NAN,TELEVENDAS,PENDENTE
PED-02635,2022-06-04,TECLADO,,,0.436,SUL,ANA SILVA,TELEVENDAS,EM ANÁLISE
PED-01714,,NOTEBOOK,334,9724.0,0.0,NORDESTE,BRUNO COSTA,LOJA FÍSICA,PENDENTE
PED-05261,2022-03-16,NOTEBOOK,999999,,0.0,NORTE,DIEGO LIMA,ONLINE,CONCLUÍDO
PED-05461,,NOTEBOOK,202,10829.7,0.0,SUDESTE,ELENA SOUZA,LOJA FÍSICA,PENDENTE
PED-06691,2023-11-02,MOUSE,,,0.315,NORTE,CARLA MENDES,LOJA FÍSICA,CANCELADO
PED-05701,2024-12-03,HD EXTERNO,256,272.09,0.037000000000000005,NORTE,ANA SILVA,TELEVENDAS,CONCLUÍDO
PED-07701,,MOUSE,,,0.0,NORTE,DIEGO LIMA,ONLINE,PENDENTE
PED-07529,2023-04-27,WEBCAM,,,0.17800000000000002,SUDESTE,CARLA MENDES,TELEVENDAS,CANCELADO
PED-09227,2023-04-07,NOTEBOOK,,13867.51,0.089,NORTE,ANA SILVA,LOJA FÍSICA,CANCELADO
PED-07142,2024-07-01,MONITOR,,12622.36,0.052000000000000005,SUDESTE,DIEGO LIMA,ONLINE,PENDENTE
PED-02974,2024-12-13,MOUSE,,,0.0,NORTE,BRUNO COSTA,TELEVENDAS,CANCELADO
PED-09974,,WEBCAM,437,13402.51,0.29,SUL,DIEGO LIMA,TELEVENDAS,CONCLUÍDO
PED-07246,,TECLADO,236,,0.218,NORTE,ELENA SOUZA,ONLINE,CONCLUÍDO
PED-08503,,IMPRESSORA,50,11252.2,0.0,NORDESTE,BRUNO COSTA,TELEVENDAS,EM ANÁLISE
PED-07709,2024-08-02,MONITOR,999999,6492.0,0.0,SUL,DIEGO LIMA,ONLINE,CONCLUÍDO
PED-02871,2023-03-04,NOTEBOOK,,2180.0,0.0,SUDESTE,DIEGO LIMA,REVENDEDOR,CONCLUÍDO
PED-09380,2024-12-03,NOTEBOOK,148,,0.109,SUDESTE,ELENA SOUZA,TELEVENDAS,CONCLUÍDO
PED-04416,2024-11-24,HEADSET,314,,0.0,SUDESTE,ANA SILVA,LOJA FÍSICA,CONCLUÍDO
PED-00340,2023-02-16,NOTEBOOK,,,0.0,NORTE,DIEGO LIMA,REVENDEDOR,CANCELADO
PED-21221,,HD EXTERNO,,2448.23,0.36,SUL,BRUNO COSTA,ONLINE,EM ANÁLISE
PED-01497,2024-06-02,TECLADO,,,0.0,CENTRO-OESTE,CARLA MENDES,TELEVENDAS,EM ANÁLISE
PED-00424,2024-12-26,TECLADO,209,1050.84,0.348,NORTE,CARLA MENDES,LOJA FÍSICA,CANCELADO
PED-04103,,MOUSE,488,,0.0,SUDESTE,CARLA MENDES,LOJA FÍSICA,PENDENTE
PED-09324,2022-11-25,MOUSE,160,13640.0,0.252,NORTE,CARLA MENDES,REVENDEDOR,PENDENTE
PED-07079,2024-04-11,MONITOR,62,,0.0,SUL,BRUNO COSTA,TELEVENDAS,CONCLUÍDO
PED-09619,2024-08-05,TECLADO,,5256.73,0.33,SUL,DIEGO LIMA,REVENDEDOR,PENDENTE
PED-01318,2023-01-11,HEADSET,999999,,0.0,NORTE,DIEGO LIMA,ONLINE,EM ANÁLISE
PED-07173,,WEBCAM,,,0.0,CENTRO-OESTE,BRUNO COSTA,LOJA FÍSICA,CONCLUÍDO
PED-20857,2022-02-08,MONITOR,,2056.0,0.071,NORTE,ANA SILVA,TELEVENDAS,PENDENTE
PED-08848,2022-01-09,TABLET,40,2053.96,0.391,SUL,ANA SILVA,LOJA FÍSICA,PENDENTE
PED-04416,2024-09-20,HD EXTERNO,,14947.96,0.0,SUL,CARLA MENDES,ONLINE,PENDENTE
PED-04461,2023-06-28,NOTEBOOK,96,,0.0,NORTE,BRUNO COSTA,LOJA FÍSICA,EM ANÁLISE
PED-06595,,HEADSET,450,,0.0,NORDESTE,ELENA SOUZA,TELEVENDAS,PENDENTE
PED-32499,2023-01-25,NOTEBOOK,339,5152.0,0.049,NORTE,BRUNO COSTA,LOJA FÍSICA,CANCELADO
PED-03207,2023-09-26,WEBCAM,,,0.0,NORDESTE,ANA SILVA,LOJA FÍSICA,CONCLUÍDO
PED-02038,2022-06-12,HEADSET,364,11922.54,0.0,SUL,ELENA SOUZA,ONLINE,CONCLUÍDO
PED-07196,2023-04-17,MOUSE,363,,0.0,NORDESTE,BRUNO COSTA,TELEVENDAS,CONCLUÍDO
PED-04729,,TECLADO,221,10524.83,0.0,SUL,DIEGO LIMA,LOJA FÍSICA,CANCELADO
PED-05040,2022-09-09,WEBCAM,,,1.0,SUL,DIEGO LIMA,ONLINE,CONCLUÍDO
PED-02719,,MOUSE,498,4138.14,0.0,NORDESTE,BRUNO COSTA,LOJA FÍSICA,CONCLUÍDO
PED-00978,,MOUSE,,,0.122,NORTE,DIEGO LIMA,LOJA FÍSICA,PENDENTE
PED-09930,2024-09-02,TECLADO,,13712.0,0.0,NORDESTE,BRUNO COSTA,LOJA FÍSICA,EM ANÁLISE
PED-02331,,WEBCAM,227,3017.63,0.0,SUL,DIEGO LIMA,REVENDEDOR,PENDENTE
PED-04353,2024-04-27,HD EXTERNO,,,0.0,SUL,BRUNO COSTA,REVENDEDOR,CONCLUÍDO
PED-02442,2024-01-15,IMPRESSORA,69,,0.436,SUL,ELENA SOUZA,REVENDEDOR,EM ANÁLISE
PED-03684,,TECLADO,417,,0.192,SUDESTE,ANA SILVA,ONLINE,CONCLUÍDO
PED-08923,2022-10-22,IMPRESSORA,999999,,0.10400000000000001,SUDESTE,CARLA MENDES,TELEVENDAS,CONCLUÍDO
PED-01881,,TABLET,422,,0.083,SUL,DIEGO LIMA,LOJA FÍSICA,EM ANÁLISE
PED-09489,,TABLET,389,10299.37,0.249,SUL,ANA SILVA,LOJA FÍSICA,EM ANÁLISE
PED-03242,,SMARTPHONE,,9517.0,0.415,SUL,ELENA SOUZA,ONLINE,PENDENTE
PED-04335,2024-07-12,HEADSET,,7390.1,0.19399999999999998,NORTE,ELENA SOUZA,REVENDEDOR,CANCELADO
PED-03825,2024-10-25,HEADSET,,5779.08,0.0,NORTE,DIEGO LIMA,REVENDEDOR,PENDENTE
PED-01167,,WEBCAM,248,,0.0,SUL,CARLA MENDES,TELEVENDAS,PENDENTE
PED-07439,2023-09-13,HEADSET,,7010.0,0.394,NORTE,BRUNO COSTA,ONLINE,CONCLUÍDO
PED-04633,2023-12-23,TABLET,,,0.302,CENTRO-OESTE,DIEGO LIMA,REVENDEDOR,CONCLUÍDO
PED-04721,2022-04-06,IMPRESSORA,471,2899.15,0.129,SUDESTE,DIEGO LIMA,LOJA FÍSICA,CANCELADO
PED-03793,2022-01-09,WEBCAM,277,12785.66,0.289,NORTE,ANA SILVA,ONLINE,CONCLUÍDO
PED-00535,2022-01-13,IMPRESSORA,,,0.0,SUL,BRUNO COSTA,REVENDEDOR,EM ANÁLISE
PED-04772,2024-02-19,HD EXTERNO,,,1.0,NORTE,CARLA MENDES,REVENDEDOR,CANCELADO
PED-07700,2022-07-28,IMPRESSORA,478,14813.81,0.401,SUDESTE,BRUNO COSTA,ONLINE,CONCLUÍDO
PED-09212,2023-02-24,WEBCAM,,,0.415,NORDESTE,DIEGO LIMA,TELEVENDAS,CANCELADO
PED-06694,2023-04-11,MOUSE,232,9987.19,0.226,SUDESTE,ELENA SOUZA,LOJA FÍSICA,EM ANÁLISE
PED-00044,2022-11-26,MOUSE,55,12048.18,0.0,NORTE,BRUNO COSTA,REVENDEDOR,CONCLUÍDO
PED-02565,2023-12-05,HEADSET,184,6122.67,0.325,CENTRO-OESTE,CARLA MENDES,LOJA FÍSICA,CONCLUÍDO
PED-01230,2022-09-13,HEADSET,465,4032.2,0.467,CENTRO-OESTE,DIEGO LIMA,REVENDEDOR,EM ANÁLISE
PED-09044,2022-03-07,TECLADO,,,0.32,NORTE,ANA SILVA,TELEVENDAS,CONCLUÍDO
PED-02848,2024-07-22,MOUSE,360,,0.0,CENTRO-OESTE,ELENA SOUZA,TELEVENDAS,PENDENTE
PED-03930,2023-01-23,HEADSET,,,0.39,NORDESTE,BRUNO COSTA,LOJA FÍSICA,EM ANÁLISE
PED-02574,2024-05-11,HD EXTERNO,376,,0.0,SUDESTE,CARLA MENDES,TELEVENDAS,CONCLUÍDO
PED-01331,2022-03-09,MONITOR,496,2354.8,0.046,NORTE,BRUNO COSTA,REVENDEDOR,PENDENTE
PED-04336,2022-03-10,TABLET,218,9177.65,0.0,SUDESTE,CARLA MENDES,TELEVENDAS,CONCLUÍDO
PED-03458,2022-03-08,MONITOR,999999,1377.0,0.114,SUL,DIEGO LIMA,LOJA FÍSICA,PENDENTE
PED-03405,2024-01-01,HD EXTERNO,123,9424.52,0.0,SUL,ANA SILVA,ONLINE,PENDENTE
PED-01626,,IMPRESSORA,19,14811.86,0.43,NORTE,BRUNO COSTA,REVENDEDOR,EM ANÁLISE
PED-00987,,IMPRESSORA,30,,1.0,NORTE,ELENA SOUZA,LOJA FÍSICA,CONCLUÍDO
PED-84833,2024-11-06,TECLADO,999999,,0.035,NORTE,ANA SILVA,ONLINE,CONCLUÍDO
PED-07026,2024-04-11,TABLET,999999,356.0,0.204,SUDESTE,BRUNO COSTA,REVENDEDOR,CONCLUÍDO
PED-04872,,SMARTPHONE,128,,0.371,SUL,CARLA MENDES,REVENDEDOR,EM ANÁLISE
PED-07254,2024-02-23,HEADSET,999999,9138.87,0.0,SUL,DIEGO LIMA,TELEVENDAS,CANCELADO
PED-07382,2023-04-25,MONITOR,88,14994.58,0.0,NORTE,CARLA MENDES,ONLINE,CONCLUÍDO
PED-09498,2024-06-13,HEADSET,199,8828.42,0.0,SUL,ELENA SOUZA,LOJA FÍSICA,CONCLUÍDO
PED-08562,2024-08-14,TABLET,,6032.0,0.0,CENTRO-OESTE,CARLA MENDES,REVENDEDOR,CANCELADO
PED-03698,,HEADSET,,,0.435,NORDESTE,ELENA SOUZA,REVENDEDOR,EM ANÁLISE
PED-06819,,TECLADO,432,14199.32,0.0,SUL,ELENA SOUZA,TELEVENDAS,CANCELADO
PED-09144,,MONITOR,,,0.37,NORTE,CARLA MENDES,LOJA FÍSICA,EM ANÁLISE
PED-01941,,WEBCAM,999999,,0.22399999999999998,NORDESTE,DIEGO LIMA,TELEVENDAS,CANCELADO
PED-04067,2023-04-13,WEBCAM,,2456.43,0.17,NORDESTE,BRUNO COSTA,LOJA FÍSICA,CONCLUÍDO
PED-01396,2023-01-18,TECLADO,999999,6847.79,0.292,NORTE,BRUNO COSTA,ONLINE,EM ANÁLISE
PED-09528,2022-11-15,NOTEBOOK,41,4319.0,0.307,SUL,CARLA MENDES,LOJA FÍSICA,CONCLUÍDO
PED-09222,2024-01-13,MOUSE,54,5402.86,0.0,NORDESTE,ANA SILVA,LOJA FÍSICA,EM ANÁLISE
PED-02445,2022-07-02,NAN,43,,0.028,SUDESTE,DIEGO LIMA,REVENDEDOR,EM ANÁLISE
PED-02486,2023-04-04,IMPRESSORA,,,0.052000000000000005,SUL,CARLA MENDES,LOJA FÍSICA,CONCLUÍDO
PED-00879,2023-08-27,SMARTPHONE,,1919.79,0.363,CENTRO-OESTE,ELENA SOUZA,REVENDEDOR,PENDENTE
PED-01214,2023-02-16,SMARTPHONE,199,1651.83,0.293,SUL,BRUNO COSTA,LOJA FÍSICA,CANCELADO
PED-08057,2023-03-19,HD EXTERNO,409,8615.91,0.0,SUDESTE,BRUNO COSTA,ONLINE,PENDENTE
PED-06566,2023-06-26,IMPRESSORA,,7831.9,0.17800000000000002,NORTE,DIEGO LIMA,TELEVENDAS,CONCLUÍDO
PED-01071,,TECLADO,,11172.69,0.45799999999999996,SUL,DIEGO LIMA,ONLINE,PENDENTE
PED-01870,,TECLADO,235,943.36,0.0,CENTRO-OESTE,CARLA MENDES,LOJA FÍSICA,CONCLUÍDO
PED-96332,2022-09-24,TECLADO,,2105.03,0.226,SUDESTE,BRUNO COSTA,REVENDEDOR,EM ANÁLISE
PED-04137,,MOUSE,,,0.479,SUDESTE,ELENA SOUZA,TELEVENDAS,EM ANÁLISE
PED-00842,,NOTEBOOK,,,0.1,NORTE,DIEGO LIMA,LOJA FÍSICA,EM ANÁLISE
PED-03021,2022-10-06,SMARTPHONE,,9297.1,0.474,SUL,BRUNO COSTA,ONLINE,PENDENTE
PED-05583,2022-03-17,IMPRESSORA,,8724.0,0.0,NORTE,ANA SILVA,LOJA FÍSICA,PENDENTE
PED-07217,2022-09-24,HEADSET,,,0.0,SUDESTE,DIEGO LIMA,LOJA FÍSICA,CANCELADO
PED-07844,2022-09-11,HD EXTERNO,,7395.68,0.0,SUL,ELENA SOUZA,LOJA FÍSICA,CONCLUÍDO
PED-07691,,HD EXTERNO,49,,0.083,CENTRO-OESTE,BRUNO COSTA,REVENDEDOR,CONCLUÍDO
PED-04659,2024-01-13,MOUSE,139,478.1,0.0,NORTE,CARLA MENDES,REVENDEDOR,CONCLUÍDO
PED-00201,2023-11-01,IMPRESSORA,222,,0.0,NORDESTE,ELENA SOUZA,TELEVENDAS,CANCELADO
PED-01681,2024-05-27,IMPRESSORA,280,,0.483,NORTE,CARLA MENDES,ONLINE,CONCLUÍDO
PED-08043,2024-11-04,MOUSE,,2053.86,0.0,SUL,CARLA MENDES,REVENDEDOR,EM ANÁLISE
PED-09373,2023-02-06,MOUSE,,,0.0,CENTRO-OESTE,CARLA MENDES,LOJA FÍSICA,CONCLUÍDO
PED-04787,2023-03-06,NOTEBOOK,,1675.2,1.0,SUL,ELENA SOUZA,TELEVENDAS,PENDENTE
PED-09067,2022-05-26,HD EXTERNO,22,,0.308,NORTE,BRUNO COSTA,LOJA FÍSICA,CONCLUÍDO
PED-00894,2023-08-22,TECLADO,228,,0.449,NORTE,BRUNO COSTA,LOJA FÍSICA,PENDENTE
PED-00746,2024-11-27,HEADSET,478,,0.0,NORTE,ELENA SOUZA,TELEVENDAS,CANCELADO
PED-04495,2022-10-23,SMARTPHONE,467,6443.0,0.0,NORTE,ANA SILVA,LOJA FÍSICA,PENDENTE
PED-02074,2024-11-12,HEADSET,415,,0.0,SUL,CARLA MENDES,LOJA FÍSICA,CANCELADO
PED-09410,2023-07-06,MOUSE,232,,0.0,SUDESTE,ANA SILVA,LOJA FÍSICA,CONCLUÍDO
PED-00232,,IMPRESSORA,342,1251.0,0.08800000000000001,NORTE,DIEGO LIMA,ONLINE,CANCELADO
PED-04953,2023-02-12,HEADSET,473,14961.72,0.0,NORDESTE,CARLA MENDES,LOJA FÍSICA,EM ANÁLISE
PED-02940,2023-09-27,SMARTPHONE,44,10419.12,0.0,SUDESTE,CARLA MENDES,REVENDEDOR,PENDENTE
PED-05913,,SMARTPHONE,182,,0.392,NORDESTE,ANA SILVA,ONLINE,PENDENTE
PED-03728,2024-11-19,HEADSET,,,0.283,NORDESTE,ANA SILVA,TELEVENDAS,EM ANÁLISE
PED-04854,2024-02-24,HEADSET,,,0.0,SUL,DIEGO LIMA,ONLINE,EM ANÁLISE
PED-03181,2022-06-08,TECLADO,,3200.38,0.037,SUDESTE,ELENA SOUZA,LOJA FÍSICA,CANCELADO
PED-01648,2024-11-24,IMPRESSORA,491,,0.48,SUL,BRUNO COSTA,ONLINE,CANCELADO
PED-04637,2023-09-16,WEBCAM,999999,8353.88,0.0,SUDESTE,ELENA SOUZA,ONLINE,CONCLUÍDO
PED-08596,,TECLADO,207,,0.47,SUDESTE,DIEGO LIMA,REVENDEDOR,PENDENTE
PED-04531,,SMARTPHONE,,,0.35799999999999993,NORTE,DIEGO LIMA,ONLINE,PENDENTE
PED-07934,2022-04-06,SMARTPHONE,113,2983.91,0.35,NORTE,ANA SILVA,LOJA FÍSICA,CONCLUÍDO
PED-03546,2022-01-16,TABLET,,,0.422,SUDESTE,ELENA SOUZA,REVENDEDOR,CONCLUÍDO
PED-03139,2024-07-28,NOTEBOOK,244,13054.48,0.0,NORTE,BRUNO COSTA,LOJA FÍSICA,PENDENTE
PED-03034,2024-07-20,WEBCAM,426,8532.84,0.0,SUDESTE,BRUNO COSTA,ONLINE,CONCLUÍDO
PED-08780,,WEBCAM,,,0.0,SUL,DIEGO LIMA,TELEVENDAS,CONCLUÍDO
PED-01959,2023-08-24,NOTEBOOK,318,6174.0,0.14,NORTE,DIEGO LIMA,LOJA FÍSICA,CONCLUÍDO
PED-05170,2022-12-20,TECLADO,999999,1483.31,0.293,NORDESTE,DIEGO LIMA,ONLINE,CANCELADO
PED-03156,2023-09-08,MOUSE,133,10724.74,0.0,SUL,ANA SILVA,ONLINE,EM ANÁLISE
PED-01977,2024-07-28,WEBCAM,,5402.0,0.249,CENTRO-OESTE,DIEGO LIMA,ONLINE,CANCELADO
PED-03778,,MONITOR,,,0.0,NORTE,DIEGO LIMA,ONLINE,PENDENTE
PED-04119,2024-03-22,TABLET,377,4163.0,0.0,SUL,BRUNO COSTA,LOJA FÍSICA,CONCLUÍDO
PED-05024,2023-11-01,MOUSE,,2890.13,0.465,NORDESTE,DIEGO LIMA,LOJA FÍSICA,EM ANÁLISE
PED-04439,2023-03-22,SMARTPHONE,999999,13055.4,0.0,SUL,DIEGO LIMA,TELEVENDAS,CONCLUÍDO
PED-00555,2024-11-23,HEADSET,144,,0.271,NORTE,DIEGO LIMA,TELEVENDAS,CANCELADO
PED-05765,2024-02-26,SMARTPHONE,166,,0.467,SUDESTE,ANA SILVA,ONLINE,CONCLUÍDO
PED-05420,2024-11-02,IMPRESSORA,,,0.0,NORDESTE,ANA SILVA,REVENDEDOR,EM ANÁLISE
PED-09018,2023-12-14,HEADSET,,1883.62,1.0,SUL,CARLA MENDES,TELEVENDAS,CONCLUÍDO
PED-06972,2024-05-03,TECLADO,58,,0.111,NORDESTE,CARLA MENDES,LOJA FÍSICA,CANCELADO
PED-05633,,MOUSE,,4794.07,0.0,NORTE,ANA SILVA,TELEVENDAS,EM ANÁLISE
PED-08699,2023-11-17,TABLET,55,10198.21,0.369,NORTE,BRUNO COSTA,TELEVENDAS,PENDENTE
PED-09069,2024-10-27,NOTEBOOK,,9440.41,0.0,SUL,CARLA MENDES,ONLINE,PENDENTE
PED-07754,2022-12-11,TECLADO,999999,14444.47,0.09699999999999999,SUDESTE,BRUNO COSTA,ONLINE,CANCELADO
PED-06047,2023-05-16,WEBCAM,244,,0.14300000000000002,NORTE,CARLA MENDES,LOJA FÍSICA,CANCELADO
PED-05017,2022-04-14,WEBCAM,241,11753.0,0.0,SUL,BRUNO COSTA,REVENDEDOR,EM ANÁLISE
PED-03987,2022-05-27,WEBCAM,55,,0.0,NORDESTE,ELENA SOUZA,ONLINE,CONCLUÍDO
PED-06626,2022-12-05,NOTEBOOK,,,0.0,NORTE,CARLA MENDES,REVENDEDOR,CANCELADO
PED-03631,2023-06-09,WEBCAM,999999,,0.0,SUL,BRUNO COSTA,LOJA FÍSICA,PENDENTE
PED-04821,2022-07-21,HEADSET,999999,14022.34,0.0,NORTE,ANA SILVA,TELEVENDAS,CANCELADO
PED-01525,2023-04-10,HEADSET,,7114.23,0.363,CENTRO-OESTE,CARLA MENDES,REVENDEDOR,CONCLUÍDO
PED-00283,2024-11-27,MOUSE,248,9069.51,0.28300000000000003,SUL,CARLA MENDES,REVENDEDOR,CONCLUÍDO
PED-07343,2023-02-12,IMPRESSORA,465,11670.17,0.0,NORDESTE,ELENA SOUZA,REVENDEDOR,CONCLUÍDO
PED-08042,2024-07-05,SMARTPHONE,,,0.41,CENTRO-OESTE,CARLA MENDES,REVENDEDOR,EM ANÁLISE
PED-07801,2022-10-03,MOUSE,,,1.0,SUDESTE,DIEGO LIMA,LOJA FÍSICA,EM ANÁLISE
PED-03938,2024-07-18,WEBCAM,,,0.0,SUDESTE,BRUNO COSTA,ONLINE,PENDENTE
PED-09097,2024-01-20,WEBCAM,999999,,0.011000000000000001,NORTE,ANA SILVA,TELEVENDAS,CANCELADO
PED-09650,2022-12-03,IMPRESSORA,65,,0.486,SUDESTE,ELENA SOUZA,LOJA FÍSICA,CANCELADO
PED-09612,,HD EXTERNO,,5606.51,0.084,CENTRO-OESTE,ELENA SOUZA,LOJA FÍSICA,CONCLUÍDO
PED-03955,2023-10-15,SMARTPHONE,285,2544.85,0.493,CENTRO-OESTE,ELENA SOUZA,ONLINE,CONCLUÍDO
PED-01403,2023-09-15,NOTEBOOK,51,8409.1,0.0,NORDESTE,ANA SILVA,LOJA FÍSICA,CANCELADO
PED-03131,,MONITOR,,,0.0,SUDESTE,ANA SILVA,ONLINE,EM ANÁLISE
PED-08465,,HD EXTERNO,,2219.47,0.0,SUL,ELENA SOUZA,REVENDEDOR,EM ANÁLISE
PED-00167,2023-11-28,HD EXTERNO,260,,0.143,CENTRO-OESTE,ANA SILVA,ONLINE,CONCLUÍDO
PED-09107,2022-08-22,TECLADO,111,,0.115,NORDESTE,CARLA MENDES,LOJA FÍSICA,CONCLUÍDO
PED-04527,2023-09-03,TABLET,,,0.0,SUDESTE,CARLA MENDES,TELEVENDAS,EM ANÁLISE
PED-04582,2024-02-24,MONITOR,289,,0.0,SUDESTE,ELENA SOUZA,REVENDEDOR,CANCELADO
PED-05577,2022-03-10,HD EXTERNO,,2851.0,1.0,NORDESTE,BRUNO COSTA,LOJA FÍSICA,PENDENTE
PED-04233,,MOUSE,455,2651.39,1.0,SUDESTE,ELENA SOUZA,LOJA FÍSICA,EM ANÁLISE
PED-05814,2024-11-10,TECLADO,,3007.63,0.0,CENTRO-OESTE,BRUNO COSTA,LOJA FÍSICA,PENDENTE
PED-03476,,HEADSET,,9702.36,1.0,SUL,CARLA MENDES,LOJA FÍSICA,CONCLUÍDO
PED-07989,2023-05-23,MONITOR,,,0.0,CENTRO-OESTE,ELENA SOUZA,REVENDEDOR,EM ANÁLISE
PED-02980,2024-01-01,TECLADO,999999,,0.11,NORDESTE,CARLA MENDES,ONLINE,CANCELADO
PED-05326,2023-10-03,SMARTPHONE,137,,0.0,NORDESTE,CARLA MENDES,LOJA FÍSICA,EM ANÁLISE
PED-08099,,TECLADO,,,0.0,NORTE,ELENA SOUZA,LOJA FÍSICA,CANCELADO
PED-00471,2022-07-12,HD EXTERNO,35,5259.26,1.0,CENTRO-OESTE,DIEGO LIMA,TELEVENDAS,EM ANÁLISE
PED-05512,2024-05-19,TABLET,466,,0.0,CENTRO-OESTE,ANA SILVA,ONLINE,CANCELADO
PED-09742,2022-05-19,TECLADO,69,8561.14,0.0,SUDESTE,CARLA MENDES,TELEVENDAS,EM ANÁLISE
PED-07614,,IMPRESSORA,,7729.54,0.49,NORDESTE,DIEGO LIMA,LOJA FÍSICA,EM ANÁLISE
PED-03996,2023-09-01,WEBCAM,35,,0.0,NORTE,ANA SILVA,LOJA FÍSICA,EM ANÁLISE
PED-07386,,SMARTPHONE,301,,0.0,SUDESTE,ANA SILVA,ONLINE,CANCELADO
PED-04570,2022-11-28,IMPRESSORA,34,8044.93,0.457,NORDESTE,ANA SILVA,TELEVENDAS,PENDENTE
PED-01420,2024-04-03,HD EXTERNO,,,0.33,SUL,ELENA SOUZA,ONLINE,CONCLUÍDO
PED-04023,2023-06-26,SMARTPHONE,365,8424.39,0.198,SUDESTE,ELENA SOUZA,ONLINE,CONCLUÍDO
PED-05281,,MOUSE,,10428.38,0.0,NORDESTE,ANA SILVA,REVENDEDOR,CONCLUÍDO
PED-04398,2024-08-18,MOUSE,,,0.042,NORTE,CARLA MENDES,LOJA FÍSICA,CONCLUÍDO
PED-07137,2022-07-14,IMPRESSORA,,,0.354,NORDESTE,CARLA MENDES,ONLINE,EM ANÁLISE
PED-07617,2023-08-26,TECLADO,,5782.43,0.0,SUDESTE,ANA SILVA,REVENDEDOR,CONCLUÍDO
PED-07922,2024-09-02,TECLADO,291,,0.27,NORTE,DIEGO LIMA,REVENDEDOR,CANCELADO
PED-08818,2023-09-08,NOTEBOOK,287,,0.0,NORTE,CARLA MENDES,LOJA FÍSICA,CONCLUÍDO
PED-04426,2022-06-13,MONITOR,,12167.87,0.0,SUDESTE,ELENA SOUZA,REVENDEDOR,CONCLUÍDO
PED-08549,2024-06-04,MONITOR,220,,0.0,NORTE,CARLA MENDES,TELEVENDAS,PENDENTE
PED-02886,,TECLADO,,10585.0,0.0,SUL,ELENA SOUZA,LOJA FÍSICA,EM ANÁLISE
PED-07136,2022-05-11,WEBCAM,240,,0.35,CENTRO-OESTE,CARLA MENDES,ONLINE,PENDENTE
PED-02507,,TECLADO,481,,0.03,SUDESTE,ANA SILVA,TELEVENDAS,CONCLUÍDO
PED-07533,2022-11-02,TECLADO,,876.82,0.252,NORDESTE,DIEGO LIMA,REVENDEDOR,EM ANÁLISE
PED-05935,,SMARTPHONE,999999,,0.0,SUL,ELENA SOUZA,ONLINE,CANCELADO
PED-07103,2022-12-16,TABLET,418,,0.0,CENTRO-OESTE,CARLA MENDES,ONLINE,CONCLUÍDO
PED-01730,2023-04-25,MOUSE,,3129.66,0.109,NORDESTE,ELENA SOUZA,REVENDEDOR,CANCELADO
PED-08032,2024-09-04,NOTEBOOK,,8887.6,0.0,NORTE,CARLA MENDES,ONLINE,EM ANÁLISE
PED-06883,,TABLET,,,0.037,NORTE,ANA SILVA,LOJA FÍSICA,CONCLUÍDO
PED-00208,2023-01-21,MONITOR,227,,0.21,CENTRO-OESTE,CARLA MENDES,LOJA FÍSICA,CANCELADO
PED-05591,2024-08-06,TECLADO,15,,0.174,NORTE,ELENA SOUZA,LOJA FÍSICA,CONCLUÍDO
PED-08290,2023-04-04,NOTEBOOK,135,5847.0,0.0,NORDESTE,DIEGO LIMA,LOJA FÍSICA,CONCLUÍDO
PED-01130,2023-04-16,NOTEBOOK,420,,0.0,NORTE,ELENA SOUZA,LOJA FÍSICA,PENDENTE
PED-06072,,NOTEBOOK,,372.94,0.48,NORTE,CARLA MENDES,ONLINE,CANCELADO
PED-07019,2022-06-24,TABLET,,,0.317,NORTE,CARLA MENDES,TELEVENDAS,PENDENTE
PED-08729,2024-11-10,TECLADO,,,0.0,SUL,ANA SILVA,REVENDEDOR,EM ANÁLISE
PED-05689,2024-12-06,TECLADO,346,10287.78,1.0,SUDESTE,BRUNO COSTA,TELEVENDAS,CANCELADO
PED-00673,,HD EXTERNO,123,10836.26,0.09,NORTE,ELENA SOUZA,ONLINE,CANCELADO
PED-09273,2024-01-24,MOUSE,,5927.47,0.11,NORTE,ANA SILVA,LOJA FÍSICA,EM ANÁLISE
PED-70014,2023-11-19,WEBCAM,38,3095.41,0.0,CENTRO-OESTE,BRUNO COSTA,ONLINE,PENDENTE
PED-04942,2023-04-27,SMARTPHONE,380,5847.77,0.08,SUL,DIEGO LIMA,LOJA FÍSICA,PENDENTE
PED-01670,2023-01-04,MONITOR,208,,0.0,CENTRO-OESTE,BRUNO COSTA,LOJA FÍSICA,PENDENTE
PED-03979,2024-12-21,SMARTPHONE,393,9787.71,0.391,NORDESTE,CARLA MENDES,TELEVENDAS,PENDENTE
PED-01246,2024-04-26,MONITOR,,,0.204,SUDESTE,ANA SILVA,ONLINE,PENDENTE
PED-03250,2024-02-25,TECLADO,224,,0.32700000000000007,NORDESTE,ANA SILVA,TELEVENDAS,CANCELADO
PED-06499,2022-01-26,HD EXTERNO,,,0.0,NORTE,DIEGO LIMA,ONLINE,CONCLUÍDO
PED-06150,2024-11-17,HD EXTERNO,999999,12143.21,0.0,NORTE,CARLA MENDES,REVENDEDOR,PENDENTE
PED-05112,2022-12-28,IMPRESSORA,357,7909.63,0.0,SUL,BRUNO COSTA,ONLINE,CONCLUÍDO
PED-00421,2023-12-04,HD EXTERNO,,12519.0,0.0,SUL,ANA SILVA,ONLINE,CONCLUÍDO
PED-09599,2022-11-23,HD EXTERNO,,9269.31,0.064,SUL,ANA SILVA,LOJA FÍSICA,EM ANÁLISE
PED-05854,2024-09-15,HEADSET,,,0.0,SUL,DIEGO LIMA,LOJA FÍSICA,PENDENTE
PED-02684,2024-02-11,IMPRESSORA,129,3668.6,0.233,CENTRO-OESTE,ELENA SOUZA,LOJA FÍSICA,EM ANÁLISE
PED-09873,2023-10-05,SMARTPHONE,118,10684.86,0.22399999999999998,CENTRO-OESTE,ANA SILVA,REVENDEDOR,PENDENTE
PED-02750,2023-11-07,MOUSE,363,5536.87,0.023,CENTRO-OESTE,CARLA MENDES,REVENDEDOR,EM ANÁLISE
PED-06044,2024-06-27,MONITOR,,12962.07,0.0,CENTRO-OESTE,DIEGO LIMA,REVENDEDOR,CONCLUÍDO
PED-04199,2022-07-14,TABLET,202,11426.62,0.0,SUDESTE,ANA SILVA,LOJA FÍSICA,PENDENTE
PED-07620,2024-03-16,MOUSE,23,14173.27,0.441,NORTE,ANA SILVA,REVENDEDOR,PENDENTE
PED-03572,2024-12-14,MOUSE,,,1.0,CENTRO-OESTE,BRUNO COSTA,ONLINE,CONCLUÍDO
PED-09241,,HEADSET,999999,7411.57,0.0,NORTE,DIEGO LIMA,LOJA FÍSICA,CANCELADO
PED-01875,2022-02-02,HEADSET,254,,0.0,CENTRO-OESTE,DIEGO LIMA,LOJA FÍSICA,CONCLUÍDO
PED-07759,2022-03-19,SMARTPHONE,316,,0.265,SUL,BRUNO COSTA,TELEVENDAS,CONCLUÍDO
PED-02069,2024-08-05,WEBCAM,171,,0.0,SUDESTE,ELENA SOUZA,LOJA FÍSICA,PENDENTE
PED-03909,,NOTEBOOK,104,,0.205,SUDESTE,ANA SILVA,LOJA FÍSICA,CANCELADO
PED-02497,2023-08-16,MOUSE,999999,,0.171,NORDESTE,CARLA MENDES,ONLINE,PENDENTE
PED-00334,,HD EXTERNO,211,2329.0,0.0,CENTRO-OESTE,ANA SILVA,REVENDEDOR,CONCLUÍDO
PED-03267,2023-08-17,IMPRESSORA,,,0.136,SUL,CARLA MENDES,TELEVENDAS,PENDENTE
PED-04052,,TECLADO,27,,0.0,NORTE,ANA SILVA,ONLINE,CANCELADO
PED-00509,2024-03-09,WEBCAM,337,,0.0,NORTE,DIEGO LIMA,TELEVENDAS,CONCLUÍDO
PED-00660,2024-10-26,NOTEBOOK,,,0.12,SUDESTE,ELENA SOUZA,LOJA FÍSICA,CONCLUÍDO
PED-01125,2024-06-03,NOTEBOOK,,9770.41,0.0,SUL,BRUNO COSTA,ONLINE,CONCLUÍDO
PED-03674,2022-12-25,WEBCAM,284,,0.0,SUDESTE,DIEGO LIMA,LOJA FÍSICA,CONCLUÍDO
PED-05734,2023-08-19,HEADSET,,,0.403,SUL,DIEGO LIMA,ONLINE,PENDENTE
PED-00854,2022-09-06,WEBCAM,,14930.46,1.0,SUL,ANA SILVA,LOJA FÍSICA,CONCLUÍDO
PED-09852,,HD EXTERNO,,,0.0,NORTE,DIEGO LIMA,REVENDEDOR,CANCELADO
PED-00318,2024-01-03,MONITOR,427,,0.47700000000000004,SUL,ELENA SOUZA,ONLINE,EM ANÁLISE
PED-07706,2023-03-19,WEBCAM,,13273.35,0.0,NORTE,CARLA MENDES,LOJA FÍSICA,EM ANÁLISE
PED-01342,2024-02-22,MOUSE,1,3519.95,0.001,SUDESTE,CARLA MENDES,ONLINE,CONCLUÍDO
PED-04134,,MONITOR,,8904.21,0.0,NORTE,DIEGO LIMA,TELEVENDAS,PENDENTE
PED-06907,,NOTEBOOK,429,10137.75,0.197,NORTE,BRUNO COSTA,TELEVENDAS,PENDENTE
PED-04559,2024-07-25,NOTEBOOK,350,,0.43799999999999994,CENTRO-OESTE,BRUNO COSTA,ONLINE,CONCLUÍDO
PED-09911,2022-01-18,NOTEBOOK,,7111.42,0.0,NORDESTE,DIEGO LIMA,TELEVENDAS,CANCELADO
PED-05530,2022-11-08,HEADSET,88,8507.42,0.098,SUL,DIEGO LIMA,REVENDEDOR,EM ANÁLISE
PED-05356,,HD EXTERNO,,10698.0,0.0,SUL,CARLA MENDES,LOJA FÍSICA,EM ANÁLISE
PED-36525,,HEADSET,,981.07,0.303,NORDESTE,CARLA MENDES,ONLINE,PENDENTE
PED-03468,,SMARTPHONE,999999,,0.18600000000000003,CENTRO-OESTE,BRUNO COSTA,LOJA FÍSICA,CANCELADO
PED-05364,2022-09-14,WEBCAM,324,12630.94,0.0,CENTRO-OESTE,ELENA SOUZA,TELEVENDAS,EM ANÁLISE
PED-82484,2022-04-27,HEADSET,108,8116.0,0.0,SUL,ELENA SOUZA,TELEVENDAS,PENDENTE
PED-04263,2024-11-12,NOTEBOOK,489,,0.0,NORTE,CARLA MENDES,REVENDEDOR,CANCELADO
PED-00824,,HEADSET,,10913.98,1.0,SUL,CARLA MENDES,LOJA FÍSICA,CANCELADO
PED-02978,2024-08-14,SMARTPHONE,6,,0.44,NORTE,BRUNO COSTA,LOJA FÍSICA,CONCLUÍDO
PED-07565,2024-06-12,IMPRESSORA,,4982.33,0.22,SUDESTE,ANA SILVA,TELEVENDAS,CONCLUÍDO
PED-02224,2024-11-01,HEADSET,,13255.01,0.493,NORTE,CARLA MENDES,REVENDEDOR,PENDENTE
PED-07023,2023-01-22,MONITOR,484,,0.0,NORTE,CARLA MENDES,ONLINE,CONCLUÍDO
PED-01376,2022-09-07,WEBCAM,472,14700.05,0.434,SUL,BRUNO COSTA,LOJA FÍSICA,PENDENTE
PED-00445,2023-11-20,TECLADO,999999,4786.5,1.0,NORTE,ELENA SOUZA,TELEVENDAS,CONCLUÍDO
PED-09247,2023-01-23,WEBCAM,,,0.386,NORTE,ELENA SOUZA,REVENDEDOR,PENDENTE
PED-03319,2024-01-12,MONITOR,462,8848.37,0.135,NORTE,ELENA SOUZA,LOJA FÍSICA,CANCELADO
PED-00442,2023-10-05,TECLADO,265,,0.455,CENTRO-OESTE,ELENA SOUZA,REVENDEDOR,EM ANÁLISE
PED-09928,2024-10-24,IMPRESSORA,,14259.78,0.459,CENTRO-OESTE,ANA SILVA,ONLINE,CANCELADO
PED-02092,2022-03-09,SMARTPHONE,,5054.73,0.0,NORDESTE,ELENA SOUZA,ONLINE,CANCELADO
PED-07658,2023-02-13,NOTEBOOK,305,1697.38,0.397,NORDESTE,DIEGO LIMA,ONLINE,CANCELADO
PED-02705,2023-01-23,IMPRESSORA,133,14934.84,0.013000000000000001,SUL,CARLA MENDES,LOJA FÍSICA,PENDENTE
PED-06625,,WEBCAM,,,1.0,NORDESTE,ELENA SOUZA,LOJA FÍSICA,CONCLUÍDO
PED-05508,,HEADSET,999999,9782.6,1.0,SUDESTE,DIEGO LIMA,REVENDEDOR,CONCLUÍDO
PED-06372,,WEBCAM,358,2544.23,0.0,NORTE,BRUNO COSTA,ONLINE,CONCLUÍDO
PED-00476,2022-12-10,MONITOR,409,,0.0,CENTRO-OESTE,DIEGO LIMA,REVENDEDOR,CANCELADO
PED-09748,,HD EXTERNO,110,13802.77,0.021,SUDESTE,DIEGO LIMA,REVENDEDOR,CONCLUÍDO
PED-07141,2024-05-20,WEBCAM,,,1.0,SUL,BRUNO COSTA,TELEVENDAS,CONCLUÍDO
PED-04472,2022-03-27,MOUSE,327,8397.67,0.43,NORTE,ELENA SOUZA,LOJA FÍSICA,CONCLUÍDO
PED-03596,2023-08-09,SMARTPHONE,34,11083.36,0.02,NORDESTE,ANA SILVA,TELEVENDAS,CONCLUÍDO
PED-08000,,IMPRESSORA,,,0.0,SUL,BRUNO COSTA,REVENDEDOR,CONCLUÍDO
PED-03614,2023-08-11,IMPRESSORA,193,7946.0,0.0,SUL,DIEGO LIMA,TELEVENDAS,EM ANÁLISE
PED-08948,2022-12-22,TECLADO,22,,0.0,NORTE,DIEGO LIMA,ONLINE,EM ANÁLISE
PED-08819,,WEBCAM,,4921.45,1.0,SUL,CARLA MENDES,ONLINE,EM ANÁLISE
PED-06866,2023-11-28,TECLADO,231,831.09,0.0,SUDESTE,ANA SILVA,LOJA FÍSICA,CONCLUÍDO
PED-06390,,MOUSE,,2970.33,0.0,SUL,BRUNO COSTA,LOJA FÍSICA,PENDENTE
PED-04893,2023-11-22,IMPRESSORA,,,0.0,NORDESTE,DIEGO LIMA,LOJA FÍSICA,CANCELADO
PED-05764,2022-10-11,TECLADO,,,0.036,SUL,ELENA SOUZA,REVENDEDOR,PENDENTE
PED-15942,,MOUSE,,,0.0,SUL,ELENA SOUZA,LOJA FÍSICA,CONCLUÍDO
PED-07815,2023-01-07,HEADSET,68,,0.397,SUL,BRUNO COSTA,LOJA FÍSICA,PENDENTE
PED-06233,,SMARTPHONE,372,12333.0,0.266,NORDESTE,BRUNO COSTA,LOJA FÍSICA,EM ANÁLISE
PED-00321,,HD EXTERNO,,,0.0,SUDESTE,BRUNO COSTA,REVENDEDOR,CONCLUÍDO
PED-06382,2023-07-16,IMPRESSORA,254,,0.08900000000000001,NORDESTE,DIEGO LIMA,REVENDEDOR,PENDENTE
PED-06884,2022-06-03,TECLADO,999999,,0.12,CENTRO-OESTE,CARLA MENDES,ONLINE,PENDENTE
PED-03389,,HEADSET,,,0.002,NORTE,ELENA SOUZA,LOJA FÍSICA,PENDENTE
PED-01021,2023-04-20,WEBCAM,999999,7469.74,0.0,SUL,ELENA SOUZA,LOJA FÍSICA,EM ANÁLISE
PED-06813,2023-01-17,IMPRESSORA,999999,9349.08,0.0,SUDESTE,ANA SILVA,REVENDEDOR,PENDENTE
PED-07634,,WEBCAM,,1517.0,0.0,SUL,BRUNO COSTA,LOJA FÍSICA,CANCELADO
PED-08891,2022-12-01,TABLET,459,9779.93,0.06,NORTE,ANA SILVA,TELEVENDAS,CANCELADO
PED-05422,2023-09-03,HEADSET,,,0.0,NORDESTE,ELENA SOUZA,LOJA FÍSICA,PENDENTE
PED-06679,2022-01-08,IMPRESSORA,,9887.7,0.0,NORTE,DIEGO LIMA,ONLINE,CANCELADO
PED-06798,2022-09-05,MONITOR,133,14307.51,0.216,NORTE,ANA SILVA,REVENDEDOR,CONCLUÍDO
PED-01053,,SMARTPHONE,,,0.0,SUDESTE,BRUNO COSTA,TELEVENDAS,PENDENTE
PED-03506,2022-10-22,MONITOR,321,2564.83,0.0,SUL,ANA SILVA,LOJA FÍSICA,EM ANÁLISE
PED-02504,2022-10-15,MOUSE,444,,0.0,SUDESTE,ANA SILVA,LOJA FÍSICA,CONCLUÍDO
PED-06276,,NOTEBOOK,294,,0.0,CENTRO-OESTE,CARLA MENDES,ONLINE,PENDENTE
PED-03789,,IMPRESSORA,50,5072.02,0.413,SUL,BRUNO COSTA,ONLINE,CONCLUÍDO
PED-02472,,MONITOR,285,12636.09,0.49,NORTE,ELENA SOUZA,REVENDEDOR,EM ANÁLISE
PED-02268,2023-05-10,TECLADO,,9168.09,1.0,NORDESTE,ELENA SOUZA,ONLINE,CONCLUÍDO
PED-01321,2024-01-09,WEBCAM,202,11248.0,0.305,NORTE,BRUNO COSTA,TELEVENDAS,EM ANÁLISE
PED-08850,,MONITOR,999999,,0.0,SUDESTE,DIEGO LIMA,REVENDEDOR,EM ANÁLISE
PED-05239,2024-02-14,HEADSET,142,3606.96,1.0,SUDESTE,DIEGO LIMA,TELEVENDAS,CONCLUÍDO
PED-05503,,SMARTPHONE,457,647.91,1.0,CENTRO-OESTE,DIEGO LIMA,TELEVENDAS,CANCELADO
PED-04452,,WEBCAM,440,8538.52,0.28,NORTE,ELENA SOUZA,LOJA FÍSICA,PENDENTE
PED-03842,2022-01-11,WEBCAM,393,,0.0,SUL,ANA SILVA,LOJA FÍSICA,CONCLUÍDO
PED-04682,,TABLET,,12057.93,0.0,NORDESTE,ELENA SOUZA,ONLINE,PENDENTE
PED-01270,2022-12-28,TABLET,149,1395.91,0.9,SUL,DIEGO LIMA,REVENDEDOR,PENDENTE
PED-47657,,IMPRESSORA,166,1253.15,0.0,SUL,DIEGO LIMA,TELEVENDAS,CONCLUÍDO
PED-04500,2023-12-11,TABLET,303,,0.038,NORTE,ELENA SOUZA,REVENDEDOR,EM ANÁLISE
PED-03920,,IMPRESSORA,999999,7809.43,0.395,SUDESTE,ELENA SOUZA,LOJA FÍSICA,EM ANÁLISE
PED-07940,,IMPRESSORA,219,13095.56,0.0,SUDESTE,ELENA SOUZA,ONLINE,PENDENTE
PED-08541,2024-07-09,WEBCAM,,,0.493,SUL,ANA SILVA,ONLINE,CANCELADO
PED-04544,2024-04-28,TABLET,91,4392.0,0.301,CENTRO-OESTE,BRUNO COSTA,LOJA FÍSICA,PENDENTE
PED-04051,2024-10-15,MOUSE,71,11511.79,0.0,SUDESTE,DIEGO LIMA,REVENDEDOR,CONCLUÍDO
PED-04247,2023-04-20,SMARTPHONE,,14482.15,0.35,SUL,BRUNO COSTA,LOJA FÍSICA,EM ANÁLISE
PED-07374,2024-01-06,TECLADO,,,0.0,SUDESTE,DIEGO LIMA,LOJA FÍSICA,CONCLUÍDO
PED-07778,,TABLET,466,,0.0,SUDESTE,ELENA SOUZA,TELEVENDAS,CANCELADO
PED-02608,2023-02-26,HD EXTERNO,,,0.0,CENTRO-OESTE,CARLA MENDES,REVENDEDOR,CANCELADO
PED-52049,2023-05-08,WEBCAM,,2671.0,0.196,SUL,DIEGO LIMA,TELEVENDAS,CONCLUÍDO
PED-08977,,MONITOR,317,8066.44,0.0,NORTE,DIEGO LIMA,REVENDEDOR,CANCELADO
PED-60178,2022-07-25,IMPRESSORA,,5238.89,0.355,CENTRO-OESTE,NAN,LOJA FÍSICA,CONCLUÍDO
PED-24568,2024-01-17,IMPRESSORA,69,,0.235,NORDESTE,ELENA SOUZA,REVENDEDOR,EM ANÁLISE
PED-07252,,IMPRESSORA,999999,,0.16,SUL,ELENA SOUZA,LOJA FÍSICA,CONCLUÍDO
PED-05199,,IMPRESSORA,143,8316.6,0.0,NORDESTE,ELENA SOUZA,LOJA FÍSICA,PENDENTE
PED-09158,2022-02-17,TABLET,374,1261.89,0.418,CENTRO-OESTE,DIEGO LIMA,TELEVENDAS,PENDENTE
PED-00258,2024-05-06,MONITOR,,,0.0,NORTE,BRUNO COSTA,ONLINE,CONCLUÍDO
PED-07613,2022-01-06,WEBCAM,,,0.0,SUL,DIEGO LIMA,TELEVENDAS,PENDENTE
PED-02185,,SMARTPHONE,337,14832.94,0.156,SUDESTE,BRUNO COSTA,TELEVENDAS,CONCLUÍDO
PED-07479,2024-06-06,TABLET,435,8720.65,1.0,NORDESTE,CARLA MENDES,ONLINE,PENDENTE
PED-01856,2023-07-24,SMARTPHONE,,13940.29,0.08,NORDESTE,CARLA MENDES,LOJA FÍSICA,EM ANÁLISE
PED-04083,2023-02-26,MONITOR,378,,0.092,SUL,BRUNO COSTA,TELEVENDAS,CONCLUÍDO
PED-09133,,NOTEBOOK,,12686.0,0.0,CENTRO-OESTE,ELENA SOUZA,ONLINE,CANCELADO
PED-00823,,IMPRESSORA,,1753.32,0.0,NORTE,ANA SILVA,TELEVENDAS,EM ANÁLISE
PED-07612,2024-02-07,MOUSE,185,,0.424,NORDESTE,ANA SILVA,ONLINE,CONCLUÍDO
PED-01011,2022-07-14,TECLADO,,4338.29,0.25,NORDESTE,CARLA MENDES,TELEVENDAS,CANCELADO
PED-02882,,MOUSE,196,,0.20199999999999999,CENTRO-OESTE,DIEGO LIMA,TELEVENDAS,EM ANÁLISE
PED-03586,2024-03-23,NOTEBOOK,,,0.226,NORTE,CARLA MENDES,REVENDEDOR,EM ANÁLISE
PED-06966,,NOTEBOOK,314,,0.10099999999999999,NORTE,DIEGO LIMA,TELEVENDAS,CONCLUÍDO
PED-01747,2023-09-05,TECLADO,999999,10545.52,0.455,SUL,BRUNO COSTA,LOJA FÍSICA,EM ANÁLISE
PED-00091,2022-09-27,WEBCAM,469,1054.48,0.0,NORTE,ELENA SOUZA,ONLINE,CONCLUÍDO
PED-02418,2023-12-21,NOTEBOOK,355,,0.0,SUDESTE,ANA SILVA,REVENDEDOR,CONCLUÍDO
PED-03998,2024-11-10,MONITOR,,8948.37,0.23199999999999998,NORDESTE,ELENA SOUZA,ONLINE,CONCLUÍDO
PED-06548,2024-06-01,HEADSET,999999,2976.95,0.46799999999999997,SUDESTE,CARLA MENDES,REVENDEDOR,EM ANÁLISE
PED-08100,2024-09-13,SMARTPHONE,,,0.45,NORTE,CARLA MENDES,LOJA FÍSICA,CANCELADO
PED-06292,2024-04-24,HEADSET,,,0.485,NORTE,CARLA MENDES,REVENDEDOR,CANCELADO
PED-03186,2023-07-20,MOUSE,,,0.0,NORDESTE,CARLA MENDES,LOJA FÍSICA,CONCLUÍDO
PED-09432,2024-02-09,TECLADO,246,,0.255,SUL,CARLA MENDES,REVENDEDOR,CONCLUÍDO
PED-06791,2024-09-13,NOTEBOOK,47,9869.24,0.392,NORTE,CARLA MENDES,LOJA FÍSICA,EM ANÁLISE
PED-07462,,HEADSET,465,13333.63,0.45299999999999996,SUDESTE,ELENA SOUZA,REVENDEDOR,CONCLUÍDO
PED-01194,,HD EXTERNO,,14110.41,0.0,SUDESTE,CARLA MENDES,LOJA FÍSICA,CANCELADO
PED-08147,2024-04-28,MOUSE,,,0.17800000000000002,NORTE,BRUNO COSTA,LOJA FÍSICA,CONCLUÍDO
PED-04012,2023-11-07,WEBCAM,249,,0.0,SUL,ANA SILVA,TELEVENDAS,CONCLUÍDO
PED-00758,2023-01-15,NOTEBOOK,348,,0.177,SUL,BRUNO COSTA,TELEVENDAS,PENDENTE
PED-00401,2022-10-02,TECLADO,137,5491.43,0.0,SUL,ELENA SOUZA,TELEVENDAS,CANCELADO
PED-02415,,MOUSE,,3972.49,0.0,NORTE,CARLA MENDES,LOJA FÍSICA,CANCELADO
PED-03263,2024-01-07,MOUSE,412,,0.076,SUL,DIEGO LIMA,ONLINE,PENDENTE
PED-03681,2023-01-17,MOUSE,,5987.0,0.0,CENTRO-OESTE,CARLA MENDES,ONLINE,PENDENTE
PED-05086,2022-05-26,MOUSE,290,2253.96,0.266,SUL,CARLA MENDES,REVENDEDOR,CONCLUÍDO
PED-03849,,SMARTPHONE,338,,0.374,CENTRO-OESTE,CARLA MENDES,ONLINE,CONCLUÍDO
PED-01531,2022-10-21,MOUSE,,,0.196,CENTRO-OESTE,ANA SILVA,ONLINE,EM ANÁLISE
PED-05492,2023-05-25,MONITOR,27,,1.0,NORTE,CARLA MENDES,LOJA FÍSICA,EM ANÁLISE
PED-08446,,SMARTPHONE,,,0.0,NORTE,ELENA SOUZA,REVENDEDOR,CONCLUÍDO
PED-04650,2024-09-04,MOUSE,,7002.63,0.0,SUDESTE,ELENA SOUZA,LOJA FÍSICA,PENDENTE
PED-01390,2024-08-25,MOUSE,,209.6,0.0,SUL,ELENA SOUZA,ONLINE,PENDENTE
PED-02781,,TECLADO,72,9307.02,0.0,SUL,ELENA SOUZA,REVENDEDOR,EM ANÁLISE
PED-07753,2023-04-17,WEBCAM,,5501.33,0.138,NORDESTE,BRUNO COSTA,REVENDEDOR,PENDENTE
PED-08376,2022-04-20,TABLET,390,,0.0,SUL,BRUNO COSTA,REVENDEDOR,CANCELADO
PED-03502,2024-01-21,MONITOR,366,2589.44,0.328,NORTE,ELENA SOUZA,LOJA FÍSICA,CONCLUÍDO
PED-07245,,IMPRESSORA,163,,0.0,NORDESTE,DIEGO LIMA,REVENDEDOR,PENDENTE
PED-07239,2023-06-11,WEBCAM,,10870.28,0.09,NORDESTE,CARLA MENDES,ONLINE,PENDENTE
PED-07619,2022-06-07,HD EXTERNO,,10423.85,0.0,SUDESTE,BRUNO COSTA,ONLINE,CONCLUÍDO
PED-01280,,TABLET,52,14224.36,0.075,NORDESTE,CARLA MENDES,REVENDEDOR,EM ANÁLISE
PED-09503,2024-01-21,TABLET,,,1.0,NORTE,CARLA MENDES,TELEVENDAS,CONCLUÍDO
PED-07044,2023-08-07,TABLET,,,0.0,SUDESTE,DIEGO LIMA,TELEVENDAS,EM ANÁLISE
PED-03444,2023-02-09,WEBCAM,112,11106.6,0.22,CENTRO-OESTE,ANA SILVA,ONLINE,CONCLUÍDO
PED-04701,2023-09-08,WEBCAM,305,,0.463,SUL,DIEGO LIMA,ONLINE,CANCELADO
PED-04979,,MOUSE,373,14277.0,0.17,SUDESTE,BRUNO COSTA,ONLINE,CANCELADO
PED-00007,2024-04-05,MONITOR,476,2950.76,0.419,CENTRO-OESTE,DIEGO LIMA,ONLINE,EM ANÁLISE
PED-08978,2023-07-14,TECLADO,33,,0.102,SUL,CARLA MENDES,ONLINE,CONCLUÍDO
PED-06654,2024-05-17,TECLADO,172,948.69,0.14400000000000002,NORTE,DIEGO LIMA,ONLINE,CANCELADO
PED-04931,2024-05-21,SMARTPHONE,,6389.24,1.0,CENTRO-OESTE,BRUNO COSTA,REVENDEDOR,EM ANÁLISE
PED-09325,2023-05-18,IMPRESSORA,,,0.0,NORTE,DIEGO LIMA,LOJA FÍSICA,PENDENTE
PED-02852,2022-08-17,TECLADO,,,0.0,SUL,ANA SILVA,ONLINE,EM ANÁLISE
PED-06212,2024-08-22,TECLADO,,5064.91,0.0,NORTE,DIEGO LIMA,LOJA FÍSICA,EM ANÁLISE
PED-06889,2024-08-16,TECLADO,69,,0.299,SUL,ELENA SOUZA,ONLINE,CONCLUÍDO
PED-03144,2022-07-03,TECLADO,148,4107.0,0.0,SUL,ELENA SOUZA,TELEVENDAS,PENDENTE
PED-02086,,TECLADO,999999,,0.45,NORTE,BRUNO COSTA,ONLINE,PENDENTE
PED-09084,2024-05-25,MONITOR,,,0.486,CENTRO-OESTE,CARLA MENDES,LOJA FÍSICA,CONCLUÍDO
PED-04845,2024-07-10,IMPRESSORA,207,1294.37,0.16,CENTRO-OESTE,BRUNO COSTA,REVENDEDOR,PENDENTE
PED-06593,2024-01-02,HEADSET,,9916.36,0.382,SUL,CARLA MENDES,TELEVENDAS,CANCELADO
PED-05345,,IMPRESSORA,,,0.34,CENTRO-OESTE,BRUNO COSTA,REVENDEDOR,CONCLUÍDO
PED-06692,2022-11-11,MONITOR,,,0.0,NORTE,ANA SILVA,ONLINE,CANCELADO
PED-05068,2024-07-27,NOTEBOOK,,14770.42,0.12300000000000001,CENTRO-OESTE,CARLA MENDES,REVENDEDOR,EM ANÁLISE
PED-08309,,SMARTPHONE,401,,0.193,NORDESTE,DIEGO LIMA,TELEVENDAS,CANCELADO
PED-04921,,HEADSET,470,618.03,0.309,SUL,ELENA SOUZA,LOJA FÍSICA,CANCELADO
PED-02042,2023-05-01,HD EXTERNO,999999,,0.014,NORDESTE,ANA SILVA,LOJA FÍSICA,EM ANÁLISE
PED-05144,2022-05-16,TABLET,444,,0.28,SUL,ANA SILVA,ONLINE,EM ANÁLISE
PED-05410,2023-06-04,NOTEBOOK,315,,0.0,SUDESTE,ANA SILVA,ONLINE,EM ANÁLISE
PED-01147,2023-05-22,TECLADO,363,,0.0,CENTRO-OESTE,ELENA SOUZA,REVENDEDOR,CANCELADO
PED-07067,2022-09-21,HD EXTERNO,,12649.0,1.0,NORTE,ELENA SOUZA,LOJA FÍSICA,PENDENTE
PED-05968,,SMARTPHONE,170,,0.0,CENTRO-OESTE,ANA SILVA,ONLINE,PENDENTE
PED-03229,2023-03-19,HD EXTERNO,156,,0.0,SUL,DIEGO LIMA,REVENDEDOR,CONCLUÍDO
PED-08822,2024-07-16,TABLET,999999,413.88,0.0,SUDESTE,ELENA SOUZA,LOJA FÍSICA,PENDENTE
PED-08519,2023-03-15,WEBCAM,40,,0.08900000000000001,SUL,ANA SILVA,ONLINE,CONCLUÍDO
PED-86507,2023-06-22,WEBCAM,,,0.0,CENTRO-OESTE,DIEGO LIMA,TELEVENDAS,PENDENTE
PED-07145,2022-04-25,IMPRESSORA,68,13666.77,1.0,SUL,CARLA MENDES,REVENDEDOR,CONCLUÍDO
PED-00728,2024-11-17,WEBCAM,,5163.39,0.44,SUL,CARLA MENDES,LOJA FÍSICA,CANCELADO
PED-04174,2022-10-15,MONITOR,18,2843.61,0.0,SUL,DIEGO LIMA,LOJA FÍSICA,CANCELADO
PED-03115,2024-06-11,HD EXTERNO,,,0.27899999999999997,NORTE,DIEGO LIMA,REVENDEDOR,PENDENTE
PED-09447,2023-11-10,HEADSET,450,11374.97,0.132,SUL,ANA SILVA,ONLINE,CONCLUÍDO
PED-06312,2022-11-02,MOUSE,999999,,0.062,SUDESTE,CARLA MENDES,TELEVENDAS,EM ANÁLISE
PED-02505,2023-08-02,MONITOR,,479.0,0.0,NORTE,ELENA SOUZA,LOJA FÍSICA,EM ANÁLISE
PED-08380,,MONITOR,447,,0.0,NORTE,ANA SILVA,ONLINE,EM ANÁLISE
PED-07150,2023-09-23,HD EXTERNO,131,1987.0,0.0,SUDESTE,BRUNO COSTA,ONLINE,PENDENTE
PED-05140,2024-11-25,TABLET,,,0.0,SUDESTE,ELENA SOUZA,REVENDEDOR,CONCLUÍDO
PED-05664,,MOUSE,475,,1.0,CENTRO-OESTE,DIEGO LIMA,LOJA FÍSICA,CONCLUÍDO
PED-05752,2023-12-28,HD EXTERNO,,,0.184,SUL,BRUNO COSTA,LOJA FÍSICA,CONCLUÍDO
PED-01777,2022-08-02,TECLADO,455,,0.0,NORDESTE,BRUNO COSTA,LOJA FÍSICA,EM ANÁLISE
PED-02414,2022-09-18,IMPRESSORA,331,4159.55,0.0,CENTRO-OESTE,CARLA MENDES,LOJA FÍSICA,CONCLUÍDO
PED-04350,,TABLET,34,,1.0,NORTE,CARLA MENDES,LOJA FÍSICA,PENDENTE
PED-09513,2023-02-28,MOUSE,,,0.0,SUL,ELENA SOUZA,REVENDEDOR,EM ANÁLISE
PED-02926,2024-09-08,MOUSE,999999,,0.0,NORTE,ELENA SOUZA,LOJA FÍSICA,CONCLUÍDO
PED-04280,2024-11-25,HEADSET,,3471.27,0.0,NORTE,BRUNO COSTA,TELEVENDAS,PENDENTE
PED-01890,2022-01-05,TABLET,,,1.0,SUDESTE,BRUNO COSTA,LOJA FÍSICA,PENDENTE
PED-00453,,NOTEBOOK,149,216.17,0.264,NORDESTE,DIEGO LIMA,ONLINE,PENDENTE
PED-01156,2024-04-18,NOTEBOOK,,533.54,0.386,CENTRO-OESTE,BRUNO COSTA,ONLINE,PENDENTE
PED-09955,2023-05-28,WEBCAM,,8266.69,0.0,NORDESTE,BRUNO COSTA,REVENDEDOR,PENDENTE
PED-06549,2023-01-05,HD EXTERNO,11,,0.14,SUDESTE,DIEGO LIMA,REVENDEDOR,CANCELADO
PED-08347,2023-09-25,NOTEBOOK,999999,3049.59,0.304,NORDESTE,CARLA MENDES,LOJA FÍSICA,CONCLUÍDO
PED-05754,,WEBCAM,317,8517.58,0.0,SUL,BRUNO COSTA,LOJA FÍSICA,EM ANÁLISE
PED-04574,2024-07-23,TABLET,,,0.0,SUL,DIEGO LIMA,LOJA FÍSICA,EM ANÁLISE
PED-01138,2024-09-21,TABLET,,,0.0,CENTRO-OESTE,DIEGO LIMA,LOJA FÍSICA,CONCLUÍDO
PED-04565,,NOTEBOOK,,6261.0,1.0,SUDESTE,CARLA MENDES,REVENDEDOR,CANCELADO
PED-05379,2023-04-27,NOTEBOOK,,10738.69,0.0,NORDESTE,ELENA SOUZA,REVENDEDOR,CONCLUÍDO
PED-06529,2024-03-16,SMARTPHONE,,4661.72,1.0,SUDESTE,ELENA SOUZA,TELEVENDAS,EM ANÁLISE
PED-03165,,MOUSE,361,6073.07,0.48,SUL,ELENA SOUZA,ONLINE,CONCLUÍDO
PED-00388,,MOUSE,497,2399.92,0.0,SUL,DIEGO LIMA,ONLINE,EM ANÁLISE
PED-03653,,WEBCAM,,,0.21,SUDESTE,ANA SILVA,TELEVENDAS,CONCLUÍDO
PED-03729,,WEBCAM,,376.44,0.0,CENTRO-OESTE,ANA SILVA,ONLINE,EM ANÁLISE
PED-05001,2022-06-07,MONITOR,426,10375.0,0.0,SUL,BRUNO COSTA,ONLINE,PENDENTE
PED-05729,,NAN,376,,0.397,SUDESTE,ELENA SOUZA,LOJA FÍSICA,CANCELADO
PED-07542,,MOUSE,197,,0.43,SUL,ANA SILVA,ONLINE,EM ANÁLISE
PED-03270,2024-07-08,MONITOR,999999,1907.13,0.381,NORTE,CARLA MENDES,ONLINE,CANCELADO
PED-03645,2023-01-23,HEADSET,,,0.2,SUDESTE,DIEGO LIMA,TELEVENDAS,CANCELADO
PED-06201,2022-10-23,MOUSE,999999,3410.48,0.26899999999999996,NORTE,ANA SILVA,TELEVENDAS,PENDENTE
PED-22116,2023-07-14,IMPRESSORA,,,0.0,SUL,ANA SILVA,ONLINE,PENDENTE
PED-06268,,TABLET,55,5553.5,0.0,SUL,ANA SILVA,LOJA FÍSICA,CANCELADO
PED-01772,,IMPRESSORA,66,14578.0,0.165,SUL,CARLA MENDES,LOJA FÍSICA,CANCELADO
PED-81626,,WEBCAM,107,,0.022000000000000002,CENTRO-OESTE,ELENA SOUZA,ONLINE,EM ANÁLISE
PED-09871,2023-06-07,MOUSE,156,3161.0,0.0,NORTE,ANA SILVA,REVENDEDOR,CANCELADO
PED-04066,2024-03-06,SMARTPHONE,,,0.0,SUL,CARLA MENDES,ONLINE,CONCLUÍDO
PED-06746,2023-10-21,HEADSET,208,,0.0,SUL,ANA SILVA,TELEVENDAS,CONCLUÍDO
PED-05443,,MOUSE,,7015.0,0.0,SUDESTE,ELENA SOUZA,LOJA FÍSICA,CONCLUÍDO
PED-02939,,MOUSE,259,,0.17600000000000002,SUL,ANA SILVA,REVENDEDOR,CANCELADO
PED-00407,2022-11-15,NOTEBOOK,,,0.0,NORDESTE,ELENA SOUZA,ONLINE,EM ANÁLISE
PED-06756,2023-08-03,SMARTPHONE,,7815.65,0.0,SUL,DIEGO LIMA,ONLINE,PENDENTE
PED-02901,2024-11-19,HEADSET,,,0.04,NORTE,CARLA MENDES,LOJA FÍSICA,CANCELADO
PED-00930,2023-10-05,TABLET,176,11632.17,0.19699999999999998,NORTE,ELENA SOUZA,TELEVENDAS,PENDENTE
PED-03879,2023-09-12,HD EXTERNO,,1081.35,0.0,NORTE,ELENA SOUZA,ONLINE,PENDENTE
PED-02533,2022-06-05,HEADSET,361,10110.09,0.0,CENTRO-OESTE,CARLA MENDES,TELEVENDAS,PENDENTE
PED-09749,2024-01-01,WEBCAM,,1165.0,0.11800000000000001,NORDESTE,CARLA MENDES,LOJA FÍSICA,PENDENTE
PED-09174,2022-05-25,HD EXTERNO,,2835.29,0.0,SUDESTE,DIEGO LIMA,LOJA FÍSICA,CANCELADO
PED-05795,2022-08-08,TECLADO,,,0.162,NORDESTE,ANA SILVA,LOJA FÍSICA,CONCLUÍDO
PED-68580,2023-05-05,MOUSE,421,1087.27,1.0,NORDESTE,ANA SILVA,LOJA FÍSICA,PENDENTE
PED-04089,2023-02-03,MOUSE,479,10844.74,0.0,NORTE,ANA SILVA,REVENDEDOR,CONCLUÍDO
PED-03442,2023-09-06,IMPRESSORA,,9733.94,0.0,NORTE,BRUNO COSTA,ONLINE,CONCLUÍDO
PED-05863,2022-09-04,HD EXTERNO,999999,12679.52,0.243,NORTE,BRUNO COSTA,LOJA FÍSICA,CONCLUÍDO
PED-00654,2023-02-15,SMARTPHONE,413,11513.35,0.0,SUDESTE,CARLA MENDES,TELEVENDAS,CONCLUÍDO
PED-05975,2024-01-15,IMPRESSORA,251,11192.54,0.0,SUDESTE,DIEGO LIMA,ONLINE,EM ANÁLISE
PED-05051,,SMARTPHONE,422,,0.0,SUDESTE,BRUNO COSTA,TELEVENDAS,CONCLUÍDO
PED-00686,2024-07-10,HD EXTERNO,,11912.45,0.37,SUDESTE,ANA SILVA,REVENDEDOR,EM ANÁLISE
PED-01799,,HD EXTERNO,,13977.16,0.028999999999999998,NORTE,ANA SILVA,TELEVENDAS,PENDENTE
PED-07042,,MOUSE,359,,0.0,CENTRO-OESTE,DIEGO LIMA,LOJA FÍSICA,CONCLUÍDO
PED-02427,2022-04-13,MOUSE,999999,9228.17,0.0,NORTE,BRUNO COSTA,ONLINE,CONCLUÍDO
PED-09053,2022-06-11,TECLADO,491,,0.0,SUL,DIEGO LIMA,REVENDEDOR,CANCELADO
PED-09544,2022-06-08,HEADSET,451,,0.419,SUDESTE,CARLA MENDES,LOJA FÍSICA,PENDENTE
PED-06050,2024-12-24,MOUSE,410,,0.0,SUL,DIEGO LIMA,REVENDEDOR,CANCELADO
PED-00591,2024-02-02,HD EXTERNO,,,0.0,SUL,ANA SILVA,TELEVENDAS,CONCLUÍDO
PED-08939,,MOUSE,17,,0.295,SUL,BRUNO COSTA,TELEVENDAS,CANCELADO
PED-01403,2023-06-25,HD EXTERNO,,,0.131,SUDESTE,DIEGO LIMA,LOJA FÍSICA,CONCLUÍDO
PED-01233,2022-05-19,HD EXTERNO,46,,0.0,SUL,CARLA MENDES,TELEVENDAS,CONCLUÍDO
PED-09845,2024-10-12,TECLADO,,11146.02,0.477,SUDESTE,BRUNO COSTA,LOJA FÍSICA,PENDENTE
PED-00159,2023-08-02,TECLADO,23,,0.415,NORDESTE,DIEGO LIMA,REVENDEDOR,EM ANÁLISE
PED-09190,,TABLET,,,0.0,NORTE,DIEGO LIMA,LOJA FÍSICA,EM ANÁLISE
PED-07008,,TECLADO,,,0.04,SUL,ELENA SOUZA,TELEVENDAS,PENDENTE
PED-09039,2024-12-05,HD EXTERNO,,7988.44,0.0,NORDESTE,BRUNO COSTA,ONLINE,CONCLUÍDO
PED-07240,2024-04-06,NOTEBOOK,352,2317.72,0.0,CENTRO-OESTE,ELENA SOUZA,ONLINE,EM ANÁLISE
PED-02648,2022-05-26,MONITOR,290,9340.0,0.0,NORTE,ELENA SOUZA,REVENDEDOR,CANCELADO
PED-04292,,TABLET,168,,0.237,NORTE,BRUNO COSTA,ONLINE,CANCELADO
PED-02144,,WEBCAM,402,14825.51,0.0,SUDESTE,BRUNO COSTA,LOJA FÍSICA,CANCELADO
PED-05465,2024-09-17,TABLET,,1197.0,0.0,SUL,ELENA SOUZA,ONLINE,CONCLUÍDO
PED-00059,2023-09-14,TECLADO,47,3758.08,0.40299999999999997,NORTE,BRUNO COSTA,LOJA FÍSICA,CANCELADO
PED-00723,2023-11-28,IMPRESSORA,196,,0.484,SUDESTE,NAN,TELEVENDAS,CANCELADO
PED-04534,2024-05-24,IMPRESSORA,167,8613.11,0.34299999999999997,SUL,BRUNO COSTA,LOJA FÍSICA,CANCELADO
PED-67174,2024-09-04,IMPRESSORA,53,,0.43,SUDESTE,CARLA MENDES,REVENDEDOR,PENDENTE
PED-01513,2024-07-07,TECLADO,463,1148.03,0.0,SUDESTE,BRUNO COSTA,TELEVENDAS,EM ANÁLISE
PED-00833,2023-08-25,NOTEBOOK,4,2428.49,0.0,SUL,DIEGO LIMA,ONLINE,CANCELADO
PED-04115,2024-03-21,TABLET,254,,0.0,NORTE,CARLA MENDES,LOJA FÍSICA,CONCLUÍDO
PED-08005,2023-12-26,MONITOR,,951.96,0.0,SUDESTE,BRUNO COSTA,ONLINE,PENDENTE
PED-08281,2023-03-28,HEADSET,,4840.06,0.054000000000000006,NORTE,ELENA SOUZA,REVENDEDOR,EM ANÁLISE
PED-15867,2023-03-20,MOUSE,352,8344.88,0.141,CENTRO-OESTE,DIEGO LIMA,TELEVENDAS,CONCLUÍDO
PED-03336,2022-02-03,MONITOR,64,10269.59,0.375,NORDESTE,CARLA MENDES,TELEVENDAS,CONCLUÍDO
PED-05618,2022-05-15,HD EXTERNO,77,12667.0,0.415,SUDESTE,ELENA SOUZA,TELEVENDAS,CONCLUÍDO
PED-45758,2022-11-25,WEBCAM,,,0.0,NORTE,CARLA MENDES,ONLINE,CONCLUÍDO
PED-04617,,MOUSE,,,0.08,NORDESTE,ELENA SOUZA,REVENDEDOR,CONCLUÍDO
PED-04463,2024-03-02,HEADSET,,5349.96,0.086,SUDESTE,ANA SILVA,ONLINE,CONCLUÍDO
PED-02547,,TECLADO,,4956.14,0.10400000000000001,NORTE,BRUNO COSTA,LOJA FÍSICA,CONCLUÍDO
PED-09875,2023-03-28,TABLET,19,,0.0,NORTE,ANA SILVA,REVENDEDOR,CANCELADO
PED-01754,2022-03-01,TABLET,356,,0.45,SUDESTE,DIEGO LIMA,ONLINE,CONCLUÍDO
PED-01892,2024-03-24,WEBCAM,,,0.0,SUDESTE,NAN,TELEVENDAS,CONCLUÍDO
PED-09958,2024-09-07,TECLADO,,4875.97,0.11699999999999999,NORDESTE,ELENA SOUZA,TELEVENDAS,PENDENTE
PED-02201,2024-01-04,NOTEBOOK,,2547.43,0.005,NORTE,ANA SILVA,LOJA FÍSICA,EM ANÁLISE
PED-55164,2022-11-25,HD EXTERNO,474,12569.26,0.41,CENTRO-OESTE,ELENA SOUZA,ONLINE,PENDENTE
PED-04906,,HEADSET,,11607.56,0.0,SUL,CARLA MENDES,LOJA FÍSICA,CONCLUÍDO
PED-09087,,NOTEBOOK,,,0.0,SUDESTE,BRUNO COSTA,LOJA FÍSICA,CONCLUÍDO
PED-00129,,WEBCAM,198,,0.0,NORTE,ELENA SOUZA,REVENDEDOR,PENDENTE
PED-08667,2024-01-08,MOUSE,354,,0.0,NORTE,NAN,REVENDEDOR,CANCELADO
PED-04957,2023-12-28,HEADSET,,7852.7,0.19399999999999998,SUL,ELENA SOUZA,TELEVENDAS,CONCLUÍDO
PED-08901,2022-06-22,MOUSE,,,0.0,NORTE,ANA SILVA,REVENDEDOR,PENDENTE
PED-07180,2023-01-09,IMPRESSORA,214,992.54,0.0,SUL,CARLA MENDES,REVENDEDOR,CONCLUÍDO
PED-02585,2024-04-04,NOTEBOOK,,,0.28,SUL,DIEGO LIMA,REVENDEDOR,CONCLUÍDO
PED-04670,2022-04-14,HD EXTERNO,434,14995.73,0.024,SUL,ANA SILVA,TELEVENDAS,CONCLUÍDO
PED-06055,2023-08-09,TABLET,316,5929.61,0.0,SUDESTE,DIEGO LIMA,LOJA FÍSICA,CANCELADO
PED-04003,2022-02-24,MOUSE,378,,0.3,SUDESTE,DIEGO LIMA,REVENDEDOR,CONCLUÍDO
PED-01128,2022-06-09,HEADSET,,1649.82,0.3,CENTRO-OESTE,DIEGO LIMA,TELEVENDAS,CONCLUÍDO
PED-05719,2023-10-21,TABLET,,,0.0,SUL,DIEGO LIMA,LOJA FÍSICA,PENDENTE
PED-02171,,MOUSE,,,0.42,NORTE,ANA SILVA,ONLINE,CONCLUÍDO
PED-09739,2024-12-04,TABLET,999999,,0.379,SUL,DIEGO LIMA,ONLINE,CANCELADO
PED-08289,2023-10-26,MOUSE,999999,7186.07,0.192,CENTRO-OESTE,DIEGO LIMA,ONLINE,PENDENTE
PED-03493,,TABLET,340,,0.0,SUL,CARLA MENDES,REVENDEDOR,CONCLUÍDO
PED-08809,,HEADSET,,,1.0,SUDESTE,DIEGO LIMA,TELEVENDAS,CONCLUÍDO
PED-32017,2023-12-19,NOTEBOOK,173,12440.84,0.48700000000000004,SUL,ANA SILVA,LOJA FÍSICA,CONCLUÍDO
PED-01639,2022-06-19,WEBCAM,309,2646.17,0.23,CENTRO-OESTE,ELENA SOUZA,LOJA FÍSICA,PENDENTE
PED-09225,,MONITOR,999999,13750.0,1.0,SUDESTE,CARLA MENDES,ONLINE,CONCLUÍDO
PED-07509,2022-01-10,SMARTPHONE,,3246.76,0.14,NORDESTE,ELENA SOUZA,TELEVENDAS,CANCELADO
PED-96878,2023-01-09,MONITOR,,11129.0,1.0,SUL,ANA SILVA,ONLINE,CANCELADO
PED-01189,2022-06-27,MOUSE,317,1937.0,0.0,CENTRO-OESTE,ELENA SOUZA,TELEVENDAS,CONCLUÍDO
PED-05181,2024-07-01,TABLET,,,0.071,SUL,BRUNO COSTA,LOJA FÍSICA,PENDENTE
PED-07492,2023-05-07,SMARTPHONE,193,10836.28,0.044000000000000004,SUL,ELENA SOUZA,LOJA FÍSICA,EM ANÁLISE
PED-04916,2023-06-21,MOUSE,437,3909.26,0.338,SUL,CARLA MENDES,ONLINE,EM ANÁLISE
PED-02145,,TABLET,421,13203.44,0.0,SUL,ANA SILVA,REVENDEDOR,PENDENTE
PED-06485,2022-03-02,MOUSE,999999,14554.39,0.0,NORTE,ELENA SOUZA,REVENDEDOR,CONCLUÍDO
PED-04352,2024-02-07,MOUSE,999999,11640.0,0.19,CENTRO-OESTE,CARLA MENDES,REVENDEDOR,PENDENTE
PED-03911,2023-04-11,NOTEBOOK,208,8185.52,0.0,SUDESTE,ANA SILVA,REVENDEDOR,CONCLUÍDO
PED-05148,2024-01-12,MONITOR,422,,0.0,NORTE,BRUNO COSTA,TELEVENDAS,CANCELADO
PED-03347,2022-06-14,HD EXTERNO,373,13239.53,0.21,CENTRO-OESTE,BRUNO COSTA,ONLINE,CONCLUÍDO
PED-04273,,HEADSET,175,,0.24100000000000002,NORTE,CARLA MENDES,LOJA FÍSICA,CANCELADO
PED-05184,,HEADSET,50,8893.0,0.0,CENTRO-OESTE,CARLA MENDES,LOJA FÍSICA,PENDENTE
PED-48623,,NOTEBOOK,120,9279.73,0.0,CENTRO-OESTE,ELENA SOUZA,REVENDEDOR,CANCELADO
PED-09261,2022-05-14,MONITOR,999999,4222.99,0.483,SUDESTE,ELENA SOUZA,ONLINE,CONCLUÍDO
PED-09563,2024-12-11,TECLADO,128,,0.124,SUL,NAN,REVENDEDOR,PENDENTE
PED-06869,,HEADSET,,2011.87,0.02,NORDESTE,CARLA MENDES,ONLINE,CANCELADO
PED-01344,2024-12-07,HD EXTERNO,416,,0.06,CENTRO-OESTE,DIEGO LIMA,REVENDEDOR,CONCLUÍDO
PED-00652,2024-05-02,HD EXTERNO,123,,0.441,NORTE,DIEGO LIMA,TELEVENDAS,EM ANÁLISE
PED-09486,2024-08-25,WEBCAM,999999,,0.245,NORTE,DIEGO LIMA,LOJA FÍSICA,CONCLUÍDO
PED-04034,2022-02-21,MOUSE,486,,0.218,SUL,BRUNO COSTA,REVENDEDOR,CONCLUÍDO
PED-09334,2022-06-07,MOUSE,,5753.04,0.0,SUDESTE,DIEGO LIMA,TELEVENDAS,CANCELADO
PED-01965,2022-11-01,WEBCAM,,8835.01,0.387,NORDESTE,BRUNO COSTA,ONLINE,CANCELADO
PED-06616,2024-11-25,MOUSE,,,0.0,SUDESTE,BRUNO COSTA,LOJA FÍSICA,CONCLUÍDO
PED-03854,,HEADSET,320,3555.0,0.318,SUL,CARLA MENDES,LOJA FÍSICA,CONCLUÍDO
PED-01114,2023-08-22,IMPRESSORA,,,0.0,NORTE,ANA SILVA,REVENDEDOR,PENDENTE
PED-01123,2024-11-12,NOTEBOOK,,,0.431,SUL,CARLA MENDES,ONLINE,PENDENTE
PED-09892,2022-09-27,MONITOR,999999,7059.67,0.49,SUDESTE,BRUNO COSTA,LOJA FÍSICA,PENDENTE
PED-01313,,MOUSE,229,,0.0,SUL,CARLA MENDES,ONLINE,EM ANÁLISE
PED-08321,2024-12-02,SMARTPHONE,,,0.0,NORTE,ELENA SOUZA,LOJA FÍSICA,PENDENTE
PED-00932,2024-04-20,TECLADO,481,6263.86,0.0,SUDESTE,ANA SILVA,LOJA FÍSICA,CANCELADO
PED-02580,2022-10-01,SMARTPHONE,46,,0.0,NORTE,DIEGO LIMA,REVENDEDOR,PENDENTE
PED-08702,,SMARTPHONE,261,7548.0,0.133,NORDESTE,CARLA MENDES,LOJA FÍSICA,PENDENTE
PED-08239,,IMPRESSORA,,7715.94,0.16,SUDESTE,DIEGO LIMA,LOJA FÍSICA,CONCLUÍDO
PED-07812,,WEBCAM,486,8274.0,0.02,SUDESTE,BRUNO COSTA,ONLINE,PENDENTE
PED-09572,,MOUSE,,,0.22,NORTE,BRUNO COSTA,TELEVENDAS,EM ANÁLISE
PED-00822,2022-04-16,SMARTPHONE,336,3446.22,1.0,SUDESTE,ELENA SOUZA,REVENDEDOR,EM ANÁLISE
PED-00937,2022-08-16,IMPRESSORA,,6687.0,0.11199999999999999,CENTRO-OESTE,DIEGO LIMA,LOJA FÍSICA,PENDENTE
PED-05139,2022-03-02,TABLET,315,11605.58,0.344,NORTE,BRUNO COSTA,REVENDEDOR,PENDENTE
PED-00999,2024-09-14,WEBCAM,,,0.0,NORDESTE,ANA SILVA,TELEVENDAS,CONCLUÍDO
PED-08884,,MOUSE,88,2504.18,0.28,SUDESTE,ELENA SOUZA,LOJA FÍSICA,CONCLUÍDO
PED-09490,2023-04-23,HEADSET,146,,0.038,SUL,DIEGO LIMA,TELEVENDAS,EM ANÁLISE
PED-00959,,MONITOR,,13647.28,0.22,NORDESTE,DIEGO LIMA,TELEVENDAS,CONCLUÍDO
PED-03567,2024-02-26,TECLADO,180,,0.153,NORTE,ANA SILVA,ONLINE,CANCELADO
PED-04862,2023-01-24,HD EXTERNO,999999,,0.0,SUDESTE,BRUNO COSTA,REVENDEDOR,PENDENTE
PED-03112,2023-12-21,MOUSE,,138.18,0.0,SUDESTE,CARLA MENDES,ONLINE,EM ANÁLISE
PED-02537,2023-01-11,HD EXTERNO,19,7263.42,0.039,SUL,CARLA MENDES,TELEVENDAS,CONCLUÍDO
PED-07974,2024-02-18,TABLET,133,12630.9,0.40700000000000003,SUL,DIEGO LIMA,REVENDEDOR,EM ANÁLISE
PED-09106,,MONITOR,145,7834.14,0.423,NORTE,CARLA MENDES,LOJA FÍSICA,CONCLUÍDO
PED-06931,,MONITOR,294,,0.0,CENTRO-OESTE,ELENA SOUZA,ONLINE,CANCELADO
PED-04674,2022-05-17,TECLADO,225,,0.10800000000000001,NORTE,DIEGO LIMA,LOJA FÍSICA,CANCELADO
PED-07455,2023-12-22,HEADSET,452,10666.43,0.0,SUL,ANA SILVA,TELEVENDAS,PENDENTE
PED-04346,2024-12-05,HEADSET,340,,0.48,SUL,ANA SILVA,LOJA FÍSICA,CONCLUÍDO
PED-06397,2024-05-17,NOTEBOOK,28,,1.0,SUDESTE,DIEGO LIMA,ONLINE,CONCLUÍDO
PED-00036,2022-12-19,HEADSET,,,0.39899999999999997,SUL,ANA SILVA,REVENDEDOR,EM ANÁLISE
PED-06210,2024-06-06,MONITOR,,5402.09,0.0,NORDESTE,ANA SILVA,ONLINE,CONCLUÍDO
PED-02698,2023-04-23,MOUSE,,6348.0,0.0,SUDESTE,DIEGO LIMA,TELEVENDAS,CANCELADO
PED-00961,2023-03-11,MOUSE,,,0.059,NORDESTE,DIEGO LIMA,LOJA FÍSICA,EM ANÁLISE
PED-06571,2023-02-09,HD EXTERNO,,,0.0,SUL,ELENA SOUZA,LOJA FÍSICA,PENDENTE
PED-03503,2022-03-22,IMPRESSORA,,6963.35,0.368,SUDESTE,DIEGO LIMA,REVENDEDOR,PENDENTE
PED-07887,2024-02-08,SMARTPHONE,,9210.15,0.266,SUDESTE,ANA SILVA,ONLINE,EM ANÁLISE
PED-07957,2022-10-07,HD EXTERNO,,,0.0,SUL,BRUNO COSTA,LOJA FÍSICA,EM ANÁLISE
PED-06659,2022-06-05,HD EXTERNO,408,9131.55,0.0,SUDESTE,DIEGO LIMA,TELEVENDAS,CONCLUÍDO
PED-02725,,HEADSET,,8625.99,0.32899999999999996,CENTRO-OESTE,BRUNO COSTA,LOJA FÍSICA,CONCLUÍDO
PED-43017,2022-02-04,MOUSE,144,1422.26,0.0,SUDESTE,DIEGO LIMA,TELEVENDAS,CANCELADO
PED-03476,2024-04-06,SMARTPHONE,,12090.58,1.0,SUL,ANA SILVA,TELEVENDAS,EM ANÁLISE
PED-00242,,TABLET,,1602.21,0.002,SUDESTE,ELENA SOUZA,LOJA FÍSICA,EM ANÁLISE
PED-08857,2024-06-25,HEADSET,192,8426.6,0.28,NORDESTE,ANA SILVA,ONLINE,PENDENTE
PED-00829,2024-07-27,MOUSE,220,12189.53,0.0,SUL,ELENA SOUZA,ONLINE,CONCLUÍDO
PED-01605,,MONITOR,,12725.79,0.381,CENTRO-OESTE,ELENA SOUZA,LOJA FÍSICA,CANCELADO
PED-09017,,WEBCAM,,7706.44,0.16399999999999998,NORDESTE,CARLA MENDES,REVENDEDOR,PENDENTE
PED-07261,2022-12-28,IMPRESSORA,,659.0,0.36,NORTE,CARLA MENDES,REVENDEDOR,CONCLUÍDO
PED-01236,2022-02-03,HEADSET,999999,,0.0,SUDESTE,ELENA SOUZA,ONLINE,CONCLUÍDO
PED-04093,2024-04-08,MONITOR,462,,0.043,CENTRO-OESTE,ANA SILVA,LOJA FÍSICA,CONCLUÍDO
PED-07580,2022-07-15,HD EXTERNO,481,2112.0,0.006999999999999999,SUL,ELENA SOUZA,ONLINE,CONCLUÍDO
PED-04564,,MONITOR,,3750.0,0.0,NORTE,DIEGO LIMA,TELEVENDAS,CONCLUÍDO
PED-03007,2024-08-08,HD EXTERNO,370,,0.0,SUDESTE,ELENA SOUZA,ONLINE,CONCLUÍDO
PED-09990,2022-09-24,TABLET,,,0.301,SUDESTE,DIEGO LIMA,TELEVENDAS,EM ANÁLISE
PED-02297,2023-10-09,MOUSE,,497.77,0.361,NORTE,ANA SILVA,LOJA FÍSICA,EM ANÁLISE
PED-07351,2023-04-10,IMPRESSORA,469,6780.02,0.0,SUL,BRUNO COSTA,ONLINE,CONCLUÍDO
PED-08787,,HD EXTERNO,,6706.66,0.273,NORDESTE,CARLA MENDES,TELEVENDAS,CONCLUÍDO
PED-03117,2022-12-16,MONITOR,41,6885.0,0.335,SUDESTE,CARLA MENDES,ONLINE,CONCLUÍDO
PED-03140,2024-10-21,WEBCAM,,7263.17,0.0,SUDESTE,BRUNO COSTA,LOJA FÍSICA,EM ANÁLISE
PED-04074,2023-04-17,HD EXTERNO,,11088.42,1.0,NORTE,ELENA SOUZA,TELEVENDAS,EM ANÁLISE
PED-01791,2024-01-11,NOTEBOOK,215,7135.76,0.439,CENTRO-OESTE,DIEGO LIMA,ONLINE,CONCLUÍDO
PED-05560,2023-01-20,TABLET,405,,0.0,NORDESTE,CARLA MENDES,ONLINE,PENDENTE
PED-06597,2022-09-21,HD EXTERNO,,,0.028,NORDESTE,CARLA MENDES,TELEVENDAS,PENDENTE
PED-00994,,TECLADO,182,,1.0,NORDESTE,DIEGO LIMA,REVENDEDOR,EM ANÁLISE
PED-01613,,NOTEBOOK,999999,,0.0,SUL,CARLA MENDES,REVENDEDOR,CONCLUÍDO
PED-00888,,HEADSET,152,,0.0,SUDESTE,BRUNO COSTA,REVENDEDOR,CONCLUÍDO
PED-07652,2023-03-15,IMPRESSORA,362,,0.42,SUDESTE,ANA SILVA,ONLINE,PENDENTE
PED-06736,2022-01-27,HD EXTERNO,426,,0.36,NORTE,ELENA SOUZA,TELEVENDAS,CANCELADO
PED-06940,,MONITOR,177,2063.54,0.0,CENTRO-OESTE,ANA SILVA,LOJA FÍSICA,EM ANÁLISE
PED-05805,2024-09-24,SMARTPHONE,32,12003.39,0.256,SUDESTE,ANA SILVA,TELEVENDAS,EM ANÁLISE
PED-07063,2023-11-06,WEBCAM,,,0.45,NORTE,BRUNO COSTA,TELEVENDAS,CANCELADO
PED-01589,2024-05-19,HEADSET,,11439.37,1.0,SUDESTE,CARLA MENDES,LOJA FÍSICA,EM ANÁLISE
PED-01546,2024-06-06,NOTEBOOK,190,11596.0,0.08,NORTE,DIEGO LIMA,TELEVENDAS,EM ANÁLISE
PED-01332,2023-05-08,TABLET,,,0.0,CENTRO-OESTE,BRUNO COSTA,REVENDEDOR,EM ANÁLISE
PED-36457,,IMPRESSORA,,5239.71,0.0,NORTE,DIEGO LIMA,REVENDEDOR,CONCLUÍDO
PED-07750,2022-03-18,IMPRESSORA,999999,,0.0,SUDESTE,NAN,ONLINE,PENDENTE
PED-03982,,SMARTPHONE,286,,0.0,NORDESTE,ANA SILVA,LOJA FÍSICA,CANCELADO
PED-07745,2023-11-22,SMARTPHONE,234,2309.87,0.0,NORTE,BRUNO COSTA,LOJA FÍSICA,EM ANÁLISE
PED-09441,2024-09-02,TABLET,,11994.68,0.15,SUDESTE,ANA SILVA,TELEVENDAS,EM ANÁLISE
PED-09356,2022-03-20,WEBCAM,999999,9145.46,0.374,NORDESTE,ANA SILVA,LOJA FÍSICA,EM ANÁLISE
PED-02168,,HD EXTERNO,,,0.415,SUDESTE,BRUNO COSTA,LOJA FÍSICA,CANCELADO
PED-08835,2023-02-21,SMARTPHONE,127,,0.0,SUDESTE,ELENA SOUZA,LOJA FÍSICA,EM ANÁLISE
PED-96639,2024-05-05,IMPRESSORA,,,0.364,SUDESTE,ELENA SOUZA,LOJA FÍSICA,CONCLUÍDO
PED-07954,,HEADSET,,,0.485,SUL,ANA SILVA,ONLINE,CANCELADO
PED-04563,2024-08-02,IMPRESSORA,,,0.0,NORDESTE,ELENA SOUZA,ONLINE,EM ANÁLISE
PED-03900,,SMARTPHONE,80,4011.22,0.0,NORDESTE,CARLA MENDES,REVENDEDOR,CONCLUÍDO
PED-08424,2022-12-12,MONITOR,442,,0.06,NORTE,ANA SILVA,LOJA FÍSICA,CONCLUÍDO
PED-01161,2022-04-02,SMARTPHONE,38,,0.346,CENTRO-OESTE,CARLA MENDES,LOJA FÍSICA,CONCLUÍDO
PED-05414,2023-02-08,TECLADO,,4452.53,0.22399999999999998,NORDESTE,CARLA MENDES,ONLINE,CANCELADO
PED-00515,2022-02-04,SMARTPHONE,,7507.51,0.0,NORDESTE,BRUNO COSTA,REVENDEDOR,CONCLUÍDO
PED-01105,2022-05-14,MOUSE,181,8908.29,0.23800000000000002,CENTRO-OESTE,BRUNO COSTA,REVENDEDOR,PENDENTE
PED-03751,2023-03-03,WEBCAM,,3924.0,0.0,NORTE,CARLA MENDES,REVENDEDOR,PENDENTE
PED-00965,,TECLADO,,,0.092,SUL,CARLA MENDES,LOJA FÍSICA,EM ANÁLISE
PED-01164,2024-11-28,HD EXTERNO,124,,0.0,NORTE,ELENA SOUZA,LOJA FÍSICA,CONCLUÍDO
PED-00118,2023-06-22,HD EXTERNO,,,0.426,SUDESTE,ELENA SOUZA,REVENDEDOR,PENDENTE
PED-03609,,MOUSE,407,12000.1,0.45299999999999996,SUDESTE,BRUNO COSTA,TELEVENDAS,PENDENTE
PED-09642,2023-01-22,MOUSE,485,12016.66,0.0,SUL,ANA SILVA,TELEVENDAS,CONCLUÍDO
PED-56393,2023-01-24,TECLADO,403,,0.12,SUL,BRUNO COSTA,REVENDEDOR,EM ANÁLISE
PED-09076,2024-08-13,NOTEBOOK,,6474.79,0.0,SUL,BRUNO COSTA,LOJA FÍSICA,CONCLUÍDO
PED-09639,2024-08-20,MOUSE,68,14113.93,0.01,NORTE,CARLA MENDES,REVENDEDOR,PENDENTE
PED-00345,2024-09-15,NOTEBOOK,393,13563.51,0.0,NORTE,DIEGO LIMA,LOJA FÍSICA,CONCLUÍDO
PED-05540,2023-07-22,SMARTPHONE,999999,8871.84,0.405,NORTE,BRUNO COSTA,REVENDEDOR,CONCLUÍDO
PED-01050,2023-11-25,TECLADO,,1714.38,0.08199999999999999,SUL,ELENA SOUZA,ONLINE,PENDENTE
PED-03682,2022-02-07,MOUSE,999999,12731.91,0.0,NORTE,CARLA MENDES,TELEVENDAS,CONCLUÍDO
PED-04062,,NOTEBOOK,222,5413.69,0.0,SUDESTE,CARLA MENDES,LOJA FÍSICA,CONCLUÍDO
PED-01983,,HD EXTERNO,308,10970.0,0.013,SUDESTE,CARLA MENDES,ONLINE,CANCELADO
PED-07398,,WEBCAM,215,5410.91,0.0,NORTE,CARLA MENDES,LOJA FÍSICA,CANCELADO
PED-08480,2024-07-07,MONITOR,,,0.0,NORTE,ANA SILVA,ONLINE,EM ANÁLISE
PED-07178,2024-07-17,MOUSE,254,1545.0,0.298,NORTE,CARLA MENDES,REVENDEDOR,PENDENTE
PED-06119,2022-04-08,MOUSE,241,,0.0,SUDESTE,ELENA SOUZA,REVENDEDOR,EM ANÁLISE
PED-06538,2024-05-16,MOUSE,,,0.0,NORTE,CARLA MENDES,ONLINE,CANCELADO
PED-05108,2022-11-25,MOUSE,,,1.0,NORDESTE,ELENA SOUZA,TELEVENDAS,PENDENTE
PED-26831,2024-03-05,SMARTPHONE,187,,0.416,NORTE,CARLA MENDES,ONLINE,PENDENTE
PED-03822,,IMPRESSORA,120,4817.3,0.446,SUDESTE,CARLA MENDES,TELEVENDAS,CONCLUÍDO
PED-03471,2022-12-10,HD EXTERNO,13,4537.13,0.0,NORDESTE,ANA SILVA,ONLINE,EM ANÁLISE
PED-06933,2022-12-12,IMPRESSORA,,,1.0,SUL,CARLA MENDES,LOJA FÍSICA,CONCLUÍDO
PED-01273,2024-04-08,SMARTPHONE,,,0.058,NORTE,CARLA MENDES,TELEVENDAS,PENDENTE
PED-04343,2022-09-03,NOTEBOOK,,,0.38799999999999996,NORTE,DIEGO LIMA,TELEVENDAS,EM ANÁLISE
PED-02706,,NOTEBOOK,,14388.45,0.491,CENTRO-OESTE,ELENA SOUZA,LOJA FÍSICA,CONCLUÍDO
PED-09008,2022-07-13,WEBCAM,267,,0.0,CENTRO-OESTE,DIEGO LIMA,LOJA FÍSICA,CONCLUÍDO
PED-07788,2024-08-10,NOTEBOOK,220,,0.0,SUL,CARLA MENDES,LOJA FÍSICA,PENDENTE
PED-02104,2023-10-16,TECLADO,,14727.0,0.0,SUL,BRUNO COSTA,ONLINE,CONCLUÍDO
PED-02061,2023-02-04,IMPRESSORA,152,4058.38,0.0,SUL,ANA SILVA,TELEVENDAS,CONCLUÍDO
PED-08728,2024-12-19,NOTEBOOK,73,1120.6,0.302,SUL,DIEGO LIMA,TELEVENDAS,EM ANÁLISE
PED-01134,2022-02-04,WEBCAM,,,1.0,CENTRO-OESTE,ELENA SOUZA,LOJA FÍSICA,EM ANÁLISE
PED-30408,2023-09-15,TECLADO,,11030.66,0.0,CENTRO-OESTE,CARLA MENDES,TELEVENDAS,EM ANÁLISE
PED-01404,2022-10-02,NOTEBOOK,,,0.0,SUDESTE,BRUNO COSTA,ONLINE,CONCLUÍDO
PED-01291,2023-02-11,IMPRESSORA,194,4349.0,0.058,CENTRO-OESTE,ANA SILVA,LOJA FÍSICA,EM ANÁLISE
PED-09296,2024-07-01,MONITOR,231,,1.0,NORDESTE,CARLA MENDES,LOJA FÍSICA,PENDENTE
PED-03947,2023-05-05,MOUSE,161,1388.52,0.095,NORTE,CARLA MENDES,ONLINE,PENDENTE
PED-00950,2023-03-24,TECLADO,239,,0.0,NORDESTE,CARLA MENDES,REVENDEDOR,EM ANÁLISE
PED-03924,2023-09-18,TECLADO,251,4869.88,0.0,NORTE,ANA SILVA,LOJA FÍSICA,CANCELADO
PED-05039,2024-07-24,WEBCAM,,1953.52,0.0,SUDESTE,CARLA MENDES,LOJA FÍSICA,CANCELADO
PED-05948,2022-08-03,HD EXTERNO,130,,0.313,NORTE,ELENA SOUZA,LOJA FÍSICA,CONCLUÍDO
PED-72374,,TABLET,,,0.7,SUL,ELENA SOUZA,TELEVENDAS,EM ANÁLISE
PED-00320,2023-01-17,TECLADO,212,8694.39,0.48,CENTRO-OESTE,ANA SILVA,REVENDEDOR,EM ANÁLISE
PED-08006,,MOUSE,261,,0.0,NORDESTE,CARLA MENDES,REVENDEDOR,CONCLUÍDO
PED-05311,,HEADSET,187,10981.42,0.0,NORDESTE,BRUNO COSTA,LOJA FÍSICA,CONCLUÍDO
PED-09814,2024-05-21,HEADSET,223,3074.34,0.031,SUDESTE,DIEGO LIMA,LOJA FÍSICA,PENDENTE
PED-00010,2023-01-02,IMPRESSORA,489,2140.35,0.248,SUDESTE,BRUNO COSTA,ONLINE,EM ANÁLISE
PED-08690,2024-08-27,NOTEBOOK,57,3839.96,0.0,NORTE,CARLA MENDES,TELEVENDAS,CONCLUÍDO
PED-08838,2024-10-09,TECLADO,33,,0.465,SUDESTE,ELENA SOUZA,TELEVENDAS,EM ANÁLISE
PED-02647,,NOTEBOOK,317,14996.94,0.44,NORDESTE,ANA SILVA,REVENDEDOR,PENDENTE
PED-06127,,TABLET,154,2824.04,0.0,SUL,CARLA MENDES,ONLINE,CANCELADO
PED-09886,2023-01-10,MONITOR,68,7245.12,0.445,SUDESTE,CARLA MENDES,ONLINE,CANCELADO
PED-03259,,HEADSET,,6756.69,0.321,SUL,BRUNO COSTA,ONLINE,PENDENTE
PED-09860,,WEBCAM,473,5003.01,0.035,CENTRO-OESTE,DIEGO LIMA,ONLINE,CONCLUÍDO
PED-04890,,NOTEBOOK,,8199.41,0.0,NORTE,DIEGO LIMA,ONLINE,CONCLUÍDO
PED-01744,,TABLET,431,10515.34,0.0,SUL,ANA SILVA,REVENDEDOR,CONCLUÍDO
PED-08318,,MONITOR,30,,0.09699999999999999,NORTE,BRUNO COSTA,LOJA FÍSICA,CANCELADO
PED-02928,,MOUSE,,,0.0,CENTRO-OESTE,ANA SILVA,REVENDEDOR,CONCLUÍDO
PED-08202,2023-09-24,TABLET,366,,0.142,NORTE,ELENA SOUZA,TELEVENDAS,CONCLUÍDO
PED-04316,,MOUSE,,8907.93,0.0,CENTRO-OESTE,ELENA SOUZA,LOJA FÍSICA,CANCELADO
PED-00054,2022-08-12,HD EXTERNO,,8988.32,1.0,NORTE,ANA SILVA,LOJA FÍSICA,CONCLUÍDO
PED-07434,,HD EXTERNO,129,9941.47,0.342,SUDESTE,CARLA MENDES,TELEVENDAS,CONCLUÍDO
PED-02592,,NOTEBOOK,,12771.42,0.0,NORDESTE,DIEGO LIMA,REVENDEDOR,CANCELADO
PED-07124,2023-05-04,HD EXTERNO,,,0.14,SUL,ELENA SOUZA,LOJA FÍSICA,PENDENTE
PED-04809,2023-05-21,IMPRESSORA,999999,,0.0,NORTE,ANA SILVA,LOJA FÍSICA,PENDENTE
PED-01828,2023-11-15,SMARTPHONE,,11924.4,0.0,SUL,DIEGO LIMA,REVENDEDOR,CANCELADO
PED-05574,2023-11-26,TECLADO,,,0.0,SUDESTE,CARLA MENDES,ONLINE,PENDENTE
PED-04372,2024-08-20,HEADSET,,,0.131,NORTE,ELENA SOUZA,TELEVENDAS,CONCLUÍDO
PED-08798,2023-08-21,TECLADO,,4261.79,0.0,NORTE,ELENA SOUZA,REVENDEDOR,CANCELADO
PED-01877,2023-11-21,TECLADO,155,,0.0,SUL,BRUNO COSTA,TELEVENDAS,CANCELADO
PED-00189,2023-04-01,MOUSE,,14768.12,1.0,NORDESTE,ELENA SOUZA,LOJA FÍSICA,EM ANÁLISE
PED-09065,2022-07-08,HD EXTERNO,55,,0.355,NORDESTE,BRUNO COSTA,REVENDEDOR,CONCLUÍDO
PED-04120,,MONITOR,,2909.0,0.125,CENTRO-OESTE,CARLA MENDES,REVENDEDOR,CONCLUÍDO
PED-08670,2022-06-19,MOUSE,198,,0.474,SUL,ANA SILVA,ONLINE,CONCLUÍDO
PED-07669,2022-11-06,TABLET,999999,8141.54,0.293,NORTE,BRUNO COSTA,TELEVENDAS,PENDENTE
PED-09764,,IMPRESSORA,343,,1.0,NORTE,CARLA MENDES,REVENDEDOR,CANCELADO
PED-06253,2023-12-05,WEBCAM,,4748.41,0.0,SUL,CARLA MENDES,ONLINE,CANCELADO
PED-06305,2022-06-12,NOTEBOOK,429,10870.85,0.326,SUDESTE,ANA SILVA,LOJA FÍSICA,CONCLUÍDO
PED-01041,2024-11-06,HEADSET,,3604.52,0.094,NORTE,ANA SILVA,LOJA FÍSICA,CONCLUÍDO
PED-09772,2022-08-16,TABLET,259,6612.69,0.0,NORTE,ANA SILVA,TELEVENDAS,CONCLUÍDO
PED-06917,,TABLET,166,4507.0,0.342,CENTRO-OESTE,ANA SILVA,ONLINE,PENDENTE
PED-06320,,HD EXTERNO,267,,0.0,SUDESTE,ELENA SOUZA,REVENDEDOR,CANCELADO
PED-02505,2023-03-25,SMARTPHONE,388,11527.1,0.0,NORTE,ANA SILVA,REVENDEDOR,PENDENTE
PED-01797,2022-08-10,HD EXTERNO,,13178.17,0.212,SUL,ELENA SOUZA,ONLINE,CONCLUÍDO
PED-00772,2024-12-05,IMPRESSORA,379,,0.0,SUDESTE,BRUNO COSTA,TELEVENDAS,CANCELADO
PED-01490,2022-03-05,NOTEBOOK,,,0.48200000000000004,NORTE,BRUNO COSTA,REVENDEDOR,PENDENTE
PED-08086,,MOUSE,,,0.337,NORDESTE,DIEGO LIMA,ONLINE,PENDENTE
PED-08349,2023-10-13,HD EXTERNO,414,10289.83,1.0,SUL,DIEGO LIMA,LOJA FÍSICA,PENDENTE
PED-02267,2023-03-13,TABLET,440,14453.57,0.489,CENTRO-OESTE,BRUNO COSTA,TELEVENDAS,CONCLUÍDO
PED-03594,2022-02-12,HD EXTERNO,357,1760.0,0.0,SUL,BRUNO COSTA,LOJA FÍSICA,CONCLUÍDO
PED-05931,,SMARTPHONE,460,12234.52,0.05,NORTE,BRUNO COSTA,LOJA FÍSICA,PENDENTE
PED-06544,,TABLET,445,11390.53,1.0,CENTRO-OESTE,DIEGO LIMA,TELEVENDAS,CONCLUÍDO
PED-09561,2023-04-15,NOTEBOOK,413,8673.6,0.0,NORDESTE,DIEGO LIMA,LOJA FÍSICA,PENDENTE
PED-06163,2023-01-02,NOTEBOOK,15,10602.88,0.325,NORTE,ANA SILVA,LOJA FÍSICA,CANCELADO
PED-09578,2022-03-04,NOTEBOOK,,11517.05,0.102,NORTE,BRUNO COSTA,REVENDEDOR,CONCLUÍDO
PED-04305,2023-07-24,HEADSET,300,,0.166,CENTRO-OESTE,BRUNO COSTA,REVENDEDOR,CONCLUÍDO
PED-08831,2022-03-02,IMPRESSORA,,975.71,1.0,SUDESTE,CARLA MENDES,LOJA FÍSICA,PENDENTE
PED-09198,2024-01-14,WEBCAM,278,,0.434,SUL,DIEGO LIMA,LOJA FÍSICA,EM ANÁLISE
PED-55951,,HD EXTERNO,230,12616.0,0.0,NORTE,ANA SILVA,ONLINE,PENDENTE
PED-02288,2024-02-22,TABLET,,139.63,1.0,NORTE,BRUNO COSTA,ONLINE,PENDENTE
PED-04340,2024-09-09,IMPRESSORA,75,,0.0,SUDESTE,DIEGO LIMA,REVENDEDOR,PENDENTE
PED-02341,2024-06-05,IMPRESSORA,,,1.0,CENTRO-OESTE,BRUNO COSTA,REVENDEDOR,CONCLUÍDO
PED-07518,2023-05-19,MOUSE,356,,0.285,SUDESTE,BRUNO COSTA,REVENDEDOR,EM ANÁLISE
PED-06483,2022-02-24,TECLADO,999999,1413.0,0.41700000000000004,SUL,BRUNO COSTA,REVENDEDOR,CONCLUÍDO
PED-08180,2022-11-06,WEBCAM,,,1.0,SUL,ELENA SOUZA,ONLINE,CONCLUÍDO
PED-03484,,WEBCAM,,,0.0,NORTE,ANA SILVA,ONLINE,CONCLUÍDO
PED-05156,2023-12-02,NOTEBOOK,493,,0.087,NORDESTE,ANA SILVA,ONLINE,CONCLUÍDO
PED-09293,2022-07-05,TABLET,145,,0.22,SUL,BRUNO COSTA,LOJA FÍSICA,CONCLUÍDO
PED-03457,2022-02-27,SMARTPHONE,408,,0.415,SUDESTE,BRUNO COSTA,ONLINE,CANCELADO
PED-01085,,TECLADO,32,,0.0,NORDESTE,CARLA MENDES,ONLINE,CONCLUÍDO
PED-04387,,TECLADO,163,,0.0,NORTE,BRUNO COSTA,TELEVENDAS,EM ANÁLISE
PED-06573,2023-10-26,IMPRESSORA,352,1801.97,0.0,SUDESTE,CARLA MENDES,ONLINE,EM ANÁLISE
PED-05169,,WEBCAM,329,,0.25,SUL,CARLA MENDES,TELEVENDAS,CONCLUÍDO
PED-00526,2024-07-12,SMARTPHONE,,,0.0,NORTE,CARLA MENDES,LOJA FÍSICA,CONCLUÍDO
PED-03753,2022-05-22,TABLET,83,,0.475,SUL,DIEGO LIMA,ONLINE,PENDENTE
PED-00917,2023-03-06,TABLET,84,,0.092,SUL,BRUNO COSTA,LOJA FÍSICA,PENDENTE
PED-35502,2023-01-10,MOUSE,,,0.229,SUDESTE,BRUNO COSTA,ONLINE,PENDENTE
PED-03599,,HD EXTERNO,,,0.021,SUL,CARLA MENDES,REVENDEDOR,CANCELADO
PED-09126,2023-03-06,HEADSET,496,8231.89,0.48,NORTE,BRUNO COSTA,TELEVENDAS,CANCELADO
PED-04423,2024-08-09,TABLET,114,4614.17,0.0,NORDESTE,ANA SILVA,LOJA FÍSICA,PENDENTE
PED-06217,2024-06-17,HEADSET,227,6053.93,0.436,SUDESTE,ELENA SOUZA,LOJA FÍSICA,CONCLUÍDO
PED-07574,,MONITOR,,13694.66,0.0,SUDESTE,ELENA SOUZA,LOJA FÍSICA,PENDENTE
PED-02678,,HD EXTERNO,158,,0.246,SUL,BRUNO COSTA,LOJA FÍSICA,CONCLUÍDO
PED-04011,,WEBCAM,,13776.97,0.05,NORDESTE,BRUNO COSTA,LOJA FÍSICA,CONCLUÍDO
PED-08752,,WEBCAM,,14816.87,0.0,SUL,BRUNO COSTA,ONLINE,EM ANÁLISE
PED-02804,,SMARTPHONE,448,5452.36,0.0,CENTRO-OESTE,DIEGO LIMA,LOJA FÍSICA,PENDENTE
PED-01170,2022-04-02,SMARTPHONE,451,,0.219,NORTE,ANA SILVA,LOJA FÍSICA,CONCLUÍDO
PED-04375,2022-01-21,WEBCAM,,,0.408,SUDESTE,ANA SILVA,TELEVENDAS,CANCELADO
PED-03433,2022-11-19,IMPRESSORA,460,11867.97,1.0,SUDESTE,CARLA MENDES,REVENDEDOR,CANCELADO
PED-05821,2022-09-08,TABLET,,10106.18,1.0,NORDESTE,DIEGO LIMA,TELEVENDAS,PENDENTE
PED-06066,,SMARTPHONE,,5819.9,0.252,NORTE,CARLA MENDES,LOJA FÍSICA,EM ANÁLISE
PED-02665,2023-06-02,MOUSE,,,0.19399999999999998,NORTE,DIEGO LIMA,ONLINE,CANCELADO
PED-05978,2023-09-26,NOTEBOOK,,7792.36,0.08199999999999999,CENTRO-OESTE,BRUNO COSTA,ONLINE,EM ANÁLISE
PED-07429,2023-11-08,IMPRESSORA,94,,0.0,NORDESTE,ELENA SOUZA,LOJA FÍSICA,CONCLUÍDO
PED-04555,2023-05-18,WEBCAM,461,,1.0,NORDESTE,CARLA MENDES,LOJA FÍSICA,CONCLUÍDO
PED-06228,,NOTEBOOK,999999,,0.303,NORDESTE,CARLA MENDES,ONLINE,CANCELADO
PED-01655,2022-05-28,MONITOR,164,,0.0,NORDESTE,DIEGO LIMA,TELEVENDAS,CANCELADO
PED-03815,2024-03-14,MOUSE,,12571.94,0.193,NORDESTE,ANA SILVA,ONLINE,CANCELADO
PED-01308,2023-12-24,SMARTPHONE,,,0.0,SUDESTE,ELENA SOUZA,LOJA FÍSICA,PENDENTE
PED-04742,2023-11-10,HD EXTERNO,152,,0.0,SUL,DIEGO LIMA,LOJA FÍSICA,CANCELADO
PED-03734,2023-10-08,HEADSET,93,,0.0,SUDESTE,ANA SILVA,REVENDEDOR,PENDENTE
PED-00751,,TABLET,,,0.0,SUL,ANA SILVA,ONLINE,CANCELADO
PED-01140,2022-03-04,TECLADO,,4577.62,0.0,NORDESTE,ANA SILVA,TELEVENDAS,PENDENTE
PED-03151,,MOUSE,,,0.20800000000000002,SUL,CARLA MENDES,REVENDEDOR,CONCLUÍDO
PED-09460,2024-12-25,MONITOR,,2533.0,0.107,SUL,BRUNO COSTA,REVENDEDOR,CONCLUÍDO
PED-05926,,TABLET,131,,0.0,SUDESTE,ELENA SOUZA,TELEVENDAS,CONCLUÍDO
PED-04804,2022-01-05,SMARTPHONE,,,0.0,NORTE,ELENA SOUZA,LOJA FÍSICA,EM ANÁLISE
PED-09045,2023-11-25,WEBCAM,63,,0.0,NORDESTE,BRUNO COSTA,REVENDEDOR,CANCELADO
PED-01292,2023-05-03,IMPRESSORA,184,9281.4,0.0,CENTRO-OESTE,ANA SILVA,LOJA FÍSICA,EM ANÁLISE
PED-06202,2024-01-25,NOTEBOOK,,7076.14,0.47700000000000004,SUL,ELENA SOUZA,LOJA FÍSICA,PENDENTE
PED-02046,2022-08-15,TABLET,208,2754.71,0.0,SUL,CARLA MENDES,REVENDEDOR,CONCLUÍDO
PED-08786,,HEADSET,200,4643.85,0.121,SUDESTE,BRUNO COSTA,REVENDEDOR,CONCLUÍDO
PED-07528,2023-01-11,TABLET,,,0.0,NORTE,ANA SILVA,ONLINE,EM ANÁLISE
PED-00712,2022-06-14,IMPRESSORA,,,0.075,CENTRO-OESTE,ELENA SOUZA,REVENDEDOR,CONCLUÍDO
PED-04334,2022-08-27,TECLADO,,864.2,0.061,SUL,ELENA SOUZA,TELEVENDAS,EM ANÁLISE
PED-09892,2023-07-22,IMPRESSORA,,,1.0,SUDESTE,CARLA MENDES,REVENDEDOR,PENDENTE
PED-05636,2023-07-01,TABLET,,11745.64,0.0,SUL,DIEGO LIMA,LOJA FÍSICA,CONCLUÍDO
PED-05882,2024-06-28,MONITOR,,,1.0,NORDESTE,ANA SILVA,ONLINE,PENDENTE
PED-01585,2022-10-19,MOUSE,,3261.88,0.0,SUL,DIEGO LIMA,LOJA FÍSICA,PENDENTE
PED-06225,,MONITOR,51,,0.14,NORDESTE,DIEGO LIMA,REVENDEDOR,PENDENTE
PED-01520,2024-04-06,NOTEBOOK,999999,121.65,1.0,SUDESTE,ANA SILVA,ONLINE,CONCLUÍDO
PED-01675,2024-07-16,SMARTPHONE,,13428.82,0.0,SUL,CARLA MENDES,TELEVENDAS,CANCELADO
PED-05515,,HEADSET,290,,0.0,NORTE,ANA SILVA,REVENDEDOR,CONCLUÍDO
PED-03528,2024-06-04,WEBCAM,468,10857.08,0.185,SUL,ANA SILVA,ONLINE,PENDENTE
PED-02548,2023-10-23,HD EXTERNO,113,2340.82,0.351,NORDESTE,CARLA MENDES,LOJA FÍSICA,PENDENTE
PED-04553,2024-08-06,HD EXTERNO,,,0.0,NORTE,ELENA SOUZA,ONLINE,CONCLUÍDO
PED-76669,2022-07-20,MOUSE,351,,0.0,NORDESTE,DIEGO LIMA,REVENDEDOR,CANCELADO
PED-06925,2022-03-05,SMARTPHONE,141,7957.0,0.0,NORTE,ELENA SOUZA,ONLINE,CONCLUÍDO
PED-02616,,NOTEBOOK,,,0.0,CENTRO-OESTE,BRUNO COSTA,LOJA FÍSICA,CONCLUÍDO
PED-00107,,HEADSET,179,,0.0,SUL,BRUNO COSTA,TELEVENDAS,EM ANÁLISE
PED-04558,2023-08-13,NOTEBOOK,,7067.0,0.12,CENTRO-OESTE,BRUNO COSTA,TELEVENDAS,CANCELADO
PED-09655,,HEADSET,172,8537.77,0.39399999999999996,CENTRO-OESTE,CARLA MENDES,TELEVENDAS,CONCLUÍDO
PED-07360,2022-03-22,MOUSE,,8295.0,0.34,NORDESTE,DIEGO LIMA,REVENDEDOR,CANCELADO
PED-03612,,IMPRESSORA,389,,0.0,NORDESTE,DIEGO LIMA,ONLINE,CANCELADO
PED-06874,2022-07-14,HD EXTERNO,418,,0.0,NORTE,CARLA MENDES,TELEVENDAS,EM ANÁLISE
PED-08929,,MOUSE,64,7834.84,0.0,NORTE,NAN,ONLINE,EM ANÁLISE
PED-03258,2022-11-10,WEBCAM,443,14314.02,0.073,SUL,DIEGO LIMA,TELEVENDAS,CONCLUÍDO
PED-09196,2024-04-24,HEADSET,429,,0.48100000000000004,NORTE,DIEGO LIMA,LOJA FÍSICA,EM ANÁLISE
PED-00435,,TABLET,115,11356.39,0.0,SUDESTE,ELENA SOUZA,LOJA FÍSICA,CONCLUÍDO
PED-09864,2024-02-12,MONITOR,,7620.83,0.0,SUL,DIEGO LIMA,TELEVENDAS,CONCLUÍDO
PED-08280,,MONITOR,420,,0.0,SUL,ELENA SOUZA,REVENDEDOR,CONCLUÍDO
PED-03812,,HEADSET,75,,0.271,NORTE,BRUNO COSTA,TELEVENDAS,PENDENTE
PED-03583,,SMARTPHONE,429,12879.65,0.279,NORTE,ANA SILVA,ONLINE,CONCLUÍDO
PED-01536,2024-06-14,HD EXTERNO,461,562.83,0.295,NORTE,ELENA SOUZA,LOJA FÍSICA,EM ANÁLISE
PED-00489,2022-01-01,TABLET,999999,4134.75,0.0,NORTE,ELENA SOUZA,REVENDEDOR,PENDENTE
PED-00521,2022-03-16,NOTEBOOK,428,14361.0,0.44,SUL,ELENA SOUZA,ONLINE,CONCLUÍDO
PED-06913,,TABLET,219,6157.18,0.5,SUL,DIEGO LIMA,TELEVENDAS,PENDENTE
PED-09675,,MONITOR,458,,0.245,SUL,DIEGO LIMA,LOJA FÍSICA,CANCELADO
PED-01425,,IMPRESSORA,,9939.22,0.243,SUL,BRUNO COSTA,REVENDEDOR,PENDENTE
PED-08936,,WEBCAM,,,0.0,NORDESTE,CARLA MENDES,LOJA FÍSICA,PENDENTE
PED-01680,2022-05-05,HEADSET,215,6413.79,0.10099999999999999,NORTE,BRUNO COSTA,LOJA FÍSICA,CANCELADO
PED-02287,,WEBCAM,183,1256.0,0.34299999999999997,SUDESTE,DIEGO LIMA,LOJA FÍSICA,CANCELADO
PED-03658,2022-08-27,TECLADO,389,8238.18,0.0,SUDESTE,DIEGO LIMA,REVENDEDOR,PENDENTE
PED-04013,2022-10-06,HD EXTERNO,,,0.0,NORTE,DIEGO LIMA,ONLINE,CONCLUÍDO
PED-04507,,HD EXTERNO,999999,,0.0,NORTE,ELENA SOUZA,REVENDEDOR,PENDENTE
PED-00410,2024-05-28,MOUSE,348,3322.81,0.0,NORDESTE,DIEGO LIMA,ONLINE,PENDENTE
PED-01825,,HEADSET,328,,0.385,NORTE,CARLA MENDES,REVENDEDOR,PENDENTE
